926edd7fc352944e00136403e5cafe7fe3695d10e37130b83db9dca05882ea4f dashboard-13469-deplosite.co [21/Mar/2022:13:56:26 +0000] 223.186.38.235 926edd7fc352944e00136403e5cafe7fe3695d10e37130b83db9dca05882ea4f XCYC317FRNXN4H86 REST.GET.WEBSITE - "GET /dashboard-13469-deplosite.co?website= HTTP/1.1" 200 - 242 - 21 18 "-" "S3Console/0.4, aws-internal/3 aws-sdk-java/1.11.1030 Linux/5.4.181-109.354.amzn2int.x86_64 OpenJDK_64-Bit_Server_VM/25.302-b08 java/1.8.0_302 vendor/Oracle_Corporation cfg/retry-mode/standard" - PDWVS2GTQpdJzz5jYzX+W1bLphFKO59X20LDBG+jt40NSPlXLRqoVrLI/GldRkA1pzam4EnDmwA= SigV4 ECDHE-RSA-AES128-GCM-SHA256 AuthHeader s3.ap-south-1.amazonaws.com TLSv1.2 -

926edd7fc352944e00136403e5cafe7fe3695d10e37130b83db9dca05882ea4f dashboard-13469-deplosite.co [21/Mar/2022:13:56:22 +0000] 223.186.38.235 926edd7fc352944e00136403e5cafe7fe3695d10e37130b83db9dca05882ea4f Q7CGAQ034B2QKMRR REST.GET.BUCKETPOLICY - "GET /?policy HTTP/1.1" 200 - 197 - 9 - "-" "S3Console/0.4, aws-internal/3 aws-sdk-java/1.11.1030 Linux/5.4.181-109.354.amzn2int.x86_64 OpenJDK_64-Bit_Server_VM/25.302-b08 java/1.8.0_302 vendor/Oracle_Corporation cfg/retry-mode/standard" - yVsp4BxaUEBVKn9JpsHcY1rz0bLlI1poEloSO2fT0PTdDIdAgmbLoslZQRvd3B8Y66w2+G9c7EI= SigV4 ECDHE-RSA-AES128-GCM-SHA256 AuthHeader dashboard-13469-deplosite.co.s3.ap-south-1.amazonaws.com TLSv1.2 -
926edd7fc352944e00136403e5cafe7fe3695d10e37130b83db9dca05882ea4f dashboard-13469-deplosite.co [21/Mar/2022:13:56:22 +0000] 223.186.38.235 926edd7fc352944e00136403e5cafe7fe3695d10e37130b83db9dca05882ea4f Q7CPYGE4C22VV6NK REST.GET.WEBSITE - "GET /?website HTTP/1.1" 200 - 242 - 12 10 "-" "S3Console/0.4, aws-internal/3 aws-sdk-java/1.11.1030 Linux/5.4.181-109.354.amzn2int.x86_64 OpenJDK_64-Bit_Server_VM/25.302-b08 java/1.8.0_302 vendor/Oracle_Corporation cfg/retry-mode/standard" - EpoxUBoN2nS7Xfgi1yuH60Z+751NWcgw7GE0oDiF+sL1nGf4/L1LZHvWxe6M/TzRK0XLsKyn9dY= SigV4 ECDHE-RSA-AES128-GCM-SHA256 AuthHeader dashboard-13469-deplosite.co.s3.ap-south-1.amazonaws.com TLSv1.2 -
926edd7fc352944e00136403e5cafe7fe3695d10e37130b83db9dca05882ea4f dashboard-13469-deplosite.co [21/Mar/2022:13:56:22 +0000] 223.186.38.235 926edd7fc352944e00136403e5cafe7fe3695d10e37130b83db9dca05882ea4f Q7CSEQWFWHZ2KGWM REST.GET.BUCKETVERSIONS - "GET /?versions&max-keys=1&encoding-type=url HTTP/1.1" 200 - 673 - 27 26 "-" "S3Console/0.4, aws-internal/3 aws-sdk-java/1.11.1030 Linux/5.4.181-109.354.amzn2int.x86_64 OpenJDK_64-Bit_Server_VM/25.302-b08 java/1.8.0_302 vendor/Oracle_Corporation cfg/retry-mode/standard" - x1//T9CElT1ZsTr8YmVE24mgAKfcwtmLEweOx2lwwHiBh+29W1oFNcnBU7/7Nn6G8HnbbB4NJjM= SigV4 ECDHE-RSA-AES128-GCM-SHA256 AuthHeader dashboard-13469-deplosite.co.s3.ap-south-1.amazonaws.com TLSv1.2 -

926edd7fc352944e00136403e5cafe7fe3695d10e37130b83db9dca05882ea4f dashboard-13469-deplosite.co [21/Mar/2022:13:56:26 +0000] 223.186.38.235 926edd7fc352944e00136403e5cafe7fe3695d10e37130b83db9dca05882ea4f XCYED9JKBZV39TJZ REST.GET.ENCRYPTION - "GET /dashboard-13469-deplosite.co?encryption= HTTP/1.1" 404 ServerSideEncryptionConfigurationNotFoundError 371 - 6 - "-" "S3Console/0.4, aws-internal/3 aws-sdk-java/1.11.1030 Linux/5.4.181-109.354.amzn2int.x86_64 OpenJDK_64-Bit_Server_VM/25.302-b08 java/1.8.0_302 vendor/Oracle_Corporation cfg/retry-mode/standard" - pBV5HBN+WuhPC9g4wiAysq7+s25PIK9vQEtR7ptl4gaJ3ITQWgjNDE8hfkXNiKfgLqB0Ibs7F/Q= SigV4 ECDHE-RSA-AES128-GCM-SHA256 AuthHeader s3.ap-south-1.amazonaws.com TLSv1.2 -

926edd7fc352944e00136403e5cafe7fe3695d10e37130b83db9dca05882ea4f dashboard-13469-deplosite.co [21/Mar/2022:13:56:26 +0000] 223.186.38.235 926edd7fc352944e00136403e5cafe7fe3695d10e37130b83db9dca05882ea4f XCY4NGGZ2YVJZKYY REST.GET.LOGGING_STATUS - "GET /dashboard-13469-deplosite.co?logging= HTTP/1.1" 200 - 267 - 15 - "-" "S3Console/0.4, aws-internal/3 aws-sdk-java/1.11.1030 Linux/5.4.181-109.354.amzn2int.x86_64 OpenJDK_64-Bit_Server_VM/25.302-b08 java/1.8.0_302 vendor/Oracle_Corporation cfg/retry-mode/standard" - 12nUmJhh4zROkxNnOWEw7YwUa8SZIIeYEsk9VoF2S4PyEe74NdeDkEzJsbKfOGHPmo/H9EUXeFc= SigV4 ECDHE-RSA-AES128-GCM-SHA256 AuthHeader s3.ap-south-1.amazonaws.com TLSv1.2 -

926edd7fc352944e00136403e5cafe7fe3695d10e37130b83db9dca05882ea4f dashboard-13469-deplosite.co [21/Mar/2022:13:42:37 +0000] 223.186.38.235 arn:aws:iam::144670637354:user/pulkit 2A00GHYMCH41X40A REST.PUT.OBJECT index.html "PUT /dashboard-13469-deplosite.co/index.html HTTP/1.1" 200 - - 26600 595 42 "-" "Boto3/1.21.18 Python/3.10.2 Windows/10 Botocore/1.24.18" - fH749zlFZX3FIoBAK9ESLTvEk9zpeldxmMUGLBuMRp5q5zwZi9iM7wcV7vGzEtFCNdQ3c0tlRlQ= SigV4 ECDHE-RSA-AES128-GCM-SHA256 AuthHeader s3.ap-south-1.amazonaws.com TLSv1.2 -

926edd7fc352944e00136403e5cafe7fe3695d10e37130b83db9dca05882ea4f dashboard-13469-deplosite.co [21/Mar/2022:13:56:18 +0000] 223.186.38.235 926edd7fc352944e00136403e5cafe7fe3695d10e37130b83db9dca05882ea4f VR9GWYR90NSHRHS8 REST.HEAD.BUCKET - "HEAD /dashboard-13469-deplosite.co HTTP/1.1" 200 - - - 19 18 "-" "S3Console/0.4, aws-internal/3 aws-sdk-java/1.11.1030 Linux/5.4.181-109.354.amzn2int.x86_64 OpenJDK_64-Bit_Server_VM/25.302-b08 java/1.8.0_302 vendor/Oracle_Corporation cfg/retry-mode/standard" - hdjen59oggMrXyEp8CK/0cdZh4RB+6AkBTg2uaEzI+18jjpgz0T1lWJYG6UXlj3ja4mMJN8ee40= SigV4 ECDHE-RSA-AES128-GCM-SHA256 AuthHeader s3.ap-south-1.amazonaws.com TLSv1.2 -

926edd7fc352944e00136403e5cafe7fe3695d10e37130b83db9dca05882ea4f dashboard-13469-deplosite.co [21/Mar/2022:13:56:26 +0000] 223.186.38.235 926edd7fc352944e00136403e5cafe7fe3695d10e37130b83db9dca05882ea4f XCYB8Y6WP072TQ9H REST.GET.REQUEST_PAYMENT - "GET /dashboard-13469-deplosite.co?requestPayment= HTTP/1.1" 200 - 172 - 17 - "-" "S3Console/0.4, aws-internal/3 aws-sdk-java/1.11.1030 Linux/5.4.181-109.354.amzn2int.x86_64 OpenJDK_64-Bit_Server_VM/25.302-b08 java/1.8.0_302 vendor/Oracle_Corporation cfg/retry-mode/standard" - M0Tu5usc+wRCJBJZHWwjxApcnsoQNq8Ouq4SHJAgtLjeRGvDZrCT2e6FsERiDW9PgEd13enhxhc= SigV4 ECDHE-RSA-AES128-GCM-SHA256 AuthHeader s3.ap-south-1.amazonaws.com TLSv1.2 -

926edd7fc352944e00136403e5cafe7fe3695d10e37130b83db9dca05882ea4f dashboard-13469-deplosite.co [21/Mar/2022:13:56:26 +0000] 223.186.38.235 926edd7fc352944e00136403e5cafe7fe3695d10e37130b83db9dca05882ea4f XCY3HQM570NFGG6T REST.GET.OBJECT_LOCK_CONFIGURATION - "GET /dashboard-13469-deplosite.co?object-lock= HTTP/1.1" 404 ObjectLockConfigurationNotFoundError 363 - 13 - "-" "S3Console/0.4, aws-internal/3 aws-sdk-java/1.11.1030 Linux/5.4.181-109.354.amzn2int.x86_64 OpenJDK_64-Bit_Server_VM/25.302-b08 java/1.8.0_302 vendor/Oracle_Corporation cfg/retry-mode/standard" - YqQOlbOlJDCEP9tg9fZwtG1ASOxcspHXvb10MtmzxOJMSkEI2Bim0CK72Lyw5FShFGDCwPVCbpg= SigV4 ECDHE-RSA-AES128-GCM-SHA256 AuthHeader s3.ap-south-1.amazonaws.com TLSv1.2 -

926edd7fc352944e00136403e5cafe7fe3695d10e37130b83db9dca05882ea4f dashboard-13469-deplosite.co [21/Mar/2022:13:56:22 +0000] 223.186.38.235 926edd7fc352944e00136403e5cafe7fe3695d10e37130b83db9dca05882ea4f Q7CJG272QPE1T72M REST.GET.VERSIONING - "GET /dashboard-13469-deplosite.co?versioning= HTTP/1.1" 200 - 113 - 16 - "-" "S3Console/0.4, aws-internal/3 aws-sdk-java/1.11.1030 Linux/5.4.181-109.354.amzn2int.x86_64 OpenJDK_64-Bit_Server_VM/25.302-b08 java/1.8.0_302 vendor/Oracle_Corporation cfg/retry-mode/standard" - EildHpK5yX4nDy+WNLSfECV/b3RjmL6TlscruuSExanGMADNNBUxdjzekA3ooz4zHx0gyOTZzM8= SigV4 ECDHE-RSA-AES128-GCM-SHA256 AuthHeader s3.ap-south-1.amazonaws.com TLSv1.2 -

926edd7fc352944e00136403e5cafe7fe3695d10e37130b83db9dca05882ea4f dashboard-13469-deplosite.co [21/Mar/2022:13:56:19 +0000] 223.186.38.235 926edd7fc352944e00136403e5cafe7fe3695d10e37130b83db9dca05882ea4f QNQ08Z2M3S0EQR0Q REST.GET.PUBLIC_ACCESS_BLOCK - "GET /?publicAccessBlock HTTP/1.1" 404 NoSuchPublicAccessBlockConfiguration 358 - 12 - "-" "S3Console/0.4, aws-internal/3 aws-sdk-java/1.11.1030 Linux/5.4.181-109.354.amzn2int.x86_64 OpenJDK_64-Bit_Server_VM/25.302-b08 java/1.8.0_302 vendor/Oracle_Corporation cfg/retry-mode/standard" - TzX/GVANgbfdsrAkQC66djnE09vJWh5L9UXH1D7Fo4kfJ3dktdZ7HLd1Vlvt+SBpZ1u+bvxU+hs= SigV4 ECDHE-RSA-AES128-GCM-SHA256 AuthHeader dashboard-13469-deplosite.co.s3.ap-south-1.amazonaws.com TLSv1.2 -
926edd7fc352944e00136403e5cafe7fe3695d10e37130b83db9dca05882ea4f dashboard-13469-deplosite.co [21/Mar/2022:13:56:19 +0000] 223.186.38.235 926edd7fc352944e00136403e5cafe7fe3695d10e37130b83db9dca05882ea4f QNQ3NVVTJ6DBD3CV REST.GET.POLICY_STATUS - "GET /?policyStatus HTTP/1.1" 200 - 141 - 5 - "-" "S3Console/0.4, aws-internal/3 aws-sdk-java/1.11.1030 Linux/5.4.181-109.354.amzn2int.x86_64 OpenJDK_64-Bit_Server_VM/25.302-b08 java/1.8.0_302 vendor/Oracle_Corporation cfg/retry-mode/standard" - Ubnc9QmFXCNg4iA4+JjL1JosNkirobT9IJgVc3Vn4+k1eGreMM5Mz0EWh8fMmc2/gi9jAQfZZiw= SigV4 ECDHE-RSA-AES128-GCM-SHA256 AuthHeader dashboard-13469-deplosite.co.s3.ap-south-1.amazonaws.com TLSv1.2 -
926edd7fc352944e00136403e5cafe7fe3695d10e37130b83db9dca05882ea4f dashboard-13469-deplosite.co [21/Mar/2022:13:56:19 +0000] 223.186.38.235 926edd7fc352944e00136403e5cafe7fe3695d10e37130b83db9dca05882ea4f QNQ4CXANY90MGS74 REST.GET.ACL - "GET /?acl HTTP/1.1" 200 - 480 - 7 - "-" "S3Console/0.4, aws-internal/3 aws-sdk-java/1.11.1030 Linux/5.4.181-109.354.amzn2int.x86_64 OpenJDK_64-Bit_Server_VM/25.302-b08 java/1.8.0_302 vendor/Oracle_Corporation cfg/retry-mode/standard" - Rp7IKrwN9OkKN4lokdSt+c6EYLCPabcEGyhwomht1ROABfEx4Su0LxFYlfFKbV4YB2uOSgCq5Vo= SigV4 ECDHE-RSA-AES128-GCM-SHA256 AuthHeader dashboard-13469-deplosite.co.s3.ap-south-1.amazonaws.com TLSv1.2 -

926edd7fc352944e00136403e5cafe7fe3695d10e37130b83db9dca05882ea4f dashboard-13469-deplosite.co [21/Mar/2022:13:56:31 +0000] 223.186.38.235 - HGGQ22KC8RK3RD2Z WEBSITE.GET.OBJECT index.html "GET / HTTP/1.1" 200 - 26600 26600 44 44 "-" "Mozilla/5.0 (Windows NT 10.0; Win64; x64) AppleWebKit/537.36 (KHTML, like Gecko) Chrome/99.0.4844.74 Safari/537.36 Edg/99.0.1150.46" - zWeSmYXdjQ+EzE+WupZoGqkvK4Yuo3AiYFp6jWLKM52rV0vMn/aEBAn5OW0I7c8S6AbyDdw7Gdw= - - - dashboard-13469-deplosite.co.s3-website.ap-south-1.amazonaws.com - -
926edd7fc352944e00136403e5cafe7fe3695d10e37130b83db9dca05882ea4f dashboard-13469-deplosite.co [21/Mar/2022:13:56:35 +0000] 223.186.38.235 - G3XEQR2J4Q3CPX08 WEBSITE.GET.OBJECT favicon.ico "GET /favicon.ico HTTP/1.1" 404 NoSuchKey 26600 26600 23 22 "http://dashboard-13469-deplosite.co.s3-website.ap-south-1.amazonaws.com/" "Mozilla/5.0 (Windows NT 10.0; Win64; x64) AppleWebKit/537.36 (KHTML, like Gecko) Chrome/99.0.4844.74 Safari/537.36 Edg/99.0.1150.46" - k6o0gZcW9yQKNd9Jacd11JG/HJ7xYyZorORmA4c1fdAq2O7Q24qaezAPNcb82v416Q+PXnrdstI= - - - dashboard-13469-deplosite.co.s3-website.ap-south-1.amazonaws.com - -

926edd7fc352944e00136403e5cafe7fe3695d10e37130b83db9dca05882ea4f dashboard-13469-deplosite.co [21/Mar/2022:13:56:26 +0000] 223.186.38.235 926edd7fc352944e00136403e5cafe7fe3695d10e37130b83db9dca05882ea4f XCYCH4BN804PAY8R REST.GET.TAGGING - "GET /dashboard-13469-deplosite.co?tagging= HTTP/1.1" 404 NoSuchTagSet 308 - 21 - "-" "S3Console/0.4, aws-internal/3 aws-sdk-java/1.11.1030 Linux/5.4.181-109.354.amzn2int.x86_64 OpenJDK_64-Bit_Server_VM/25.302-b08 java/1.8.0_302 vendor/Oracle_Corporation cfg/retry-mode/standard" - G1GVp4rsCvRw8qQUV4sGXDtDY1eftExkON50JH3lSpz5N/ZxiXCJ+2328XHPkpnptpMhO+k17cM= SigV4 ECDHE-RSA-AES128-GCM-SHA256 AuthHeader s3.ap-south-1.amazonaws.com TLSv1.2 -

926edd7fc352944e00136403e5cafe7fe3695d10e37130b83db9dca05882ea4f dashboard-13469-deplosite.co [21/Mar/2022:13:56:22 +0000] 223.186.38.235 926edd7fc352944e00136403e5cafe7fe3695d10e37130b83db9dca05882ea4f Q7CQ10XV6ACF80A5 REST.GET.OWNERSHIP_CONTROLS - "GET /dashboard-13469-deplosite.co?ownershipControls= HTTP/1.1" 404 OwnershipControlsNotFoundError 306 - 79 78 "-" "S3Console/0.4, aws-internal/3 aws-sdk-java/1.11.1030 Linux/5.4.181-109.354.amzn2int.x86_64 OpenJDK_64-Bit_Server_VM/25.302-b08 java/1.8.0_302 vendor/Oracle_Corporation cfg/retry-mode/standard" - RBuydj4YosGGwGTFVCx+rRnKHA3SA5ddWEOQxB1SwUyPh5GnrqWVkSMGCY3OJ0wYhpqFbPiIVWs= SigV4 ECDHE-RSA-AES128-GCM-SHA256 AuthHeader s3.ap-south-1.amazonaws.com TLSv1.2 -
926edd7fc352944e00136403e5cafe7fe3695d10e37130b83db9dca05882ea4f dashboard-13469-deplosite.co [21/Mar/2022:13:56:26 +0000] 223.186.38.235 926edd7fc352944e00136403e5cafe7fe3695d10e37130b83db9dca05882ea4f XCY96NKGF5WV0833 REST.GET.INTELLIGENT_TIERING - "GET /dashboard-13469-deplosite.co?intelligent-tiering= HTTP/1.1" 200 - 169 - 28 - "-" "S3Console/0.4, aws-internal/3 aws-sdk-java/1.11.1030 Linux/5.4.181-109.354.amzn2int.x86_64 OpenJDK_64-Bit_Server_VM/25.302-b08 java/1.8.0_302 vendor/Oracle_Corporation cfg/retry-mode/standard" - oxMiDmMed+TGMH5/Ba3n3VOzdtWU+xrjBEqe7DbbsVkYZwz5wM93pSg26hEaCUAD0NUUE1sBNN4= SigV4 ECDHE-RSA-AES128-GCM-SHA256 AuthHeader s3.ap-south-1.amazonaws.com TLSv1.2 -

926edd7fc352944e00136403e5cafe7fe3695d10e37130b83db9dca05882ea4f dashboard-13469-deplosite.co [21/Mar/2022:13:56:26 +0000] 223.186.38.235 926edd7fc352944e00136403e5cafe7fe3695d10e37130b83db9dca05882ea4f XCY420QMVZZC0N6F REST.GET.ACCELERATE - "GET /dashboard-13469-deplosite.co?accelerate= HTTP/1.1" 200 - 113 - 17 - "-" "S3Console/0.4, aws-internal/3 aws-sdk-java/1.11.1030 Linux/5.4.181-109.354.amzn2int.x86_64 OpenJDK_64-Bit_Server_VM/25.302-b08 java/1.8.0_302 vendor/Oracle_Corporation cfg/retry-mode/standard" - 5XwbMi3xhfZJvXtrCjzuGtk0iFfEG85yz0h2aL8+Nc6EW+5mjIPyO6ZCSzcH+6ZqHkGyZlPnsU8= SigV4 ECDHE-RSA-AES128-GCM-SHA256 AuthHeader s3.ap-south-1.amazonaws.com TLSv1.2 -

926edd7fc352944e00136403e5cafe7fe3695d10e37130b83db9dca05882ea4f dashboard-13469-deplosite.co [21/Mar/2022:13:56:26 +0000] 223.186.38.235 926edd7fc352944e00136403e5cafe7fe3695d10e37130b83db9dca05882ea4f XCY9Y69KCVTK1YWW REST.GET.VERSIONING - "GET /dashboard-13469-deplosite.co?versioning= HTTP/1.1" 200 - 113 - 18 - "-" "S3Console/0.4, aws-internal/3 aws-sdk-java/1.11.1030 Linux/5.4.181-109.354.amzn2int.x86_64 OpenJDK_64-Bit_Server_VM/25.302-b08 java/1.8.0_302 vendor/Oracle_Corporation cfg/retry-mode/standard" - +IMPMQo0EubdCz16sOZ+8JGAbuMptm03Thti5Wtqqb3hpyU7BpQ/9MdcKjob8ccWH0Zaov2xVwA= SigV4 ECDHE-RSA-AES128-GCM-SHA256 AuthHeader s3.ap-south-1.amazonaws.com TLSv1.2 -

926edd7fc352944e00136403e5cafe7fe3695d10e37130b83db9dca05882ea4f dashboard-13469-deplosite.co [21/Mar/2022:13:42:36 +0000] 223.186.38.235 arn:aws:iam::144670637354:user/pulkit HS8QXRZRM234ZH65 REST.PUT.LOGGING_STATUS - "PUT /dashboard-13469-deplosite.co?logging HTTP/1.1" 200 - - - 386 - "-" "Boto3/1.21.18 Python/3.10.2 Windows/10 Botocore/1.24.18 Resource" - DGoQOPeXiXcbCC3UjRRlxJxsBmXPQsqWssUV4tLG01ECoVfkyzDPjPbzXrE9gR/IvOX+bW0rLCY= SigV4 ECDHE-RSA-AES128-GCM-SHA256 AuthHeader s3.ap-south-1.amazonaws.com TLSv1.2 -

926edd7fc352944e00136403e5cafe7fe3695d10e37130b83db9dca05882ea4f dashboard-13469-deplosite.co [21/Mar/2022:13:56:26 +0000] 223.186.38.235 926edd7fc352944e00136403e5cafe7fe3695d10e37130b83db9dca05882ea4f XCY0DGFYZ6ZTJ3KJ REST.GET.NOTIFICATION - "GET /dashboard-13469-deplosite.co?notification= HTTP/1.1" 200 - 115 - 8 - "-" "S3Console/0.4, aws-internal/3 aws-sdk-java/1.11.1030 Linux/5.4.181-109.354.amzn2int.x86_64 OpenJDK_64-Bit_Server_VM/25.302-b08 java/1.8.0_302 vendor/Oracle_Corporation cfg/retry-mode/standard" - xlC2rsZtiVH0aWJ3e5hWjRTFqLGGaJHEj20vrW46yLFichGXaIuAmXNcUTTlvMJxYNUE02jCve0= SigV4 ECDHE-RSA-AES128-GCM-SHA256 AuthHeader s3.ap-south-1.amazonaws.com TLSv1.2 -

926edd7fc352944e00136403e5cafe7fe3695d10e37130b83db9dca05882ea4f dashboard-13469-deplosite.co [21/Mar/2022:13:56:22 +0000] 223.186.38.235 926edd7fc352944e00136403e5cafe7fe3695d10e37130b83db9dca05882ea4f Q7CX2X01E041H2XB REST.GET.BUCKET - "GET /dashboard-13469-deplosite.co?list-type=2&encoding-type=url&max-keys=1000&fetch-owner=true&delimiter=%2F&prefix= HTTP/1.1" 200 - 610 - 26 25 "-" "S3Console/0.4, aws-internal/3 aws-sdk-java/1.11.1030 Linux/5.4.181-109.354.amzn2int.x86_64 OpenJDK_64-Bit_Server_VM/25.302-b08 java/1.8.0_302 vendor/Oracle_Corporation cfg/retry-mode/standard" - vrrdoOYrUKHNArTeQ7Vehr+x/BASrwmyphj4VAbJhvk+oqF0iTGifK4pN4bDRCieEQNjyIhb+84= SigV4 ECDHE-RSA-AES128-GCM-SHA256 AuthHeader s3.ap-south-1.amazonaws.com TLSv1.2 -

926edd7fc352944e00136403e5cafe7fe3695d10e37130b83db9dca05882ea4f dashboard-13469-deplosite.co [21/Mar/2022:14:06:20 +0000] 223.186.38.235 926edd7fc352944e00136403e5cafe7fe3695d10e37130b83db9dca05882ea4f TMBZFAB3HSK83PY7 REST.GET.LOGGING_STATUS - "GET /dashboard-13469-deplosite.co?logging= HTTP/1.1" 200 - 267 - 14 - "-" "S3Console/0.4, aws-internal/3 aws-sdk-java/1.11.1030 Linux/5.4.181-109.354.amzn2int.x86_64 OpenJDK_64-Bit_Server_VM/25.302-b08 java/1.8.0_302 vendor/Oracle_Corporation cfg/retry-mode/standard" - NllCArkFuBp6IoYvFunNp//W6+zdj2JMtQQYhsP7RsxeEFwOEWLDhmIA5ipOxlLaWoTDfb9Hypg= SigV4 ECDHE-RSA-AES128-GCM-SHA256 AuthHeader s3.ap-south-1.amazonaws.com TLSv1.2 -

926edd7fc352944e00136403e5cafe7fe3695d10e37130b83db9dca05882ea4f dashboard-13469-deplosite.co [21/Mar/2022:14:09:09 +0000] 223.186.38.235 926edd7fc352944e00136403e5cafe7fe3695d10e37130b83db9dca05882ea4f HRM0DGV95XR0PC7M REST.GET.PUBLIC_ACCESS_BLOCK - "GET /dashboard-13469-deplosite.co?publicAccessBlock= HTTP/1.1" 404 NoSuchPublicAccessBlockConfiguration 358 - 15 - "-" "S3Console/0.4, aws-internal/3 aws-sdk-java/1.11.1030 Linux/5.4.181-109.354.amzn2int.x86_64 OpenJDK_64-Bit_Server_VM/25.302-b08 java/1.8.0_302 vendor/Oracle_Corporation cfg/retry-mode/standard" - HLdBpYj6rTxnf9MPG98o4BK2iN5EpnZWMGsDiHLEaK98AO9BCKoYBbpzxk4Jekado5V0xqq6GAk= SigV4 ECDHE-RSA-AES128-GCM-SHA256 AuthHeader s3.ap-south-1.amazonaws.com TLSv1.2 -
926edd7fc352944e00136403e5cafe7fe3695d10e37130b83db9dca05882ea4f dashboard-13469-deplosite.co [21/Mar/2022:14:09:09 +0000] 223.186.38.235 926edd7fc352944e00136403e5cafe7fe3695d10e37130b83db9dca05882ea4f HRM67DMR7JF8QWNJ REST.GET.CORS - "GET /dashboard-13469-deplosite.co?cors= HTTP/1.1" 404 NoSuchCORSConfiguration 331 - 4 - "-" "S3Console/0.4, aws-internal/3 aws-sdk-java/1.11.1030 Linux/5.4.181-109.354.amzn2int.x86_64 OpenJDK_64-Bit_Server_VM/25.302-b08 java/1.8.0_302 vendor/Oracle_Corporation cfg/retry-mode/standard" - DS7Xcl1y64lHLInmoQQgTuMo6c0GHDiuPTD8B1cEX3qBDHxwcQg+bIh3uEDMr+/Vio8Y06pIhjw= SigV4 ECDHE-RSA-AES128-GCM-SHA256 AuthHeader s3.ap-south-1.amazonaws.com TLSv1.2 -

926edd7fc352944e00136403e5cafe7fe3695d10e37130b83db9dca05882ea4f dashboard-13469-deplosite.co [21/Mar/2022:14:08:55 +0000] 223.186.38.235 926edd7fc352944e00136403e5cafe7fe3695d10e37130b83db9dca05882ea4f XH03D13VDRDKPYV9 REST.GET.OBJECT_LOCK_CONFIGURATION - "GET /dashboard-13469-deplosite.co?object-lock= HTTP/1.1" 404 ObjectLockConfigurationNotFoundError 363 - 14 - "-" "S3Console/0.4, aws-internal/3 aws-sdk-java/1.11.1030 Linux/5.4.181-109.354.amzn2int.x86_64 OpenJDK_64-Bit_Server_VM/25.302-b08 java/1.8.0_302 vendor/Oracle_Corporation cfg/retry-mode/standard" - bW9JX+czdIY1Lgj24wBxy29C6nYCELBCNmvO+lmjwDZUqTfSzbz4G5Arq/sCXvpntqWvAxSeBxk= SigV4 ECDHE-RSA-AES128-GCM-SHA256 AuthHeader s3.ap-south-1.amazonaws.com TLSv1.2 -

926edd7fc352944e00136403e5cafe7fe3695d10e37130b83db9dca05882ea4f dashboard-13469-deplosite.co [21/Mar/2022:14:06:20 +0000] 223.186.38.235 926edd7fc352944e00136403e5cafe7fe3695d10e37130b83db9dca05882ea4f TMBKMH6G22PJQEA3 REST.GET.VERSIONING - "GET /dashboard-13469-deplosite.co?versioning= HTTP/1.1" 200 - 113 - 15 - "-" "S3Console/0.4, aws-internal/3 aws-sdk-java/1.11.1030 Linux/5.4.181-109.354.amzn2int.x86_64 OpenJDK_64-Bit_Server_VM/25.302-b08 java/1.8.0_302 vendor/Oracle_Corporation cfg/retry-mode/standard" - DlLQzwpUOTeociQArJVJYYtdYgFLW+9ICQ458a7gqS8JpB699B6ghrbK4tPgjQ4BSbqxB+qbWeU= SigV4 ECDHE-RSA-AES128-GCM-SHA256 AuthHeader s3.ap-south-1.amazonaws.com TLSv1.2 -

926edd7fc352944e00136403e5cafe7fe3695d10e37130b83db9dca05882ea4f dashboard-13469-deplosite.co [21/Mar/2022:14:09:02 +0000] 223.186.38.235 926edd7fc352944e00136403e5cafe7fe3695d10e37130b83db9dca05882ea4f BZDH22K6XADM5S3Z REST.GET.LOGGING_STATUS - "GET /dashboard-13469-deplosite.co?logging= HTTP/1.1" 200 - 267 - 17 - "-" "S3Console/0.4, aws-internal/3 aws-sdk-java/1.11.1030 Linux/5.4.181-109.354.amzn2int.x86_64 OpenJDK_64-Bit_Server_VM/25.302-b08 java/1.8.0_302 vendor/Oracle_Corporation cfg/retry-mode/standard" - C5UJpg4FGPWAIr2wdKq0MI1puoAWZETZakZd8ZgArh/Rur00k799GZAjgFwBIrDhrXr6hDwjqPc= SigV4 ECDHE-RSA-AES128-GCM-SHA256 AuthHeader s3.ap-south-1.amazonaws.com TLSv1.2 -

926edd7fc352944e00136403e5cafe7fe3695d10e37130b83db9dca05882ea4f dashboard-13469-deplosite.co [21/Mar/2022:14:01:43 +0000] 13.56.138.135 - C8BC08R0J0D058DG WEBSITE.GET.OBJECT index.html "GET / HTTP/1.1" 200 - 26600 26600 47 46 "-" "Mozilla/5.0 (X11; Linux x86_64) AppleWebKit/537.36 (KHTML, like Gecko) Chrome/91.0.4469.0 Safari/537.36" - lqPlyHLbwfFib05jby4If0M95DH1mTabsNhDwBPQZjCCApTqz7Q+5ribOLPmY39j0W9i0BEDKQk= - - - dashboard-13469-deplosite.co.s3-website.ap-south-1.amazonaws.com - -

926edd7fc352944e00136403e5cafe7fe3695d10e37130b83db9dca05882ea4f dashboard-13469-deplosite.co [21/Mar/2022:14:10:37 +0000] 223.186.38.235 926edd7fc352944e00136403e5cafe7fe3695d10e37130b83db9dca05882ea4f 65K5W9TQXP2S0ZHY REST.GET.WEBSITE - "GET /?website HTTP/1.1" 200 - 242 - 11 8 "-" "S3Console/0.4, aws-internal/3 aws-sdk-java/1.11.1030 Linux/5.4.181-109.354.amzn2int.x86_64 OpenJDK_64-Bit_Server_VM/25.302-b08 java/1.8.0_302 vendor/Oracle_Corporation cfg/retry-mode/standard" - h6nfJ5ZeKSnARLL00kKKInH+C1qyOQ4niC79TCGpne3LB364hZISbEj9D5jqmpGXRamLUpIjdfI= SigV4 ECDHE-RSA-AES128-GCM-SHA256 AuthHeader dashboard-13469-deplosite.co.s3.ap-south-1.amazonaws.com TLSv1.2 -
926edd7fc352944e00136403e5cafe7fe3695d10e37130b83db9dca05882ea4f dashboard-13469-deplosite.co [21/Mar/2022:14:10:37 +0000] 223.186.38.235 926edd7fc352944e00136403e5cafe7fe3695d10e37130b83db9dca05882ea4f 65K7VBTZZAW8DXHH REST.GET.BUCKETPOLICY - "GET /?policy HTTP/1.1" 200 - 197 - 9 - "-" "S3Console/0.4, aws-internal/3 aws-sdk-java/1.11.1030 Linux/5.4.181-109.354.amzn2int.x86_64 OpenJDK_64-Bit_Server_VM/25.302-b08 java/1.8.0_302 vendor/Oracle_Corporation cfg/retry-mode/standard" - nDUmCgHGa9TIYJXVmHKQ7+hMmeqR57Vro4pyMBt3iXD8jDncSYdNNLRkRfbG3u+afdGoZKhm1CI= SigV4 ECDHE-RSA-AES128-GCM-SHA256 AuthHeader dashboard-13469-deplosite.co.s3.ap-south-1.amazonaws.com TLSv1.2 -
926edd7fc352944e00136403e5cafe7fe3695d10e37130b83db9dca05882ea4f dashboard-13469-deplosite.co [21/Mar/2022:14:10:37 +0000] 223.186.38.235 926edd7fc352944e00136403e5cafe7fe3695d10e37130b83db9dca05882ea4f 65KBX2QBGM6PWTXJ REST.GET.BUCKETVERSIONS - "GET /?versions&max-keys=1&encoding-type=url HTTP/1.1" 200 - 673 - 23 22 "-" "S3Console/0.4, aws-internal/3 aws-sdk-java/1.11.1030 Linux/5.4.181-109.354.amzn2int.x86_64 OpenJDK_64-Bit_Server_VM/25.302-b08 java/1.8.0_302 vendor/Oracle_Corporation cfg/retry-mode/standard" - AXCZJ1bJcOtTj8lztRKrhOmf6lxnJsTlvu8m2tbZIxgvwD1oZOg/d+o9VKchzawpoSbWQbdyBdE= SigV4 ECDHE-RSA-AES128-GCM-SHA256 AuthHeader dashboard-13469-deplosite.co.s3.ap-south-1.amazonaws.com TLSv1.2 -

926edd7fc352944e00136403e5cafe7fe3695d10e37130b83db9dca05882ea4f dashboard-13469-deplosite.co [21/Mar/2022:14:08:49 +0000] 223.186.38.235 926edd7fc352944e00136403e5cafe7fe3695d10e37130b83db9dca05882ea4f EBX639KNQK1AJFK3 REST.GET.BUCKETPOLICY - "GET /?policy HTTP/1.1" 200 - 197 - 10 - "-" "S3Console/0.4, aws-internal/3 aws-sdk-java/1.11.1030 Linux/5.4.181-109.354.amzn2int.x86_64 OpenJDK_64-Bit_Server_VM/25.302-b08 java/1.8.0_302 vendor/Oracle_Corporation cfg/retry-mode/standard" - ftWeQ6h1W1dNOmTJYssKSWOgRvJ5KNvais/d/6bZeXAC6FYJB21opiUSkaav+Ov71loLR3Q4xVE= SigV4 ECDHE-RSA-AES128-GCM-SHA256 AuthHeader dashboard-13469-deplosite.co.s3.ap-south-1.amazonaws.com TLSv1.2 -
926edd7fc352944e00136403e5cafe7fe3695d10e37130b83db9dca05882ea4f dashboard-13469-deplosite.co [21/Mar/2022:14:08:49 +0000] 223.186.38.235 926edd7fc352944e00136403e5cafe7fe3695d10e37130b83db9dca05882ea4f EBXFHW6TSE1GYYB7 REST.GET.WEBSITE - "GET /?website HTTP/1.1" 200 - 242 - 9 6 "-" "S3Console/0.4, aws-internal/3 aws-sdk-java/1.11.1030 Linux/5.4.181-109.354.amzn2int.x86_64 OpenJDK_64-Bit_Server_VM/25.302-b08 java/1.8.0_302 vendor/Oracle_Corporation cfg/retry-mode/standard" - 6ZlONTxrHo2uZW4p53WSBcSYRbfafxWoZAFhr8+05UMtkDiFPxJBeBbUWp5vxA6pCpaU6vGQOKY= SigV4 ECDHE-RSA-AES128-GCM-SHA256 AuthHeader dashboard-13469-deplosite.co.s3.ap-south-1.amazonaws.com TLSv1.2 -
926edd7fc352944e00136403e5cafe7fe3695d10e37130b83db9dca05882ea4f dashboard-13469-deplosite.co [21/Mar/2022:14:08:49 +0000] 223.186.38.235 926edd7fc352944e00136403e5cafe7fe3695d10e37130b83db9dca05882ea4f EBXFPRKHKRAMTQ3G REST.GET.BUCKETVERSIONS - "GET /?versions&max-keys=1&encoding-type=url HTTP/1.1" 200 - 673 - 27 26 "-" "S3Console/0.4, aws-internal/3 aws-sdk-java/1.11.1030 Linux/5.4.181-109.354.amzn2int.x86_64 OpenJDK_64-Bit_Server_VM/25.302-b08 java/1.8.0_302 vendor/Oracle_Corporation cfg/retry-mode/standard" - +L2oO/yGwUk/fCZApM9Sjbs9ZLeGC4nbRNMfpeoYFOmfSpF0vs11ExSYEzfQ7fLR7wNH6bRnA9Y= SigV4 ECDHE-RSA-AES128-GCM-SHA256 AuthHeader dashboard-13469-deplosite.co.s3.ap-south-1.amazonaws.com TLSv1.2 -

926edd7fc352944e00136403e5cafe7fe3695d10e37130b83db9dca05882ea4f dashboard-13469-deplosite.co [21/Mar/2022:14:44:19 +0000] 43.247.159.8 926edd7fc352944e00136403e5cafe7fe3695d10e37130b83db9dca05882ea4f 71PYSDEBKSNJRZY0 REST.HEAD.BUCKET - "HEAD /dashboard-13469-deplosite.co HTTP/1.1" 200 - - - 14 13 "-" "S3Console/0.4, aws-internal/3 aws-sdk-java/1.11.1030 Linux/5.4.181-109.354.amzn2int.x86_64 OpenJDK_64-Bit_Server_VM/25.302-b08 java/1.8.0_302 vendor/Oracle_Corporation cfg/retry-mode/standard" - vQqSTPRVd0Rqpftsdqe2cqwgsyjvyytyXcW+TmHvfTRAZ+rp2rOICGr3bHCH1HY2U9aznsglAEY= SigV4 ECDHE-RSA-AES128-GCM-SHA256 AuthHeader s3.ap-south-1.amazonaws.com TLSv1.2 -

926edd7fc352944e00136403e5cafe7fe3695d10e37130b83db9dca05882ea4f dashboard-13469-deplosite.co [21/Mar/2022:14:08:49 +0000] 223.186.38.235 926edd7fc352944e00136403e5cafe7fe3695d10e37130b83db9dca05882ea4f EBXF5XEHSP7XBASB REST.GET.OWNERSHIP_CONTROLS - "GET /dashboard-13469-deplosite.co?ownershipControls= HTTP/1.1" 404 OwnershipControlsNotFoundError 306 - 62 61 "-" "S3Console/0.4, aws-internal/3 aws-sdk-java/1.11.1030 Linux/5.4.181-109.354.amzn2int.x86_64 OpenJDK_64-Bit_Server_VM/25.302-b08 java/1.8.0_302 vendor/Oracle_Corporation cfg/retry-mode/standard" - vfeaS3up8UpMQowVsqeAPSNsDkalP706XQP5V80hu4qPAnb0Cru0NgY4UjPYObcUu8W5jC7pqtg= SigV4 ECDHE-RSA-AES128-GCM-SHA256 AuthHeader s3.ap-south-1.amazonaws.com TLSv1.2 -

926edd7fc352944e00136403e5cafe7fe3695d10e37130b83db9dca05882ea4f dashboard-13469-deplosite.co [21/Mar/2022:14:08:54 +0000] 223.186.38.235 926edd7fc352944e00136403e5cafe7fe3695d10e37130b83db9dca05882ea4f 5MG152RG165CCGZR REST.GET.LOGGING_STATUS - "GET /dashboard-13469-deplosite.co?logging= HTTP/1.1" 200 - 267 - 18 - "-" "S3Console/0.4, aws-internal/3 aws-sdk-java/1.11.1030 Linux/5.4.181-109.354.amzn2int.x86_64 OpenJDK_64-Bit_Server_VM/25.302-b08 java/1.8.0_302 vendor/Oracle_Corporation cfg/retry-mode/standard" - VwsP+GywbdvrId3TLvohlZ12OWg6LX/xFkj68zGfCB5zbomRKK1eLPZDWuesLKPTPwScuH1bFIU= SigV4 ECDHE-RSA-AES128-GCM-SHA256 AuthHeader s3.ap-south-1.amazonaws.com TLSv1.2 -
926edd7fc352944e00136403e5cafe7fe3695d10e37130b83db9dca05882ea4f dashboard-13469-deplosite.co [21/Mar/2022:14:08:55 +0000] 223.186.38.235 926edd7fc352944e00136403e5cafe7fe3695d10e37130b83db9dca05882ea4f XH01YQR4HX1FM6XF REST.GET.WEBSITE - "GET /dashboard-13469-deplosite.co?website= HTTP/1.1" 200 - 242 - 13 11 "-" "S3Console/0.4, aws-internal/3 aws-sdk-java/1.11.1030 Linux/5.4.181-109.354.amzn2int.x86_64 OpenJDK_64-Bit_Server_VM/25.302-b08 java/1.8.0_302 vendor/Oracle_Corporation cfg/retry-mode/standard" - ObT3e8lhvmUBn/DHiAoKMDV5NPT6eRx4T3gDmqf/WC/swhamhbqld5JJj9IX1eyBgBgEGAEhvLg= SigV4 ECDHE-RSA-AES128-GCM-SHA256 AuthHeader s3.ap-south-1.amazonaws.com TLSv1.2 -

926edd7fc352944e00136403e5cafe7fe3695d10e37130b83db9dca05882ea4f dashboard-13469-deplosite.co [21/Mar/2022:14:10:40 +0000] 223.186.38.235 926edd7fc352944e00136403e5cafe7fe3695d10e37130b83db9dca05882ea4f 0PC7PZGMAKZKKGBR REST.GET.INTELLIGENT_TIERING - "GET /dashboard-13469-deplosite.co?intelligent-tiering= HTTP/1.1" 200 - 169 - 39 - "-" "S3Console/0.4, aws-internal/3 aws-sdk-java/1.11.1030 Linux/5.4.181-109.354.amzn2int.x86_64 OpenJDK_64-Bit_Server_VM/25.302-b08 java/1.8.0_302 vendor/Oracle_Corporation cfg/retry-mode/standard" - 0c65jOBmEAd+m2vRx0Os7sPmc4CeX5YyBeuat2vRB4DhILrcK1xw0J3Xn+Agz+edcK+vE+XdrfY= SigV4 ECDHE-RSA-AES128-GCM-SHA256 AuthHeader s3.ap-south-1.amazonaws.com TLSv1.2 -

926edd7fc352944e00136403e5cafe7fe3695d10e37130b83db9dca05882ea4f dashboard-13469-deplosite.co [21/Mar/2022:14:08:54 +0000] 223.186.38.235 926edd7fc352944e00136403e5cafe7fe3695d10e37130b83db9dca05882ea4f 5MG38YA0XTN4Z6A5 REST.GET.NOTIFICATION - "GET /dashboard-13469-deplosite.co?notification= HTTP/1.1" 200 - 115 - 15 - "-" "S3Console/0.4, aws-internal/3 aws-sdk-java/1.11.1030 Linux/5.4.181-109.354.amzn2int.x86_64 OpenJDK_64-Bit_Server_VM/25.302-b08 java/1.8.0_302 vendor/Oracle_Corporation cfg/retry-mode/standard" - XI3q/Oba6dQivekMcTxtjRKrLi9fw/14EmMoG1LY/bZQOz5kQnlvse8In0FGlL07pM6Gf49Ah2mjxO5FsdsYNQ== SigV4 ECDHE-RSA-AES128-GCM-SHA256 AuthHeader s3.ap-south-1.amazonaws.com TLSv1.2 -

926edd7fc352944e00136403e5cafe7fe3695d10e37130b83db9dca05882ea4f dashboard-13469-deplosite.co [21/Mar/2022:14:10:40 +0000] 223.186.38.235 926edd7fc352944e00136403e5cafe7fe3695d10e37130b83db9dca05882ea4f 0PCDKADK7WQX33WD REST.GET.WEBSITE - "GET /dashboard-13469-deplosite.co?website= HTTP/1.1" 200 - 242 - 21 17 "-" "S3Console/0.4, aws-internal/3 aws-sdk-java/1.11.1030 Linux/5.4.181-109.354.amzn2int.x86_64 OpenJDK_64-Bit_Server_VM/25.302-b08 java/1.8.0_302 vendor/Oracle_Corporation cfg/retry-mode/standard" - yE5jtvAXXkEtVwmbeAsGOtx5VhA44uLHe9GrPizXBVXYyStL2GxwhQGgqO5bVTnSTrwTs/37GTg= SigV4 ECDHE-RSA-AES128-GCM-SHA256 AuthHeader s3.ap-south-1.amazonaws.com TLSv1.2 -

926edd7fc352944e00136403e5cafe7fe3695d10e37130b83db9dca05882ea4f dashboard-13469-deplosite.co [21/Mar/2022:14:08:55 +0000] 223.186.38.235 926edd7fc352944e00136403e5cafe7fe3695d10e37130b83db9dca05882ea4f XH01X0N3XCHQSV9Z REST.GET.ACCELERATE - "GET /dashboard-13469-deplosite.co?accelerate= HTTP/1.1" 200 - 113 - 15 - "-" "S3Console/0.4, aws-internal/3 aws-sdk-java/1.11.1030 Linux/5.4.181-109.354.amzn2int.x86_64 OpenJDK_64-Bit_Server_VM/25.302-b08 java/1.8.0_302 vendor/Oracle_Corporation cfg/retry-mode/standard" - F8ddshbBmaJl+xbOj5R8cWalrTeKI/BWdD/EWcpx34NyskuTTpSRbIMrSJAezrDB9EjuHoyA0eg= SigV4 ECDHE-RSA-AES128-GCM-SHA256 AuthHeader s3.ap-south-1.amazonaws.com TLSv1.2 -

926edd7fc352944e00136403e5cafe7fe3695d10e37130b83db9dca05882ea4f dashboard-13469-deplosite.co [21/Mar/2022:14:09:09 +0000] 223.186.38.235 926edd7fc352944e00136403e5cafe7fe3695d10e37130b83db9dca05882ea4f HRMAPEDPTBN4FWF0 REST.GET.OWNERSHIP_CONTROLS - "GET /dashboard-13469-deplosite.co?ownershipControls= HTTP/1.1" 404 OwnershipControlsNotFoundError 306 - 79 78 "-" "S3Console/0.4, aws-internal/3 aws-sdk-java/1.11.1030 Linux/5.4.181-109.354.amzn2int.x86_64 OpenJDK_64-Bit_Server_VM/25.302-b08 java/1.8.0_302 vendor/Oracle_Corporation cfg/retry-mode/standard" - 0r4NcIYSWDsvIvxXWCQWdqfH5Ov1+8MlJkzuA/5hflpSh68Nq4Cl7t8XgG5AeHaqjKmcbbZxj3Y= SigV4 ECDHE-RSA-AES128-GCM-SHA256 AuthHeader s3.ap-south-1.amazonaws.com TLSv1.2 -

926edd7fc352944e00136403e5cafe7fe3695d10e37130b83db9dca05882ea4f dashboard-13469-deplosite.co [21/Mar/2022:14:08:54 +0000] 223.186.38.235 926edd7fc352944e00136403e5cafe7fe3695d10e37130b83db9dca05882ea4f 5MG4WYM76NJ4C8MQ REST.GET.INTELLIGENT_TIERING - "GET /dashboard-13469-deplosite.co?intelligent-tiering= HTTP/1.1" 200 - 169 - 37 - "-" "S3Console/0.4, aws-internal/3 aws-sdk-java/1.11.1030 Linux/5.4.181-109.354.amzn2int.x86_64 OpenJDK_64-Bit_Server_VM/25.302-b08 java/1.8.0_302 vendor/Oracle_Corporation cfg/retry-mode/standard" - wakRLChHP4NNAENopOZ2w1WBCU4a9pOfsg+tRl76jTY3O/bcp4LBx4GPubP9XiMQDZrJUUv4tSA= SigV4 ECDHE-RSA-AES128-GCM-SHA256 AuthHeader s3.ap-south-1.amazonaws.com TLSv1.2 -

926edd7fc352944e00136403e5cafe7fe3695d10e37130b83db9dca05882ea4f dashboard-13469-deplosite.co [21/Mar/2022:14:08:49 +0000] 223.186.38.235 926edd7fc352944e00136403e5cafe7fe3695d10e37130b83db9dca05882ea4f EBX2HKSTKC880F97 REST.GET.VERSIONING - "GET /dashboard-13469-deplosite.co?versioning= HTTP/1.1" 200 - 113 - 16 - "-" "S3Console/0.4, aws-internal/3 aws-sdk-java/1.11.1030 Linux/5.4.181-109.354.amzn2int.x86_64 OpenJDK_64-Bit_Server_VM/25.302-b08 java/1.8.0_302 vendor/Oracle_Corporation cfg/retry-mode/standard" - KTrwh3/xkzZoPTEPI9k5WdC6nvJlCz+XVaHlWbcaEHWO5TKjQpP1D6WIlOz/dwext8ynhSdTWZ4= SigV4 ECDHE-RSA-AES128-GCM-SHA256 AuthHeader s3.ap-south-1.amazonaws.com TLSv1.2 -
926edd7fc352944e00136403e5cafe7fe3695d10e37130b83db9dca05882ea4f dashboard-13469-deplosite.co [21/Mar/2022:14:08:55 +0000] 223.186.38.235 926edd7fc352944e00136403e5cafe7fe3695d10e37130b83db9dca05882ea4f XH01H83GMR0Y49RF REST.GET.REQUEST_PAYMENT - "GET /dashboard-13469-deplosite.co?requestPayment= HTTP/1.1" 200 - 172 - 9 - "-" "S3Console/0.4, aws-internal/3 aws-sdk-java/1.11.1030 Linux/5.4.181-109.354.amzn2int.x86_64 OpenJDK_64-Bit_Server_VM/25.302-b08 java/1.8.0_302 vendor/Oracle_Corporation cfg/retry-mode/standard" - rSQYlhWdRgqCOgK4yAY6daOXZ7F2P8Y3BEn7ugVS3y3L2YESt/LlfDO5dxPzlQ2cpEG/tpjB9Ag= SigV4 ECDHE-RSA-AES128-GCM-SHA256 AuthHeader s3.ap-south-1.amazonaws.com TLSv1.2 -

926edd7fc352944e00136403e5cafe7fe3695d10e37130b83db9dca05882ea4f dashboard-13469-deplosite.co [21/Mar/2022:14:44:06 +0000] 43.247.159.8 926edd7fc352944e00136403e5cafe7fe3695d10e37130b83db9dca05882ea4f XGE25XW8SH5D7DPP REST.GET.POLICY_STATUS - "GET /?policyStatus HTTP/1.1" 200 - 141 - 5 - "-" "S3Console/0.4, aws-internal/3 aws-sdk-java/1.11.1030 Linux/5.4.181-109.354.amzn2int.x86_64 OpenJDK_64-Bit_Server_VM/25.302-b08 java/1.8.0_302 vendor/Oracle_Corporation cfg/retry-mode/standard" - THrYEwSSIbJdI1hBkJc9Ih51fWbzO/9b/T9PK4rUg59ak4U04NoZheLfy6osowrDRElaM3Yuyi8= SigV4 ECDHE-RSA-AES128-GCM-SHA256 AuthHeader dashboard-13469-deplosite.co.s3.ap-south-1.amazonaws.com TLSv1.2 -
926edd7fc352944e00136403e5cafe7fe3695d10e37130b83db9dca05882ea4f dashboard-13469-deplosite.co [21/Mar/2022:14:44:06 +0000] 43.247.159.8 926edd7fc352944e00136403e5cafe7fe3695d10e37130b83db9dca05882ea4f XGE7NR23A4ZYRV1S REST.GET.ACL - "GET /?acl HTTP/1.1" 200 - 480 - 4 - "-" "S3Console/0.4, aws-internal/3 aws-sdk-java/1.11.1030 Linux/5.4.181-109.354.amzn2int.x86_64 OpenJDK_64-Bit_Server_VM/25.302-b08 java/1.8.0_302 vendor/Oracle_Corporation cfg/retry-mode/standard" - wAFW8RXrn2Squ8zIvcfXu+jBim22R7axIMl9HeIOv0lXR1Z7nsIwLLNxOKkJRIZ9dyccf0s6t6Q= SigV4 ECDHE-RSA-AES128-GCM-SHA256 AuthHeader dashboard-13469-deplosite.co.s3.ap-south-1.amazonaws.com TLSv1.2 -
926edd7fc352944e00136403e5cafe7fe3695d10e37130b83db9dca05882ea4f dashboard-13469-deplosite.co [21/Mar/2022:14:44:06 +0000] 43.247.159.8 926edd7fc352944e00136403e5cafe7fe3695d10e37130b83db9dca05882ea4f XGEBQXTCGXS6K221 REST.GET.PUBLIC_ACCESS_BLOCK - "GET /?publicAccessBlock HTTP/1.1" 404 NoSuchPublicAccessBlockConfiguration 358 - 16 - "-" "S3Console/0.4, aws-internal/3 aws-sdk-java/1.11.1030 Linux/5.4.181-109.354.amzn2int.x86_64 OpenJDK_64-Bit_Server_VM/25.302-b08 java/1.8.0_302 vendor/Oracle_Corporation cfg/retry-mode/standard" - PJFcIwziJmrIherYlb2yi/KaiIopnxDJaykTcUmPG4QxVvTS89ppT4oaE6j7CSzErkEH8sj6drc= SigV4 ECDHE-RSA-AES128-GCM-SHA256 AuthHeader dashboard-13469-deplosite.co.s3.ap-south-1.amazonaws.com TLSv1.2 -

926edd7fc352944e00136403e5cafe7fe3695d10e37130b83db9dca05882ea4f dashboard-13469-deplosite.co [21/Mar/2022:14:08:27 +0000] 223.186.38.235 926edd7fc352944e00136403e5cafe7fe3695d10e37130b83db9dca05882ea4f 99NB3RP9SP1EFSS9 REST.HEAD.BUCKET - "HEAD /dashboard-13469-deplosite.co HTTP/1.1" 200 - - - 21 20 "-" "S3Console/0.4, aws-internal/3 aws-sdk-java/1.11.1030 Linux/5.4.181-109.354.amzn2int.x86_64 OpenJDK_64-Bit_Server_VM/25.302-b08 java/1.8.0_302 vendor/Oracle_Corporation cfg/retry-mode/standard" - F+q/yF+j6g7S0yVuFcMKWWT/LsHzHv6wYtAm2ZF+Hb+3m4Dh3Nvk9mT775zhYNycWYXEAZ5KTbY= SigV4 ECDHE-RSA-AES128-GCM-SHA256 AuthHeader s3.ap-south-1.amazonaws.com TLSv1.2 -

926edd7fc352944e00136403e5cafe7fe3695d10e37130b83db9dca05882ea4f dashboard-13469-deplosite.co [21/Mar/2022:14:09:07 +0000] 223.186.38.235 926edd7fc352944e00136403e5cafe7fe3695d10e37130b83db9dca05882ea4f HHT2SW213MTX7S02 REST.GET.VERSIONING - "GET /dashboard-13469-deplosite.co?versioning= HTTP/1.1" 200 - 113 - 17 - "-" "S3Console/0.4, aws-internal/3 aws-sdk-java/1.11.1030 Linux/5.4.181-109.354.amzn2int.x86_64 OpenJDK_64-Bit_Server_VM/25.302-b08 java/1.8.0_302 vendor/Oracle_Corporation cfg/retry-mode/standard" - x2GjW98T2XJ5kxzDk6Q2zXmL4d9cPtqYQGdzAQIZDNNXyXChN9SFOzbfk6SMJkvJ+WkdRuq2K4qbU9ltMePKWA== SigV4 ECDHE-RSA-AES128-GCM-SHA256 AuthHeader s3.ap-south-1.amazonaws.com TLSv1.2 -

926edd7fc352944e00136403e5cafe7fe3695d10e37130b83db9dca05882ea4f dashboard-13469-deplosite.co [21/Mar/2022:14:09:07 +0000] 223.186.38.235 926edd7fc352944e00136403e5cafe7fe3695d10e37130b83db9dca05882ea4f HHTB9PJYPBZXRC18 REST.GET.BUCKETPOLICY - "GET /?policy HTTP/1.1" 200 - 197 - 14 - "-" "S3Console/0.4, aws-internal/3 aws-sdk-java/1.11.1030 Linux/5.4.181-109.354.amzn2int.x86_64 OpenJDK_64-Bit_Server_VM/25.302-b08 java/1.8.0_302 vendor/Oracle_Corporation cfg/retry-mode/standard" - MarxENf2S+CpTl6kEzs3qSqPytSVU0lqpjqOAZFE0xUKVMZ7JRQpbxyNnSR54rRYdEudZCkNG9c= SigV4 ECDHE-RSA-AES128-GCM-SHA256 AuthHeader dashboard-13469-deplosite.co.s3.ap-south-1.amazonaws.com TLSv1.2 -
926edd7fc352944e00136403e5cafe7fe3695d10e37130b83db9dca05882ea4f dashboard-13469-deplosite.co [21/Mar/2022:14:09:07 +0000] 223.186.38.235 926edd7fc352944e00136403e5cafe7fe3695d10e37130b83db9dca05882ea4f HHTCS34D117GN1B7 REST.GET.WEBSITE - "GET /?website HTTP/1.1" 200 - 242 - 12 9 "-" "S3Console/0.4, aws-internal/3 aws-sdk-java/1.11.1030 Linux/5.4.181-109.354.amzn2int.x86_64 OpenJDK_64-Bit_Server_VM/25.302-b08 java/1.8.0_302 vendor/Oracle_Corporation cfg/retry-mode/standard" - 4hZ7GvqEeiwZv2OOFfW58DCTzzL+mihCfPq/pKLN3hPim0ARcUUpWDJpIRJ+t1mLrYmTjU+O1aw= SigV4 ECDHE-RSA-AES128-GCM-SHA256 AuthHeader dashboard-13469-deplosite.co.s3.ap-south-1.amazonaws.com TLSv1.2 -
926edd7fc352944e00136403e5cafe7fe3695d10e37130b83db9dca05882ea4f dashboard-13469-deplosite.co [21/Mar/2022:14:09:07 +0000] 223.186.38.235 926edd7fc352944e00136403e5cafe7fe3695d10e37130b83db9dca05882ea4f HHTDXPHDNHKKCNCR REST.GET.BUCKETVERSIONS - "GET /?versions&max-keys=1&encoding-type=url HTTP/1.1" 200 - 673 - 111 109 "-" "S3Console/0.4, aws-internal/3 aws-sdk-java/1.11.1030 Linux/5.4.181-109.354.amzn2int.x86_64 OpenJDK_64-Bit_Server_VM/25.302-b08 java/1.8.0_302 vendor/Oracle_Corporation cfg/retry-mode/standard" - uopFbOxIKss8yqdq+vqlfUZeHZKA8F03GoHY+06s7ItTyhM9DuQlClbLfdcsg2H0z94eQCqihrM= SigV4 ECDHE-RSA-AES128-GCM-SHA256 AuthHeader dashboard-13469-deplosite.co.s3.ap-south-1.amazonaws.com TLSv1.2 -

926edd7fc352944e00136403e5cafe7fe3695d10e37130b83db9dca05882ea4f dashboard-13469-deplosite.co [21/Mar/2022:14:05:51 +0000] 223.186.38.235 - SQJ6NEV95R1A0XYM WEBSITE.GET.OBJECT index.html "GET / HTTP/1.1" 304 - - 26600 17 - "http://127.0.0.1:5000/" "Mozilla/5.0 (Windows NT 10.0; Win64; x64) AppleWebKit/537.36 (KHTML, like Gecko) Chrome/99.0.4844.74 Safari/537.36 Edg/99.0.1150.46" - bH6iY3V+9eRMpW1pRa5abmEVfNcVM5KAoQPgw2ZHJVR6CNqqfVmutQO8t+jmXHW5vpdzCmWFb5k= - - - dashboard-13469-deplosite.co.s3-website.ap-south-1.amazonaws.com - -

926edd7fc352944e00136403e5cafe7fe3695d10e37130b83db9dca05882ea4f dashboard-13469-deplosite.co [21/Mar/2022:14:09:08 +0000] 223.186.38.235 926edd7fc352944e00136403e5cafe7fe3695d10e37130b83db9dca05882ea4f GZXMZJC8PMDHZTNW REST.GET.PUBLIC_ACCESS_BLOCK - "GET /dashboard-13469-deplosite.co?publicAccessBlock= HTTP/1.1" 404 NoSuchPublicAccessBlockConfiguration 358 - 19 - "-" "S3Console/0.4, aws-internal/3 aws-sdk-java/1.11.1030 Linux/5.4.181-109.354.amzn2int.x86_64 OpenJDK_64-Bit_Server_VM/25.302-b08 java/1.8.0_302 vendor/Oracle_Corporation cfg/retry-mode/standard" - AlDH3ThsfbGCiSL70Dg8jUIocLEF5duUwNXnAAsWWLy1cy1stzGEQFlbxZkHgBbmIhMvgTeLRZ0= SigV4 ECDHE-RSA-AES128-GCM-SHA256 AuthHeader s3.ap-south-1.amazonaws.com TLSv1.2 -
926edd7fc352944e00136403e5cafe7fe3695d10e37130b83db9dca05882ea4f dashboard-13469-deplosite.co [21/Mar/2022:14:09:09 +0000] 223.186.38.235 926edd7fc352944e00136403e5cafe7fe3695d10e37130b83db9dca05882ea4f HRM5FYJTGVHT59W5 REST.GET.ACL - "GET /dashboard-13469-deplosite.co?acl= HTTP/1.1" 200 - 480 - 8 - "-" "S3Console/0.4, aws-internal/3 aws-sdk-java/1.11.1030 Linux/5.4.181-109.354.amzn2int.x86_64 OpenJDK_64-Bit_Server_VM/25.302-b08 java/1.8.0_302 vendor/Oracle_Corporation cfg/retry-mode/standard" - QrVo15WHRgXJHnE7rnasNfZCrN4DT9UsA6Y9gXs1y8WwBwKgyiP2PJdrzYEHTOS6CzSmVEqtbbY= SigV4 ECDHE-RSA-AES128-GCM-SHA256 AuthHeader s3.ap-south-1.amazonaws.com TLSv1.2 -

926edd7fc352944e00136403e5cafe7fe3695d10e37130b83db9dca05882ea4f dashboard-13469-deplosite.co [21/Mar/2022:14:10:36 +0000] 223.186.38.235 926edd7fc352944e00136403e5cafe7fe3695d10e37130b83db9dca05882ea4f 9WZ9H294GEN1YZPS REST.GET.VERSIONING - "GET /dashboard-13469-deplosite.co?versioning= HTTP/1.1" 200 - 113 - 16 - "-" "S3Console/0.4, aws-internal/3 aws-sdk-java/1.11.1030 Linux/5.4.181-109.354.amzn2int.x86_64 OpenJDK_64-Bit_Server_VM/25.302-b08 java/1.8.0_302 vendor/Oracle_Corporation cfg/retry-mode/standard" - jON5iDSkIVbZ0kof63bS3MPTXBfdsLyHfqm+KU6Pg2ozsHTzaj/Rp1Dhe5+pypsu5dC5v9cv/Uk= SigV4 ECDHE-RSA-AES128-GCM-SHA256 AuthHeader s3.ap-south-1.amazonaws.com TLSv1.2 -

926edd7fc352944e00136403e5cafe7fe3695d10e37130b83db9dca05882ea4f dashboard-13469-deplosite.co [21/Mar/2022:14:10:39 +0000] 223.186.38.235 926edd7fc352944e00136403e5cafe7fe3695d10e37130b83db9dca05882ea4f 3EBA8K544A3J08CQ REST.GET.ENCRYPTION - "GET /dashboard-13469-deplosite.co?encryption= HTTP/1.1" 404 ServerSideEncryptionConfigurationNotFoundError 371 - 16 - "-" "S3Console/0.4, aws-internal/3 aws-sdk-java/1.11.1030 Linux/5.4.181-109.354.amzn2int.x86_64 OpenJDK_64-Bit_Server_VM/25.302-b08 java/1.8.0_302 vendor/Oracle_Corporation cfg/retry-mode/standard" - c2q3WILDOqIn9HkVbEvZMMk6O2UYqW/1kFc/k9KJZiuQ1AnvGGqg5LXk9RPfS691O836tKMiyDw= SigV4 ECDHE-RSA-AES128-GCM-SHA256 AuthHeader s3.ap-south-1.amazonaws.com TLSv1.2 -

926edd7fc352944e00136403e5cafe7fe3695d10e37130b83db9dca05882ea4f dashboard-13469-deplosite.co [21/Mar/2022:14:10:40 +0000] 223.186.38.235 926edd7fc352944e00136403e5cafe7fe3695d10e37130b83db9dca05882ea4f 0PC5GY8C1QM767E4 REST.GET.OBJECT_LOCK_CONFIGURATION - "GET /dashboard-13469-deplosite.co?object-lock= HTTP/1.1" 404 ObjectLockConfigurationNotFoundError 363 - 6 - "-" "S3Console/0.4, aws-internal/3 aws-sdk-java/1.11.1030 Linux/5.4.181-109.354.amzn2int.x86_64 OpenJDK_64-Bit_Server_VM/25.302-b08 java/1.8.0_302 vendor/Oracle_Corporation cfg/retry-mode/standard" - D+Ohfbt2PWbdNgzvFA+d71nIROms2SttOGVh2ASjsfd5e11mYeakHbHgkgAgUWpTTkQ8xvqJSSA= SigV4 ECDHE-RSA-AES128-GCM-SHA256 AuthHeader s3.ap-south-1.amazonaws.com TLSv1.2 -

926edd7fc352944e00136403e5cafe7fe3695d10e37130b83db9dca05882ea4f dashboard-13469-deplosite.co [21/Mar/2022:14:10:39 +0000] 223.186.38.235 926edd7fc352944e00136403e5cafe7fe3695d10e37130b83db9dca05882ea4f 3EB92WTKFBS089FY REST.GET.TAGGING - "GET /dashboard-13469-deplosite.co?tagging= HTTP/1.1" 404 NoSuchTagSet 308 - 22 - "-" "S3Console/0.4, aws-internal/3 aws-sdk-java/1.11.1030 Linux/5.4.181-109.354.amzn2int.x86_64 OpenJDK_64-Bit_Server_VM/25.302-b08 java/1.8.0_302 vendor/Oracle_Corporation cfg/retry-mode/standard" - Up5vw2SxB+0NPcQYyrBU2Bg+tb0AxKHZzpXRdWyz4Lv5KPTD3cSMB3tg6t1YDJVNt54b3mN8vHk= SigV4 ECDHE-RSA-AES128-GCM-SHA256 AuthHeader s3.ap-south-1.amazonaws.com TLSv1.2 -

926edd7fc352944e00136403e5cafe7fe3695d10e37130b83db9dca05882ea4f dashboard-13469-deplosite.co [21/Mar/2022:14:19:54 +0000] 43.247.159.8 926edd7fc352944e00136403e5cafe7fe3695d10e37130b83db9dca05882ea4f H4X2JJ8B2AK7YDE3 REST.HEAD.BUCKET - "HEAD /dashboard-13469-deplosite.co HTTP/1.1" 200 - - - 18 18 "-" "S3Console/0.4, aws-internal/3 aws-sdk-java/1.11.1030 Linux/5.4.181-109.354.amzn2int.x86_64 OpenJDK_64-Bit_Server_VM/25.302-b08 java/1.8.0_302 vendor/Oracle_Corporation cfg/retry-mode/standard" - lZ2PrBav1wS8tKe7Lw2axbYnjqtI7SnKohU8WgxijUUKrsj5kXX/IrfVFxICjly7HGixd1gbtbA= SigV4 ECDHE-RSA-AES128-GCM-SHA256 AuthHeader s3.ap-south-1.amazonaws.com TLSv1.2 -

926edd7fc352944e00136403e5cafe7fe3695d10e37130b83db9dca05882ea4f dashboard-13469-deplosite.co [21/Mar/2022:14:09:07 +0000] 223.186.38.235 926edd7fc352944e00136403e5cafe7fe3695d10e37130b83db9dca05882ea4f HHT2JK7MJKX4FYDD REST.HEAD.BUCKET - "HEAD /dashboard-13469-deplosite.co HTTP/1.1" 200 - - - 12 12 "-" "S3Console/0.4, aws-internal/3 aws-sdk-java/1.11.1030 Linux/5.4.181-109.354.amzn2int.x86_64 OpenJDK_64-Bit_Server_VM/25.302-b08 java/1.8.0_302 vendor/Oracle_Corporation cfg/retry-mode/standard" - VFe+LA4VMyDiBcI1Dj+Oc4L+9EfDUAB2TclkyMVp8AxZA3oewUlev9L8EaYoYf/IPltrMJ4k8yoqRYJU/VfAmw== SigV4 ECDHE-RSA-AES128-GCM-SHA256 AuthHeader s3.ap-south-1.amazonaws.com TLSv1.2 -

926edd7fc352944e00136403e5cafe7fe3695d10e37130b83db9dca05882ea4f dashboard-13469-deplosite.co [21/Mar/2022:14:10:40 +0000] 223.186.38.235 926edd7fc352944e00136403e5cafe7fe3695d10e37130b83db9dca05882ea4f 0PC97GKN6F6P0NHQ REST.GET.ACCELERATE - "GET /dashboard-13469-deplosite.co?accelerate= HTTP/1.1" 200 - 113 - 16 - "-" "S3Console/0.4, aws-internal/3 aws-sdk-java/1.11.1030 Linux/5.4.181-109.354.amzn2int.x86_64 OpenJDK_64-Bit_Server_VM/25.302-b08 java/1.8.0_302 vendor/Oracle_Corporation cfg/retry-mode/standard" - TsPlgYGzi/UDDv3f/Ew1++XFyiOxc7FKfYgB3zGGcHGuT14eoHv6hYZ0CuTSHSMGkOpAMzEHSNo= SigV4 ECDHE-RSA-AES128-GCM-SHA256 AuthHeader s3.ap-south-1.amazonaws.com TLSv1.2 -

926edd7fc352944e00136403e5cafe7fe3695d10e37130b83db9dca05882ea4f dashboard-13469-deplosite.co [21/Mar/2022:14:10:40 +0000] 223.186.38.235 926edd7fc352944e00136403e5cafe7fe3695d10e37130b83db9dca05882ea4f 0PCE74K4STNJ1K3C REST.GET.LOGGING_STATUS - "GET /dashboard-13469-deplosite.co?logging= HTTP/1.1" 200 - 267 - 17 - "-" "S3Console/0.4, aws-internal/3 aws-sdk-java/1.11.1030 Linux/5.4.181-109.354.amzn2int.x86_64 OpenJDK_64-Bit_Server_VM/25.302-b08 java/1.8.0_302 vendor/Oracle_Corporation cfg/retry-mode/standard" - C6Flx01J++ONEeHbJGnvyO1+N75qDRhb1pXNV+JZc29orjKBFKE3XO5v5Vyzr96VtQojJbS1/ZQ= SigV4 ECDHE-RSA-AES128-GCM-SHA256 AuthHeader s3.ap-south-1.amazonaws.com TLSv1.2 -

926edd7fc352944e00136403e5cafe7fe3695d10e37130b83db9dca05882ea4f dashboard-13469-deplosite.co [21/Mar/2022:14:09:06 +0000] 223.186.38.235 926edd7fc352944e00136403e5cafe7fe3695d10e37130b83db9dca05882ea4f 7NRW969G5MAWJBCD REST.HEAD.BUCKET - "HEAD /dashboard-13469-deplosite.co HTTP/1.1" 200 - - - 6 5 "-" "S3Console/0.4, aws-internal/3 aws-sdk-java/1.11.1030 Linux/5.4.181-109.354.amzn2int.x86_64 OpenJDK_64-Bit_Server_VM/25.302-b08 java/1.8.0_302 vendor/Oracle_Corporation cfg/retry-mode/standard" - I66kXAm+DYqlvZeEiOqPQ2v14lQzVJL0miLkj6lQ2DdgiKUJfXua58/EEt5oHEMgw7dGjYGS3Ho= SigV4 ECDHE-RSA-AES128-GCM-SHA256 AuthHeader s3.ap-south-1.amazonaws.com TLSv1.2 -
926edd7fc352944e00136403e5cafe7fe3695d10e37130b83db9dca05882ea4f dashboard-13469-deplosite.co [21/Mar/2022:14:09:09 +0000] 223.186.38.235 926edd7fc352944e00136403e5cafe7fe3695d10e37130b83db9dca05882ea4f HRM063SDCH5B39VV REST.GET.PUBLIC_ACCESS_BLOCK - "GET /dashboard-13469-deplosite.co?publicAccessBlock= HTTP/1.1" 404 NoSuchPublicAccessBlockConfiguration 358 - 4 - "-" "S3Console/0.4, aws-internal/3 aws-sdk-java/1.11.1030 Linux/5.4.181-109.354.amzn2int.x86_64 OpenJDK_64-Bit_Server_VM/25.302-b08 java/1.8.0_302 vendor/Oracle_Corporation cfg/retry-mode/standard" - XLfOi8L3k4V9UGehrcmrEifMDioUGV0kpMPp+vUfGEHrl5zEUUYfgCQqXZoEtTT7Bb0qRqZl9DA= SigV4 ECDHE-RSA-AES128-GCM-SHA256 AuthHeader s3.ap-south-1.amazonaws.com TLSv1.2 -

926edd7fc352944e00136403e5cafe7fe3695d10e37130b83db9dca05882ea4f dashboard-13469-deplosite.co [21/Mar/2022:14:44:20 +0000] 43.247.159.8 926edd7fc352944e00136403e5cafe7fe3695d10e37130b83db9dca05882ea4f PGSKFC5P7VNMGB1D REST.GET.ACL - "GET /?acl HTTP/1.1" 200 - 480 - 8 - "-" "S3Console/0.4, aws-internal/3 aws-sdk-java/1.11.1030 Linux/5.4.181-109.354.amzn2int.x86_64 OpenJDK_64-Bit_Server_VM/25.302-b08 java/1.8.0_302 vendor/Oracle_Corporation cfg/retry-mode/standard" - 9miUDsd5XLsbd8MXsSDXc3nyQ8e254nqKY7ioEphNnvUhLqVd4rQluI5bZXE8mB5cdKa4EiuOZ0= SigV4 ECDHE-RSA-AES128-GCM-SHA256 AuthHeader dashboard-13469-deplosite.co.s3.ap-south-1.amazonaws.com TLSv1.2 -
926edd7fc352944e00136403e5cafe7fe3695d10e37130b83db9dca05882ea4f dashboard-13469-deplosite.co [21/Mar/2022:14:44:20 +0000] 43.247.159.8 926edd7fc352944e00136403e5cafe7fe3695d10e37130b83db9dca05882ea4f PGSTDHK6D0QRP9WE REST.GET.POLICY_STATUS - "GET /?policyStatus HTTP/1.1" 200 - 141 - 13 - "-" "S3Console/0.4, aws-internal/3 aws-sdk-java/1.11.1030 Linux/5.4.181-109.354.amzn2int.x86_64 OpenJDK_64-Bit_Server_VM/25.302-b08 java/1.8.0_302 vendor/Oracle_Corporation cfg/retry-mode/standard" - iBmzuc4njWqerCi+HCnIdc8XYolJkPx5BchVWgBed8KmrVSEUIopDarmIa8aEIseH5a7Jfp8IT8= SigV4 ECDHE-RSA-AES128-GCM-SHA256 AuthHeader dashboard-13469-deplosite.co.s3.ap-south-1.amazonaws.com TLSv1.2 -
926edd7fc352944e00136403e5cafe7fe3695d10e37130b83db9dca05882ea4f dashboard-13469-deplosite.co [21/Mar/2022:14:44:20 +0000] 43.247.159.8 926edd7fc352944e00136403e5cafe7fe3695d10e37130b83db9dca05882ea4f PGSZWRK4AH8N59JA REST.GET.PUBLIC_ACCESS_BLOCK - "GET /?publicAccessBlock HTTP/1.1" 404 NoSuchPublicAccessBlockConfiguration 358 - 16 - "-" "S3Console/0.4, aws-internal/3 aws-sdk-java/1.11.1030 Linux/5.4.181-109.354.amzn2int.x86_64 OpenJDK_64-Bit_Server_VM/25.302-b08 java/1.8.0_302 vendor/Oracle_Corporation cfg/retry-mode/standard" - bRybq9eP8JgPvKMpUbHmsfkPBZsD5pHwadegZlL26+CLxJn9uNcIMnwBYM+Oz8s85KjEvYqfKm0= SigV4 ECDHE-RSA-AES128-GCM-SHA256 AuthHeader dashboard-13469-deplosite.co.s3.ap-south-1.amazonaws.com TLSv1.2 -

926edd7fc352944e00136403e5cafe7fe3695d10e37130b83db9dca05882ea4f dashboard-13469-deplosite.co [21/Mar/2022:14:10:39 +0000] 223.186.38.235 926edd7fc352944e00136403e5cafe7fe3695d10e37130b83db9dca05882ea4f 3EB8Z7AK77QA7E25 REST.GET.VERSIONING - "GET /dashboard-13469-deplosite.co?versioning= HTTP/1.1" 200 - 113 - 18 - "-" "S3Console/0.4, aws-internal/3 aws-sdk-java/1.11.1030 Linux/5.4.181-109.354.amzn2int.x86_64 OpenJDK_64-Bit_Server_VM/25.302-b08 java/1.8.0_302 vendor/Oracle_Corporation cfg/retry-mode/standard" - Nb+wlFNm7XLSeVC94ud7ybeXXHt3NRQxQtOritp8A6C7AeLWui++A9RRiRuHoqE3i7P3BoB5pbE= SigV4 ECDHE-RSA-AES128-GCM-SHA256 AuthHeader s3.ap-south-1.amazonaws.com TLSv1.2 -

926edd7fc352944e00136403e5cafe7fe3695d10e37130b83db9dca05882ea4f dashboard-13469-deplosite.co [21/Mar/2022:14:19:54 +0000] 43.247.159.8 926edd7fc352944e00136403e5cafe7fe3695d10e37130b83db9dca05882ea4f H4X2RRHKSX85YFSG REST.GET.PUBLIC_ACCESS_BLOCK - "GET /?publicAccessBlock HTTP/1.1" 404 NoSuchPublicAccessBlockConfiguration 358 - 17 - "-" "S3Console/0.4, aws-internal/3 aws-sdk-java/1.11.1030 Linux/5.4.181-109.354.amzn2int.x86_64 OpenJDK_64-Bit_Server_VM/25.302-b08 java/1.8.0_302 vendor/Oracle_Corporation cfg/retry-mode/standard" - C0dmEMOFpokn4XVnxL/KLv6R7h8PhT37EVmdmwJX2T6AC/SCVisraN/GlIv3Pm240rWBYb5IL4A= SigV4 ECDHE-RSA-AES128-GCM-SHA256 AuthHeader dashboard-13469-deplosite.co.s3.ap-south-1.amazonaws.com TLSv1.2 -
926edd7fc352944e00136403e5cafe7fe3695d10e37130b83db9dca05882ea4f dashboard-13469-deplosite.co [21/Mar/2022:14:19:54 +0000] 43.247.159.8 926edd7fc352944e00136403e5cafe7fe3695d10e37130b83db9dca05882ea4f H4X5AZPFC1AC0CGX REST.GET.ACL - "GET /?acl HTTP/1.1" 200 - 480 - 7 - "-" "S3Console/0.4, aws-internal/3 aws-sdk-java/1.11.1030 Linux/5.4.181-109.354.amzn2int.x86_64 OpenJDK_64-Bit_Server_VM/25.302-b08 java/1.8.0_302 vendor/Oracle_Corporation cfg/retry-mode/standard" - hwOUKZ72n1NZVUKn+QckV2WVumD5e3EBUXYhyCneVr4sXjohLFKPp/ES6G/7WZGChW56Z9aN36w= SigV4 ECDHE-RSA-AES128-GCM-SHA256 AuthHeader dashboard-13469-deplosite.co.s3.ap-south-1.amazonaws.com TLSv1.2 -
926edd7fc352944e00136403e5cafe7fe3695d10e37130b83db9dca05882ea4f dashboard-13469-deplosite.co [21/Mar/2022:14:19:54 +0000] 43.247.159.8 926edd7fc352944e00136403e5cafe7fe3695d10e37130b83db9dca05882ea4f H4XD4G44WTK3D3FF REST.GET.POLICY_STATUS - "GET /?policyStatus HTTP/1.1" 200 - 141 - 10 - "-" "S3Console/0.4, aws-internal/3 aws-sdk-java/1.11.1030 Linux/5.4.181-109.354.amzn2int.x86_64 OpenJDK_64-Bit_Server_VM/25.302-b08 java/1.8.0_302 vendor/Oracle_Corporation cfg/retry-mode/standard" - XmT4HGkYx5fDcu3aP/YKdzgjZiEjLjf1NRlQyC/RQvC0Pj4wCg8TI1vtM+wd2Upa17KP+bKT8Ws= SigV4 ECDHE-RSA-AES128-GCM-SHA256 AuthHeader dashboard-13469-deplosite.co.s3.ap-south-1.amazonaws.com TLSv1.2 -

926edd7fc352944e00136403e5cafe7fe3695d10e37130b83db9dca05882ea4f dashboard-13469-deplosite.co [21/Mar/2022:14:08:49 +0000] 223.186.38.235 926edd7fc352944e00136403e5cafe7fe3695d10e37130b83db9dca05882ea4f EBX2RQJNZA302HVH REST.GET.BUCKET - "GET /dashboard-13469-deplosite.co?list-type=2&encoding-type=url&max-keys=1000&fetch-owner=true&delimiter=%2F&prefix= HTTP/1.1" 200 - 610 - 23 22 "-" "S3Console/0.4, aws-internal/3 aws-sdk-java/1.11.1030 Linux/5.4.181-109.354.amzn2int.x86_64 OpenJDK_64-Bit_Server_VM/25.302-b08 java/1.8.0_302 vendor/Oracle_Corporation cfg/retry-mode/standard" - BnM0JgBUFV3S0wZRJUecK5yFiY2GpQ78IN0FwVSvMJE/WFC4zqH4qh3rGbIdqxTgdtzT+kI9wsA= SigV4 ECDHE-RSA-AES128-GCM-SHA256 AuthHeader s3.ap-south-1.amazonaws.com TLSv1.2 -
926edd7fc352944e00136403e5cafe7fe3695d10e37130b83db9dca05882ea4f dashboard-13469-deplosite.co [21/Mar/2022:14:09:02 +0000] 223.186.38.235 926edd7fc352944e00136403e5cafe7fe3695d10e37130b83db9dca05882ea4f BZDSPSS0TS7Z01R5 REST.GET.VERSIONING - "GET /dashboard-13469-deplosite.co?versioning= HTTP/1.1" 200 - 113 - 16 - "-" "S3Console/0.4, aws-internal/3 aws-sdk-java/1.11.1030 Linux/5.4.181-109.354.amzn2int.x86_64 OpenJDK_64-Bit_Server_VM/25.302-b08 java/1.8.0_302 vendor/Oracle_Corporation cfg/retry-mode/standard" - 7XHua4xwSYEqLBeYFxgaLTMlMeF9wn7d2WNR6hqP09NTgipicZTQc6OTNVe5mIv6fjclJuo/PWA= SigV4 ECDHE-RSA-AES128-GCM-SHA256 AuthHeader s3.ap-south-1.amazonaws.com TLSv1.2 -
926edd7fc352944e00136403e5cafe7fe3695d10e37130b83db9dca05882ea4f dashboard-13469-deplosite.co [21/Mar/2022:14:09:07 +0000] 223.186.38.235 926edd7fc352944e00136403e5cafe7fe3695d10e37130b83db9dca05882ea4f HHTBJ1E5J5FWJ1H9 REST.HEAD.BUCKET - "HEAD /dashboard-13469-deplosite.co HTTP/1.1" 200 - - - 4 3 "-" "S3Console/0.4, aws-internal/3 aws-sdk-java/1.11.1030 Linux/5.4.181-109.354.amzn2int.x86_64 OpenJDK_64-Bit_Server_VM/25.302-b08 java/1.8.0_302 vendor/Oracle_Corporation cfg/retry-mode/standard" - PSsx4Ozi/ZWo1aSchxj+6BUke8msKR05hm9GU8yHBzKSP1K0yhC1Ce6JENPv2IVDkQ/HqkaWbXA= SigV4 ECDHE-RSA-AES128-GCM-SHA256 AuthHeader s3.ap-south-1.amazonaws.com TLSv1.2 -
926edd7fc352944e00136403e5cafe7fe3695d10e37130b83db9dca05882ea4f dashboard-13469-deplosite.co [21/Mar/2022:14:09:08 +0000] 223.186.38.235 926edd7fc352944e00136403e5cafe7fe3695d10e37130b83db9dca05882ea4f GZXG539HGQSTNEYR REST.GET.BUCKETPOLICY - "GET /dashboard-13469-deplosite.co?policy= HTTP/1.1" 200 - 197 - 9 - "-" "S3Console/0.4, aws-internal/3 aws-sdk-java/1.11.1030 Linux/5.4.181-109.354.amzn2int.x86_64 OpenJDK_64-Bit_Server_VM/25.302-b08 java/1.8.0_302 vendor/Oracle_Corporation cfg/retry-mode/standard" - Dae1/kqOQNAvHF5Ajwc6UcUC92TVU/gQ8XkY2QDt7yVrMdFNlG+G+9dUFsKpDVF4ezJB2Eg0v2U= SigV4 ECDHE-RSA-AES128-GCM-SHA256 AuthHeader s3.ap-south-1.amazonaws.com TLSv1.2 -

926edd7fc352944e00136403e5cafe7fe3695d10e37130b83db9dca05882ea4f dashboard-13469-deplosite.co [21/Mar/2022:14:06:20 +0000] 223.186.38.235 926edd7fc352944e00136403e5cafe7fe3695d10e37130b83db9dca05882ea4f TMBMCPB76Q71PV32 REST.GET.OWNERSHIP_CONTROLS - "GET /dashboard-13469-deplosite.co?ownershipControls= HTTP/1.1" 404 OwnershipControlsNotFoundError 306 - 77 76 "-" "S3Console/0.4, aws-internal/3 aws-sdk-java/1.11.1030 Linux/5.4.181-109.354.amzn2int.x86_64 OpenJDK_64-Bit_Server_VM/25.302-b08 java/1.8.0_302 vendor/Oracle_Corporation cfg/retry-mode/standard" - 5X/f8nDQ5DRE8PIlP5T9K3RDcEiSAHHiFFfTQF9R239wPgAC5vs5KxfdCgzs6NwfyxUaU2/ansg= SigV4 ECDHE-RSA-AES128-GCM-SHA256 AuthHeader s3.ap-south-1.amazonaws.com TLSv1.2 -

926edd7fc352944e00136403e5cafe7fe3695d10e37130b83db9dca05882ea4f dashboard-13469-deplosite.co [21/Mar/2022:14:08:28 +0000] 223.186.38.235 926edd7fc352944e00136403e5cafe7fe3695d10e37130b83db9dca05882ea4f ED81SDTKT0SRWFG5 REST.GET.POLICY_STATUS - "GET /?policyStatus HTTP/1.1" 200 - 141 - 8 - "-" "S3Console/0.4, aws-internal/3 aws-sdk-java/1.11.1030 Linux/5.4.181-109.354.amzn2int.x86_64 OpenJDK_64-Bit_Server_VM/25.302-b08 java/1.8.0_302 vendor/Oracle_Corporation cfg/retry-mode/standard" - gFRmukGyr5YWHqpXOiBkKIGJHcDFXFbAD5gRF2oQgXnXvMQw2gPfJvG4VTYN4EezmKnPRo9GgRI= SigV4 ECDHE-RSA-AES128-GCM-SHA256 AuthHeader dashboard-13469-deplosite.co.s3.ap-south-1.amazonaws.com TLSv1.2 -
926edd7fc352944e00136403e5cafe7fe3695d10e37130b83db9dca05882ea4f dashboard-13469-deplosite.co [21/Mar/2022:14:08:28 +0000] 223.186.38.235 926edd7fc352944e00136403e5cafe7fe3695d10e37130b83db9dca05882ea4f ED87XH366KCAS9ZR REST.GET.ACL - "GET /?acl HTTP/1.1" 200 - 480 - 10 - "-" "S3Console/0.4, aws-internal/3 aws-sdk-java/1.11.1030 Linux/5.4.181-109.354.amzn2int.x86_64 OpenJDK_64-Bit_Server_VM/25.302-b08 java/1.8.0_302 vendor/Oracle_Corporation cfg/retry-mode/standard" - u35UIJTdPmbmGTLdWFN8Y5AdpeAp/ixtp4ObVfU7+H1SuW1lT5h7Pblm22IydaAuVleaEr0SsCQ= SigV4 ECDHE-RSA-AES128-GCM-SHA256 AuthHeader dashboard-13469-deplosite.co.s3.ap-south-1.amazonaws.com TLSv1.2 -
926edd7fc352944e00136403e5cafe7fe3695d10e37130b83db9dca05882ea4f dashboard-13469-deplosite.co [21/Mar/2022:14:08:28 +0000] 223.186.38.235 926edd7fc352944e00136403e5cafe7fe3695d10e37130b83db9dca05882ea4f ED8FV17FWJSRSR97 REST.GET.PUBLIC_ACCESS_BLOCK - "GET /?publicAccessBlock HTTP/1.1" 404 NoSuchPublicAccessBlockConfiguration 358 - 18 - "-" "S3Console/0.4, aws-internal/3 aws-sdk-java/1.11.1030 Linux/5.4.181-109.354.amzn2int.x86_64 OpenJDK_64-Bit_Server_VM/25.302-b08 java/1.8.0_302 vendor/Oracle_Corporation cfg/retry-mode/standard" - mBKOcWASO/CmWAzy/hv7vcR3TXYgJAa5xXxd7oPG05S81pMhvGgb3IWNtkb6eGfEqLHTgpDWWeA= SigV4 ECDHE-RSA-AES128-GCM-SHA256 AuthHeader dashboard-13469-deplosite.co.s3.ap-south-1.amazonaws.com TLSv1.2 -

926edd7fc352944e00136403e5cafe7fe3695d10e37130b83db9dca05882ea4f dashboard-13469-deplosite.co [21/Mar/2022:14:10:40 +0000] 223.186.38.235 926edd7fc352944e00136403e5cafe7fe3695d10e37130b83db9dca05882ea4f 0PC20TB09CVC1SYF REST.GET.REQUEST_PAYMENT - "GET /dashboard-13469-deplosite.co?requestPayment= HTTP/1.1" 200 - 172 - 15 - "-" "S3Console/0.4, aws-internal/3 aws-sdk-java/1.11.1030 Linux/5.4.181-109.354.amzn2int.x86_64 OpenJDK_64-Bit_Server_VM/25.302-b08 java/1.8.0_302 vendor/Oracle_Corporation cfg/retry-mode/standard" - RI6trumds8vSDscdulFGRP444TtKAVZFdloQJ8iPtZGoX+tsT+X9G66l6sbxtj+5K/3/lpXxrw0= SigV4 ECDHE-RSA-AES128-GCM-SHA256 AuthHeader s3.ap-south-1.amazonaws.com TLSv1.2 -

926edd7fc352944e00136403e5cafe7fe3695d10e37130b83db9dca05882ea4f dashboard-13469-deplosite.co [21/Mar/2022:14:08:54 +0000] 223.186.38.235 926edd7fc352944e00136403e5cafe7fe3695d10e37130b83db9dca05882ea4f 5MG3G9TMEEW5CXE9 REST.GET.TAGGING - "GET /dashboard-13469-deplosite.co?tagging= HTTP/1.1" 404 NoSuchTagSet 308 - 23 - "-" "S3Console/0.4, aws-internal/3 aws-sdk-java/1.11.1030 Linux/5.4.181-109.354.amzn2int.x86_64 OpenJDK_64-Bit_Server_VM/25.302-b08 java/1.8.0_302 vendor/Oracle_Corporation cfg/retry-mode/standard" - 48azB/jGBeDeVjZDhT0BnZVFDcrI2UErZT3AWIYF4FSTyBH6NFrbS/DreD0wyTJTizNx/VGYEVo= SigV4 ECDHE-RSA-AES128-GCM-SHA256 AuthHeader s3.ap-south-1.amazonaws.com TLSv1.2 -

926edd7fc352944e00136403e5cafe7fe3695d10e37130b83db9dca05882ea4f dashboard-13469-deplosite.co [21/Mar/2022:14:44:05 +0000] 43.247.159.8 926edd7fc352944e00136403e5cafe7fe3695d10e37130b83db9dca05882ea4f QVZ0DP92QSHS740Y REST.HEAD.BUCKET - "HEAD /dashboard-13469-deplosite.co HTTP/1.1" 200 - - - 14 13 "-" "S3Console/0.4, aws-internal/3 aws-sdk-java/1.11.1030 Linux/5.4.181-109.354.amzn2int.x86_64 OpenJDK_64-Bit_Server_VM/25.302-b08 java/1.8.0_302 vendor/Oracle_Corporation cfg/retry-mode/standard" - BZRZCDBMFfIXvXabALKzaSF3YpUEEaYbQ5coIhTKgThFnvNr/fAbFGctxAT9vtR8VhMnknqiWGs= SigV4 ECDHE-RSA-AES128-GCM-SHA256 AuthHeader s3.ap-south-1.amazonaws.com TLSv1.2 -

926edd7fc352944e00136403e5cafe7fe3695d10e37130b83db9dca05882ea4f dashboard-13469-deplosite.co [21/Mar/2022:14:06:26 +0000] 223.186.38.235 926edd7fc352944e00136403e5cafe7fe3695d10e37130b83db9dca05882ea4f KAM6CDGWY5JP5NPR REST.HEAD.BUCKET - "HEAD /dashboard-13469-deplosite.co HTTP/1.1" 200 - - - 18 18 "-" "S3Console/0.4, aws-internal/3 aws-sdk-java/1.11.1030 Linux/5.4.181-109.354.amzn2int.x86_64 OpenJDK_64-Bit_Server_VM/25.302-b08 java/1.8.0_302 vendor/Oracle_Corporation cfg/retry-mode/standard" - kowYB1uA0nRAQw7Z5C8lnBGezKKAkrhh/gYZnw7+HuZRc/h+DrhJZBb5RTaf+Uw3q4e9PjLGa00= SigV4 ECDHE-RSA-AES128-GCM-SHA256 AuthHeader s3.ap-south-1.amazonaws.com TLSv1.2 -

926edd7fc352944e00136403e5cafe7fe3695d10e37130b83db9dca05882ea4f dashboard-13469-deplosite.co [21/Mar/2022:14:09:07 +0000] 223.186.38.235 926edd7fc352944e00136403e5cafe7fe3695d10e37130b83db9dca05882ea4f HHT1JC4B8SEQK26D REST.GET.POLICY_STATUS - "GET /?policyStatus HTTP/1.1" 200 - 141 - 8 - "-" "S3Console/0.4, aws-internal/3 aws-sdk-java/1.11.1030 Linux/5.4.181-109.354.amzn2int.x86_64 OpenJDK_64-Bit_Server_VM/25.302-b08 java/1.8.0_302 vendor/Oracle_Corporation cfg/retry-mode/standard" - 80qGWfOY6QfV7b+sj1Nqyi2kjxa/UvJmoBIOP5ci4ozLppItySazWRHOml9lEOrSZuVOa+6fMso= SigV4 ECDHE-RSA-AES128-GCM-SHA256 AuthHeader dashboard-13469-deplosite.co.s3.ap-south-1.amazonaws.com TLSv1.2 -
926edd7fc352944e00136403e5cafe7fe3695d10e37130b83db9dca05882ea4f dashboard-13469-deplosite.co [21/Mar/2022:14:09:07 +0000] 223.186.38.235 926edd7fc352944e00136403e5cafe7fe3695d10e37130b83db9dca05882ea4f HHT6QKETREWWM6J0 REST.GET.ACL - "GET /?acl HTTP/1.1" 200 - 480 - 6 - "-" "S3Console/0.4, aws-internal/3 aws-sdk-java/1.11.1030 Linux/5.4.181-109.354.amzn2int.x86_64 OpenJDK_64-Bit_Server_VM/25.302-b08 java/1.8.0_302 vendor/Oracle_Corporation cfg/retry-mode/standard" - vAhoCRDf9nnoS+AEcRDkyOn+idqeqfJVwmXq0J0hTbUN8KS2gX/inbZjZDLL4FpymosmvF3HabM= SigV4 ECDHE-RSA-AES128-GCM-SHA256 AuthHeader dashboard-13469-deplosite.co.s3.ap-south-1.amazonaws.com TLSv1.2 -
926edd7fc352944e00136403e5cafe7fe3695d10e37130b83db9dca05882ea4f dashboard-13469-deplosite.co [21/Mar/2022:14:09:07 +0000] 223.186.38.235 926edd7fc352944e00136403e5cafe7fe3695d10e37130b83db9dca05882ea4f HHTC2X4F3VXRE6GD REST.GET.PUBLIC_ACCESS_BLOCK - "GET /?publicAccessBlock HTTP/1.1" 404 NoSuchPublicAccessBlockConfiguration 358 - 15 - "-" "S3Console/0.4, aws-internal/3 aws-sdk-java/1.11.1030 Linux/5.4.181-109.354.amzn2int.x86_64 OpenJDK_64-Bit_Server_VM/25.302-b08 java/1.8.0_302 vendor/Oracle_Corporation cfg/retry-mode/standard" - qm+anzArWFytERicviRFapa7iasN3rmLESbNLrNWwnX0s0XTZDJ9tviX/9R3P7zeY3Tf9lQGiPs= SigV4 ECDHE-RSA-AES128-GCM-SHA256 AuthHeader dashboard-13469-deplosite.co.s3.ap-south-1.amazonaws.com TLSv1.2 -

926edd7fc352944e00136403e5cafe7fe3695d10e37130b83db9dca05882ea4f dashboard-13469-deplosite.co [21/Mar/2022:14:09:07 +0000] 223.186.38.235 926edd7fc352944e00136403e5cafe7fe3695d10e37130b83db9dca05882ea4f HHT1WSXCMXWQFKF6 REST.HEAD.BUCKET - "HEAD /dashboard-13469-deplosite.co HTTP/1.1" 200 - - - 13 13 "-" "S3Console/0.4, aws-internal/3 aws-sdk-java/1.11.1030 Linux/5.4.181-109.354.amzn2int.x86_64 OpenJDK_64-Bit_Server_VM/25.302-b08 java/1.8.0_302 vendor/Oracle_Corporation cfg/retry-mode/standard" - 2e7OLC8X4tdvFwSAAw1Sk+e0vnxgiIzn9USSxwN7tLAfOEKW7rZE91/vzDzzPzN0PZgIqPZZQZk= SigV4 ECDHE-RSA-AES128-GCM-SHA256 AuthHeader s3.ap-south-1.amazonaws.com TLSv1.2 -

926edd7fc352944e00136403e5cafe7fe3695d10e37130b83db9dca05882ea4f dashboard-13469-deplosite.co [21/Mar/2022:14:10:43 +0000] 223.186.38.235 - 57337P1A13A01YDE WEBSITE.GET.OBJECT index.html "GET / HTTP/1.1" 304 - - 26600 19 - "-" "Mozilla/5.0 (Windows NT 10.0; Win64; x64) AppleWebKit/537.36 (KHTML, like Gecko) Chrome/99.0.4844.74 Safari/537.36 Edg/99.0.1150.46" - eevgdz4N+6l01+Z+G2B2jU8N3sVMIbzX4wFEHoYTCgdhr2LI4rydQ6TLrUXjjpQgr+uV9/BLmDQ= - - - dashboard-13469-deplosite.co.s3-website.ap-south-1.amazonaws.com - -
926edd7fc352944e00136403e5cafe7fe3695d10e37130b83db9dca05882ea4f dashboard-13469-deplosite.co [21/Mar/2022:14:10:48 +0000] 223.186.38.235 - 9Q727J0TE5ZC5V72 WEBSITE.GET.OBJECT index.html "GET / HTTP/1.1" 304 - - 26600 4 - "-" "Mozilla/5.0 (Windows NT 10.0; Win64; x64) AppleWebKit/537.36 (KHTML, like Gecko) Chrome/99.0.4844.74 Safari/537.36 Edg/99.0.1150.46" - zaiu2ELcZRz3aSQyPc7mMKt00E0I1x/dOuXzqbz0e6ZisREEBpZVppVF49Z0BqmUf0EuBus6XuU= - - - dashboard-13469-deplosite.co.s3-website.ap-south-1.amazonaws.com - -
926edd7fc352944e00136403e5cafe7fe3695d10e37130b83db9dca05882ea4f dashboard-13469-deplosite.co [21/Mar/2022:14:10:48 +0000] 223.186.38.235 - 9Q75KVH1A7K75R7Z WEBSITE.GET.OBJECT index.html "GET / HTTP/1.1" 304 - - 26600 9 - "-" "Mozilla/5.0 (Windows NT 10.0; Win64; x64) AppleWebKit/537.36 (KHTML, like Gecko) Chrome/99.0.4844.74 Safari/537.36 Edg/99.0.1150.46" - Hd2kjISxSarLCock4izgIawaL+2boXt20uxjT93s2euAa05Rsbigs52WP9F8sF3GX7XdeBVRL3c= - - - dashboard-13469-deplosite.co.s3-website.ap-south-1.amazonaws.com - -
926edd7fc352944e00136403e5cafe7fe3695d10e37130b83db9dca05882ea4f dashboard-13469-deplosite.co [21/Mar/2022:14:10:49 +0000] 223.186.38.235 - C543X8PEWEVAYTEY WEBSITE.GET.OBJECT index.html "GET / HTTP/1.1" 304 - - 26600 8 - "-" "Mozilla/5.0 (Windows NT 10.0; Win64; x64) AppleWebKit/537.36 (KHTML, like Gecko) Chrome/99.0.4844.74 Safari/537.36 Edg/99.0.1150.46" - 8wl8ETRz2O+XKMjpE+E07RyKs+EyoHCPf4lR5iWBAkdYNQkfHB1AtJYB2zhiRaOAlLRDhAqbWZ8= - - - dashboard-13469-deplosite.co.s3-website.ap-south-1.amazonaws.com - -
926edd7fc352944e00136403e5cafe7fe3695d10e37130b83db9dca05882ea4f dashboard-13469-deplosite.co [21/Mar/2022:14:10:52 +0000] 223.186.38.235 - 1DM8WB7ZJWSM0HFV WEBSITE.GET.OBJECT index.html "GET / HTTP/1.1" 304 - - 26600 5 - "-" "Mozilla/5.0 (Windows NT 10.0; Win64; x64) AppleWebKit/537.36 (KHTML, like Gecko) Chrome/99.0.4844.74 Safari/537.36 Edg/99.0.1150.46" - rDKFyRh18hSb84KyiCqKDbVO9c6/Wl1RT/bCYvAk3wwvQKxSeq22Ukwd4HcDYTjADYbew1I+ftY= - - - dashboard-13469-deplosite.co.s3-website.ap-south-1.amazonaws.com - -
926edd7fc352944e00136403e5cafe7fe3695d10e37130b83db9dca05882ea4f dashboard-13469-deplosite.co [21/Mar/2022:14:10:53 +0000] 223.186.38.235 - MXDDVCHT9PF8GGPA WEBSITE.GET.OBJECT index.html "GET / HTTP/1.1" 304 - - 26600 4 - "-" "Mozilla/5.0 (Windows NT 10.0; Win64; x64) AppleWebKit/537.36 (KHTML, like Gecko) Chrome/99.0.4844.74 Safari/537.36 Edg/99.0.1150.46" - gaegbMmjHpIsXNlALCuBPSIUr7Uhw/du3i1DWAdrgNUkPR/0MNFE+nvVx5F143QwMnELaiwKdQ8= - - - dashboard-13469-deplosite.co.s3-website.ap-south-1.amazonaws.com - -
926edd7fc352944e00136403e5cafe7fe3695d10e37130b83db9dca05882ea4f dashboard-13469-deplosite.co [21/Mar/2022:14:10:56 +0000] 223.186.38.235 - GKKJ4767T3DF5MVT WEBSITE.GET.OBJECT index.html "GET / HTTP/1.1" 304 - - 26600 6 - "-" "Mozilla/5.0 (Windows NT 10.0; Win64; x64) AppleWebKit/537.36 (KHTML, like Gecko) Chrome/99.0.4844.74 Safari/537.36 Edg/99.0.1150.46" - TEQF11JR2OxyvXqOOFY1eszXKKZblJodGETXqqsJmJTVgQaC7SC8j2hzXMifVJmNrds94qqFZFQ= - - - dashboard-13469-deplosite.co.s3-website.ap-south-1.amazonaws.com - -
926edd7fc352944e00136403e5cafe7fe3695d10e37130b83db9dca05882ea4f dashboard-13469-deplosite.co [21/Mar/2022:14:10:59 +0000] 223.186.38.235 - 6ACGAFGZ6CCS6RDC WEBSITE.GET.OBJECT index.html "GET / HTTP/1.1" 304 - - 26600 7 - "-" "Mozilla/5.0 (Windows NT 10.0; Win64; x64) AppleWebKit/537.36 (KHTML, like Gecko) Chrome/99.0.4844.74 Safari/537.36 Edg/99.0.1150.46" - zBaFEvQdjdowjmjWRIk+7Kb+WemqrVNtbLr/rT/qh75WHuIjLQq6k+2eGV2RMF9oOLUQLCt70po= - - - dashboard-13469-deplosite.co.s3-website.ap-south-1.amazonaws.com - -
926edd7fc352944e00136403e5cafe7fe3695d10e37130b83db9dca05882ea4f dashboard-13469-deplosite.co [21/Mar/2022:14:11:03 +0000] 223.186.38.235 - GFVM7T6HH7WN7T4P WEBSITE.GET.OBJECT index.html "GET / HTTP/1.1" 304 - - 26600 19 - "-" "Mozilla/5.0 (Windows NT 10.0; Win64; x64) AppleWebKit/537.36 (KHTML, like Gecko) Chrome/99.0.4844.74 Safari/537.36 Edg/99.0.1150.46" - gHIUu1HxQ+FSL3xWFdbXiUa8aRbNMVkNcjxWmBdjoYnTSdLFuBtFj0dSUalKMO9KWKz+0v5H884= - - - dashboard-13469-deplosite.co.s3-website.ap-south-1.amazonaws.com - -
926edd7fc352944e00136403e5cafe7fe3695d10e37130b83db9dca05882ea4f dashboard-13469-deplosite.co [21/Mar/2022:14:11:06 +0000] 223.186.38.235 - XZAFW91FADBAN93S WEBSITE.GET.OBJECT index.html "GET / HTTP/1.1" 304 - - 26600 6 - "-" "Mozilla/5.0 (Windows NT 10.0; Win64; x64) AppleWebKit/537.36 (KHTML, like Gecko) Chrome/99.0.4844.74 Safari/537.36 Edg/99.0.1150.46" - n37VHvzwpfQ1504NiEOBg33a8cSn1qSRbfM6hZoSTZlJvhit3XHnxl4LZXtsVOLyFcjb5Wlpy/M= - - - dashboard-13469-deplosite.co.s3-website.ap-south-1.amazonaws.com - -

926edd7fc352944e00136403e5cafe7fe3695d10e37130b83db9dca05882ea4f dashboard-13469-deplosite.co [21/Mar/2022:14:10:36 +0000] 223.186.38.235 926edd7fc352944e00136403e5cafe7fe3695d10e37130b83db9dca05882ea4f 9WZCF2JKHS7DD8H2 REST.GET.OWNERSHIP_CONTROLS - "GET /dashboard-13469-deplosite.co?ownershipControls= HTTP/1.1" 404 OwnershipControlsNotFoundError 306 - 57 56 "-" "S3Console/0.4, aws-internal/3 aws-sdk-java/1.11.1030 Linux/5.4.181-109.354.amzn2int.x86_64 OpenJDK_64-Bit_Server_VM/25.302-b08 java/1.8.0_302 vendor/Oracle_Corporation cfg/retry-mode/standard" - pjccHnNSS1OdADrAHiqhhpTe6wfVH4QT+fOyzEr1z7B6nbb4jIwL8B10mYtSeto8GLaFz7AQzWs= SigV4 ECDHE-RSA-AES128-GCM-SHA256 AuthHeader s3.ap-south-1.amazonaws.com TLSv1.2 -

926edd7fc352944e00136403e5cafe7fe3695d10e37130b83db9dca05882ea4f dashboard-13469-deplosite.co [21/Mar/2022:14:09:02 +0000] 223.186.38.235 926edd7fc352944e00136403e5cafe7fe3695d10e37130b83db9dca05882ea4f BZDNWY2G4W46NBK0 REST.GET.OWNERSHIP_CONTROLS - "GET /dashboard-13469-deplosite.co?ownershipControls= HTTP/1.1" 404 OwnershipControlsNotFoundError 318 - 62 62 "-" "S3Console/0.4, aws-internal/3 aws-sdk-java/1.11.1030 Linux/5.4.181-109.354.amzn2int.x86_64 OpenJDK_64-Bit_Server_VM/25.302-b08 java/1.8.0_302 vendor/Oracle_Corporation cfg/retry-mode/standard" - pCwm7niqs3WADmAHbFKXWBriZC7f7JG9600QLvq3REFkDN0wrUcYlEMie7i64UkrBiGw6dMvwACKmnHWeKN/Yg== SigV4 ECDHE-RSA-AES128-GCM-SHA256 AuthHeader s3.ap-south-1.amazonaws.com TLSv1.2 -

926edd7fc352944e00136403e5cafe7fe3695d10e37130b83db9dca05882ea4f dashboard-13469-deplosite.co [21/Mar/2022:14:08:54 +0000] 223.186.38.235 926edd7fc352944e00136403e5cafe7fe3695d10e37130b83db9dca05882ea4f 5MG39T11C7RACEEF REST.GET.ENCRYPTION - "GET /dashboard-13469-deplosite.co?encryption= HTTP/1.1" 404 ServerSideEncryptionConfigurationNotFoundError 371 - 16 - "-" "S3Console/0.4, aws-internal/3 aws-sdk-java/1.11.1030 Linux/5.4.181-109.354.amzn2int.x86_64 OpenJDK_64-Bit_Server_VM/25.302-b08 java/1.8.0_302 vendor/Oracle_Corporation cfg/retry-mode/standard" - PzloilxEkA6dlWTZGua+Aa2u5YC0eNvOS48srOjDZHIp1gUETPqcalbwska+r3evh/3Id1VZ6iI= SigV4 ECDHE-RSA-AES128-GCM-SHA256 AuthHeader s3.ap-south-1.amazonaws.com TLSv1.2 -
926edd7fc352944e00136403e5cafe7fe3695d10e37130b83db9dca05882ea4f dashboard-13469-deplosite.co [21/Mar/2022:14:09:07 +0000] 223.186.38.235 926edd7fc352944e00136403e5cafe7fe3695d10e37130b83db9dca05882ea4f HHT4RCBZPBE8J3V6 REST.HEAD.BUCKET - "HEAD /dashboard-13469-deplosite.co HTTP/1.1" 200 - - - 2 1 "-" "S3Console/0.4, aws-internal/3 aws-sdk-java/1.11.1030 Linux/5.4.181-109.354.amzn2int.x86_64 OpenJDK_64-Bit_Server_VM/25.302-b08 java/1.8.0_302 vendor/Oracle_Corporation cfg/retry-mode/standard" - 7yB6vCUdlE/jpmGMCicSPyeNGzcxWrE+SP5LEmD5jEkxFeUDYGeznirylUyU2r1OCiejbAcex2U= SigV4 ECDHE-RSA-AES128-GCM-SHA256 AuthHeader s3.ap-south-1.amazonaws.com TLSv1.2 -

926edd7fc352944e00136403e5cafe7fe3695d10e37130b83db9dca05882ea4f dashboard-13469-deplosite.co [21/Mar/2022:14:06:27 +0000] 223.186.38.235 926edd7fc352944e00136403e5cafe7fe3695d10e37130b83db9dca05882ea4f 2MP78HV8F39NPKJG REST.GET.ACL - "GET /?acl HTTP/1.1" 200 - 480 - 5 - "-" "S3Console/0.4, aws-internal/3 aws-sdk-java/1.11.1030 Linux/5.4.181-109.354.amzn2int.x86_64 OpenJDK_64-Bit_Server_VM/25.302-b08 java/1.8.0_302 vendor/Oracle_Corporation cfg/retry-mode/standard" - 75E9Qqu7dv1PJCKXKch/cpa0wlzIzwBaju3MN6+CEconHV/UTC7cTQbumR4qHujgCyS7+tX4wGw= SigV4 ECDHE-RSA-AES128-GCM-SHA256 AuthHeader dashboard-13469-deplosite.co.s3.ap-south-1.amazonaws.com TLSv1.2 -
926edd7fc352944e00136403e5cafe7fe3695d10e37130b83db9dca05882ea4f dashboard-13469-deplosite.co [21/Mar/2022:14:06:27 +0000] 223.186.38.235 926edd7fc352944e00136403e5cafe7fe3695d10e37130b83db9dca05882ea4f 2MPAN3YQWA6EE5XA REST.GET.POLICY_STATUS - "GET /?policyStatus HTTP/1.1" 200 - 141 - 9 - "-" "S3Console/0.4, aws-internal/3 aws-sdk-java/1.11.1030 Linux/5.4.181-109.354.amzn2int.x86_64 OpenJDK_64-Bit_Server_VM/25.302-b08 java/1.8.0_302 vendor/Oracle_Corporation cfg/retry-mode/standard" - Su1e8k5KsF4xnPUVIVw0hHqw4r2s/qFUmafUaxlAX9k5727E8pFVMdL+HtQWcA5IX9cYJFHHJv4= SigV4 ECDHE-RSA-AES128-GCM-SHA256 AuthHeader dashboard-13469-deplosite.co.s3.ap-south-1.amazonaws.com TLSv1.2 -
926edd7fc352944e00136403e5cafe7fe3695d10e37130b83db9dca05882ea4f dashboard-13469-deplosite.co [21/Mar/2022:14:06:27 +0000] 223.186.38.235 926edd7fc352944e00136403e5cafe7fe3695d10e37130b83db9dca05882ea4f 2MPEZ9R4RZES1V0K REST.GET.PUBLIC_ACCESS_BLOCK - "GET /?publicAccessBlock HTTP/1.1" 404 NoSuchPublicAccessBlockConfiguration 358 - 13 - "-" "S3Console/0.4, aws-internal/3 aws-sdk-java/1.11.1030 Linux/5.4.181-109.354.amzn2int.x86_64 OpenJDK_64-Bit_Server_VM/25.302-b08 java/1.8.0_302 vendor/Oracle_Corporation cfg/retry-mode/standard" - DuO6x9ztIp43qbakc9cWio/N/7mXRwI55zktxPHzp7HupmUWLt2HtUNwFeOh/8S4K7d6VIko6zc= SigV4 ECDHE-RSA-AES128-GCM-SHA256 AuthHeader dashboard-13469-deplosite.co.s3.ap-south-1.amazonaws.com TLSv1.2 -

926edd7fc352944e00136403e5cafe7fe3695d10e37130b83db9dca05882ea4f dashboard-13469-deplosite.co [21/Mar/2022:14:09:08 +0000] 223.186.38.235 926edd7fc352944e00136403e5cafe7fe3695d10e37130b83db9dca05882ea4f GZXXSKD6BP30X1E9 REST.GET.OWNERSHIP_CONTROLS - "GET /dashboard-13469-deplosite.co?ownershipControls= HTTP/1.1" 404 OwnershipControlsNotFoundError 306 - 63 62 "-" "S3Console/0.4, aws-internal/3 aws-sdk-java/1.11.1030 Linux/5.4.181-109.354.amzn2int.x86_64 OpenJDK_64-Bit_Server_VM/25.302-b08 java/1.8.0_302 vendor/Oracle_Corporation cfg/retry-mode/standard" - Wb1uXLjOnqLWTg38p5XB9EBaizJvqX/Hr6CG7CIJzM/Qx6wW779nb79J3muMMJB0/Fh/DaOeeHQ= SigV4 ECDHE-RSA-AES128-GCM-SHA256 AuthHeader s3.ap-south-1.amazonaws.com TLSv1.2 -

926edd7fc352944e00136403e5cafe7fe3695d10e37130b83db9dca05882ea4f dashboard-13469-deplosite.co [21/Mar/2022:14:08:54 +0000] 223.186.38.235 926edd7fc352944e00136403e5cafe7fe3695d10e37130b83db9dca05882ea4f 5MG0C9ERT39NG6PD REST.GET.VERSIONING - "GET /dashboard-13469-deplosite.co?versioning= HTTP/1.1" 200 - 113 - 14 - "-" "S3Console/0.4, aws-internal/3 aws-sdk-java/1.11.1030 Linux/5.4.181-109.354.amzn2int.x86_64 OpenJDK_64-Bit_Server_VM/25.302-b08 java/1.8.0_302 vendor/Oracle_Corporation cfg/retry-mode/standard" - 3UU478cZpZJr5nom3J7SgTvWwRGNMJZeZKPqgyLyQKGg2a1H8VinSSLJQLpVhdBZ1rh3T3H45aw= SigV4 ECDHE-RSA-AES128-GCM-SHA256 AuthHeader s3.ap-south-1.amazonaws.com TLSv1.2 -
926edd7fc352944e00136403e5cafe7fe3695d10e37130b83db9dca05882ea4f dashboard-13469-deplosite.co [21/Mar/2022:14:09:07 +0000] 223.186.38.235 926edd7fc352944e00136403e5cafe7fe3695d10e37130b83db9dca05882ea4f HHT53XP8MSAQ0R9D REST.GET.OWNERSHIP_CONTROLS - "GET /dashboard-13469-deplosite.co?ownershipControls= HTTP/1.1" 404 OwnershipControlsNotFoundError 306 - 48 48 "-" "S3Console/0.4, aws-internal/3 aws-sdk-java/1.11.1030 Linux/5.4.181-109.354.amzn2int.x86_64 OpenJDK_64-Bit_Server_VM/25.302-b08 java/1.8.0_302 vendor/Oracle_Corporation cfg/retry-mode/standard" - TObKTsLtetG5gbrf73K0CyUCLQmewkqXrNdgu1jTaCDR5pHiWeOwVZmKMsFUpL6Dr1hWnM5hWVA= SigV4 ECDHE-RSA-AES128-GCM-SHA256 AuthHeader s3.ap-south-1.amazonaws.com TLSv1.2 -

926edd7fc352944e00136403e5cafe7fe3695d10e37130b83db9dca05882ea4f dashboard-13469-deplosite.co [21/Mar/2022:14:10:40 +0000] 223.186.38.235 926edd7fc352944e00136403e5cafe7fe3695d10e37130b83db9dca05882ea4f 0PCCQN6QDQ7PH6BQ REST.GET.NOTIFICATION - "GET /dashboard-13469-deplosite.co?notification= HTTP/1.1" 200 - 115 - 15 - "-" "S3Console/0.4, aws-internal/3 aws-sdk-java/1.11.1030 Linux/5.4.181-109.354.amzn2int.x86_64 OpenJDK_64-Bit_Server_VM/25.302-b08 java/1.8.0_302 vendor/Oracle_Corporation cfg/retry-mode/standard" - T1WFxhZ1TKRz5RoF2p1R8Y4QiWK+0rtDfNsNbic2L8SKEnD1ForqgGGY/bHIdCIv+GFc/pTOGcU= SigV4 ECDHE-RSA-AES128-GCM-SHA256 AuthHeader s3.ap-south-1.amazonaws.com TLSv1.2 -

926edd7fc352944e00136403e5cafe7fe3695d10e37130b83db9dca05882ea4f dashboard-13469-deplosite.co [22/Mar/2022:06:34:30 +0000] 43.247.159.8 926edd7fc352944e00136403e5cafe7fe3695d10e37130b83db9dca05882ea4f E7PJF4N1R7B0E8KX REST.HEAD.BUCKET - "HEAD /dashboard-13469-deplosite.co HTTP/1.1" 200 - - - 15 14 "-" "S3Console/0.4, aws-internal/3 aws-sdk-java/1.11.1030 Linux/5.4.181-109.354.amzn2int.x86_64 OpenJDK_64-Bit_Server_VM/25.302-b08 java/1.8.0_302 vendor/Oracle_Corporation cfg/retry-mode/standard" - dtbddTTsYOLc6nuEfLorLVUyvhjTz1W9XdK3vwF5pSXKe1zR6vLBusv8QusVz7Zcs2AfaUR6eac= SigV4 ECDHE-RSA-AES128-GCM-SHA256 AuthHeader s3.ap-south-1.amazonaws.com TLSv1.2 -

926edd7fc352944e00136403e5cafe7fe3695d10e37130b83db9dca05882ea4f dashboard-13469-deplosite.co [22/Mar/2022:06:34:30 +0000] 43.247.159.8 926edd7fc352944e00136403e5cafe7fe3695d10e37130b83db9dca05882ea4f E7PSMMDBEFDJ27QY REST.GET.PUBLIC_ACCESS_BLOCK - "GET /?publicAccessBlock HTTP/1.1" 404 NoSuchPublicAccessBlockConfiguration 358 - 14 - "-" "S3Console/0.4, aws-internal/3 aws-sdk-java/1.11.1030 Linux/5.4.181-109.354.amzn2int.x86_64 OpenJDK_64-Bit_Server_VM/25.302-b08 java/1.8.0_302 vendor/Oracle_Corporation cfg/retry-mode/standard" - oNzehcJ99kaXkYxbA4PjCqbNO7SrlsUSRkXkGlHOes6kBjZiIzZYVYDr4gmUO3RDK7mf7p+UiWU= SigV4 ECDHE-RSA-AES128-GCM-SHA256 AuthHeader dashboard-13469-deplosite.co.s3.ap-south-1.amazonaws.com TLSv1.2 -
926edd7fc352944e00136403e5cafe7fe3695d10e37130b83db9dca05882ea4f dashboard-13469-deplosite.co [22/Mar/2022:06:34:31 +0000] 43.247.159.8 926edd7fc352944e00136403e5cafe7fe3695d10e37130b83db9dca05882ea4f QMP4NPAKNMYR0R66 REST.GET.ACL - "GET /?acl HTTP/1.1" 200 - 480 - 5 - "-" "S3Console/0.4, aws-internal/3 aws-sdk-java/1.11.1030 Linux/5.4.181-109.354.amzn2int.x86_64 OpenJDK_64-Bit_Server_VM/25.302-b08 java/1.8.0_302 vendor/Oracle_Corporation cfg/retry-mode/standard" - r8S6c1bLy7jU+VR0NHsYxfZ51wRCwjSgBG7cMR6N5ASIEDFKFRMhGYzp4Ugk+BLabX1ncE2p77M= SigV4 ECDHE-RSA-AES128-GCM-SHA256 AuthHeader dashboard-13469-deplosite.co.s3.ap-south-1.amazonaws.com TLSv1.2 -
926edd7fc352944e00136403e5cafe7fe3695d10e37130b83db9dca05882ea4f dashboard-13469-deplosite.co [22/Mar/2022:06:34:31 +0000] 43.247.159.8 926edd7fc352944e00136403e5cafe7fe3695d10e37130b83db9dca05882ea4f QMP4ZSH38JJXGFFW REST.GET.POLICY_STATUS - "GET /?policyStatus HTTP/1.1" 200 - 141 - 7 - "-" "S3Console/0.4, aws-internal/3 aws-sdk-java/1.11.1030 Linux/5.4.181-109.354.amzn2int.x86_64 OpenJDK_64-Bit_Server_VM/25.302-b08 java/1.8.0_302 vendor/Oracle_Corporation cfg/retry-mode/standard" - Vp6XO9wPa+vXYJ1C+Lw9/TbQ2D0FNEKp4iUnGpLmlpNZdJ9M29k5FocyAzl3XxFKhap0recSAb4= SigV4 ECDHE-RSA-AES128-GCM-SHA256 AuthHeader dashboard-13469-deplosite.co.s3.ap-south-1.amazonaws.com TLSv1.2 -

926edd7fc352944e00136403e5cafe7fe3695d10e37130b83db9dca05882ea4f dashboard-13469-deplosite.co [23/Mar/2022:06:14:37 +0000] 43.247.159.8 926edd7fc352944e00136403e5cafe7fe3695d10e37130b83db9dca05882ea4f CC087X8B4NWB5AJG REST.GET.ACL - "GET /?acl HTTP/1.1" 200 - 480 - 8 - "-" "S3Console/0.4, aws-internal/3 aws-sdk-java/1.11.1030 Linux/5.4.181-109.354.amzn2int.x86_64 OpenJDK_64-Bit_Server_VM/25.302-b08 java/1.8.0_302 vendor/Oracle_Corporation cfg/retry-mode/standard" - 2uKnH9Hd/TMnqkYhzlpcK5E2z7H5jql1YxCuSupeWwShAr5zErnUHC7gi5ORgyooD9nCewpTcLU= SigV4 ECDHE-RSA-AES128-GCM-SHA256 AuthHeader dashboard-13469-deplosite.co.s3.ap-south-1.amazonaws.com TLSv1.2 -
926edd7fc352944e00136403e5cafe7fe3695d10e37130b83db9dca05882ea4f dashboard-13469-deplosite.co [23/Mar/2022:06:14:37 +0000] 43.247.159.8 926edd7fc352944e00136403e5cafe7fe3695d10e37130b83db9dca05882ea4f CC0ABQBJ69G5M9ED REST.GET.PUBLIC_ACCESS_BLOCK - "GET /?publicAccessBlock HTTP/1.1" 404 NoSuchPublicAccessBlockConfiguration 358 - 18 - "-" "S3Console/0.4, aws-internal/3 aws-sdk-java/1.11.1030 Linux/5.4.181-109.354.amzn2int.x86_64 OpenJDK_64-Bit_Server_VM/25.302-b08 java/1.8.0_302 vendor/Oracle_Corporation cfg/retry-mode/standard" - iykFZhysm8ylIgHYqOaJkdYo2Vbb/rgO4yY6qYmhRH6cGJpdH0AsCTIxWoydWAbxjDVXyfjKx7w= SigV4 ECDHE-RSA-AES128-GCM-SHA256 AuthHeader dashboard-13469-deplosite.co.s3.ap-south-1.amazonaws.com TLSv1.2 -
926edd7fc352944e00136403e5cafe7fe3695d10e37130b83db9dca05882ea4f dashboard-13469-deplosite.co [23/Mar/2022:06:14:37 +0000] 43.247.159.8 926edd7fc352944e00136403e5cafe7fe3695d10e37130b83db9dca05882ea4f CC0B2Z15A2FQN3AC REST.GET.POLICY_STATUS - "GET /?policyStatus HTTP/1.1" 200 - 141 - 6 - "-" "S3Console/0.4, aws-internal/3 aws-sdk-java/1.11.1030 Linux/5.4.181-109.354.amzn2int.x86_64 OpenJDK_64-Bit_Server_VM/25.302-b08 java/1.8.0_302 vendor/Oracle_Corporation cfg/retry-mode/standard" - w44nguZMTHEUVGz4M6S/rNV5HsJ96zFNwrAqbXd5LI2Co7hX3V9MmEObMlkEw8KLIW/kULDv6EU= SigV4 ECDHE-RSA-AES128-GCM-SHA256 AuthHeader dashboard-13469-deplosite.co.s3.ap-south-1.amazonaws.com TLSv1.2 -

926edd7fc352944e00136403e5cafe7fe3695d10e37130b83db9dca05882ea4f dashboard-13469-deplosite.co [23/Mar/2022:06:14:37 +0000] 43.247.159.8 926edd7fc352944e00136403e5cafe7fe3695d10e37130b83db9dca05882ea4f CC07VSYH1MD0THNK REST.HEAD.BUCKET - "HEAD /dashboard-13469-deplosite.co HTTP/1.1" 200 - - - 13 12 "-" "S3Console/0.4, aws-internal/3 aws-sdk-java/1.11.1030 Linux/5.4.181-109.354.amzn2int.x86_64 OpenJDK_64-Bit_Server_VM/25.302-b08 java/1.8.0_302 vendor/Oracle_Corporation cfg/retry-mode/standard" - ke7+0VukwtpnL7TUPls3cV5+qxXB09eI84zvjd0TYdRMQ88x0fNLm4cHk5c3BovygYV7w909vQ4Gl7RGSFKUkA== SigV4 ECDHE-RSA-AES128-GCM-SHA256 AuthHeader s3.ap-south-1.amazonaws.com TLSv1.2 -

926edd7fc352944e00136403e5cafe7fe3695d10e37130b83db9dca05882ea4f dashboard-13469-deplosite.co [24/Mar/2022:19:37:46 +0000] 43.247.159.8 926edd7fc352944e00136403e5cafe7fe3695d10e37130b83db9dca05882ea4f JM3HES5FRTVJ397T REST.GET.ACL - "GET /?acl HTTP/1.1" 200 - 480 - 7 - "-" "S3Console/0.4, aws-internal/3 aws-sdk-java/1.11.1030 Linux/5.4.181-109.354.amzn2int.x86_64 OpenJDK_64-Bit_Server_VM/25.302-b08 java/1.8.0_302 vendor/Oracle_Corporation cfg/retry-mode/standard" - SkndXEnZVUwPMLWpBy/ntkrUhSsrXMoG1BKxRc0VBGJOZI3QKPTCQ4LHnM3D4n9uGz7l691VaYI= SigV4 ECDHE-RSA-AES128-GCM-SHA256 AuthHeader dashboard-13469-deplosite.co.s3.ap-south-1.amazonaws.com TLSv1.2 -
926edd7fc352944e00136403e5cafe7fe3695d10e37130b83db9dca05882ea4f dashboard-13469-deplosite.co [24/Mar/2022:19:37:46 +0000] 43.247.159.8 926edd7fc352944e00136403e5cafe7fe3695d10e37130b83db9dca05882ea4f JM3WTF197335YNM9 REST.GET.POLICY_STATUS - "GET /?policyStatus HTTP/1.1" 200 - 141 - 11 - "-" "S3Console/0.4, aws-internal/3 aws-sdk-java/1.11.1030 Linux/5.4.181-109.354.amzn2int.x86_64 OpenJDK_64-Bit_Server_VM/25.302-b08 java/1.8.0_302 vendor/Oracle_Corporation cfg/retry-mode/standard" - Lcl01m+sDYpPjbfW3wG/B/RXhrZQKT8aGxKVOUjJTjw1OE9GfiHXajOwpXrVZSdJmzxGf86RZWU= SigV4 ECDHE-RSA-AES128-GCM-SHA256 AuthHeader dashboard-13469-deplosite.co.s3.ap-south-1.amazonaws.com TLSv1.2 -
926edd7fc352944e00136403e5cafe7fe3695d10e37130b83db9dca05882ea4f dashboard-13469-deplosite.co [24/Mar/2022:19:37:46 +0000] 43.247.159.8 926edd7fc352944e00136403e5cafe7fe3695d10e37130b83db9dca05882ea4f JM3YQA65DGRQ6NAJ REST.GET.PUBLIC_ACCESS_BLOCK - "GET /?publicAccessBlock HTTP/1.1" 404 NoSuchPublicAccessBlockConfiguration 358 - 20 - "-" "S3Console/0.4, aws-internal/3 aws-sdk-java/1.11.1030 Linux/5.4.181-109.354.amzn2int.x86_64 OpenJDK_64-Bit_Server_VM/25.302-b08 java/1.8.0_302 vendor/Oracle_Corporation cfg/retry-mode/standard" - lROreXOHBcA4ewaS3Ry0m0Hi37lbDetF36F4+/O41G1t6p164iXTKABCsAagJNMUQgUTrnUBafo= SigV4 ECDHE-RSA-AES128-GCM-SHA256 AuthHeader dashboard-13469-deplosite.co.s3.ap-south-1.amazonaws.com TLSv1.2 -

926edd7fc352944e00136403e5cafe7fe3695d10e37130b83db9dca05882ea4f dashboard-13469-deplosite.co [24/Mar/2022:19:37:46 +0000] 43.247.159.8 926edd7fc352944e00136403e5cafe7fe3695d10e37130b83db9dca05882ea4f JM3HES5FRTVJ397T REST.GET.ACL - "GET /?acl HTTP/1.1" 200 - 480 - 7 - "-" "S3Console/0.4, aws-internal/3 aws-sdk-java/1.11.1030 Linux/5.4.181-109.354.amzn2int.x86_64 OpenJDK_64-Bit_Server_VM/25.302-b08 java/1.8.0_302 vendor/Oracle_Corporation cfg/retry-mode/standard" - SkndXEnZVUwPMLWpBy/ntkrUhSsrXMoG1BKxRc0VBGJOZI3QKPTCQ4LHnM3D4n9uGz7l691VaYI= SigV4 ECDHE-RSA-AES128-GCM-SHA256 AuthHeader dashboard-13469-deplosite.co.s3.ap-south-1.amazonaws.com TLSv1.2 -
926edd7fc352944e00136403e5cafe7fe3695d10e37130b83db9dca05882ea4f dashboard-13469-deplosite.co [24/Mar/2022:19:37:46 +0000] 43.247.159.8 926edd7fc352944e00136403e5cafe7fe3695d10e37130b83db9dca05882ea4f JM3WTF197335YNM9 REST.GET.POLICY_STATUS - "GET /?policyStatus HTTP/1.1" 200 - 141 - 11 - "-" "S3Console/0.4, aws-internal/3 aws-sdk-java/1.11.1030 Linux/5.4.181-109.354.amzn2int.x86_64 OpenJDK_64-Bit_Server_VM/25.302-b08 java/1.8.0_302 vendor/Oracle_Corporation cfg/retry-mode/standard" - Lcl01m+sDYpPjbfW3wG/B/RXhrZQKT8aGxKVOUjJTjw1OE9GfiHXajOwpXrVZSdJmzxGf86RZWU= SigV4 ECDHE-RSA-AES128-GCM-SHA256 AuthHeader dashboard-13469-deplosite.co.s3.ap-south-1.amazonaws.com TLSv1.2 -
926edd7fc352944e00136403e5cafe7fe3695d10e37130b83db9dca05882ea4f dashboard-13469-deplosite.co [24/Mar/2022:19:37:46 +0000] 43.247.159.8 926edd7fc352944e00136403e5cafe7fe3695d10e37130b83db9dca05882ea4f JM3YQA65DGRQ6NAJ REST.GET.PUBLIC_ACCESS_BLOCK - "GET /?publicAccessBlock HTTP/1.1" 404 NoSuchPublicAccessBlockConfiguration 358 - 20 - "-" "S3Console/0.4, aws-internal/3 aws-sdk-java/1.11.1030 Linux/5.4.181-109.354.amzn2int.x86_64 OpenJDK_64-Bit_Server_VM/25.302-b08 java/1.8.0_302 vendor/Oracle_Corporation cfg/retry-mode/standard" - lROreXOHBcA4ewaS3Ry0m0Hi37lbDetF36F4+/O41G1t6p164iXTKABCsAagJNMUQgUTrnUBafo= SigV4 ECDHE-RSA-AES128-GCM-SHA256 AuthHeader dashboard-13469-deplosite.co.s3.ap-south-1.amazonaws.com TLSv1.2 -

926edd7fc352944e00136403e5cafe7fe3695d10e37130b83db9dca05882ea4f dashboard-13469-deplosite.co [24/Mar/2022:19:37:46 +0000] 43.247.159.8 926edd7fc352944e00136403e5cafe7fe3695d10e37130b83db9dca05882ea4f JM3HES5FRTVJ397T REST.GET.ACL - "GET /?acl HTTP/1.1" 200 - 480 - 7 - "-" "S3Console/0.4, aws-internal/3 aws-sdk-java/1.11.1030 Linux/5.4.181-109.354.amzn2int.x86_64 OpenJDK_64-Bit_Server_VM/25.302-b08 java/1.8.0_302 vendor/Oracle_Corporation cfg/retry-mode/standard" - SkndXEnZVUwPMLWpBy/ntkrUhSsrXMoG1BKxRc0VBGJOZI3QKPTCQ4LHnM3D4n9uGz7l691VaYI= SigV4 ECDHE-RSA-AES128-GCM-SHA256 AuthHeader dashboard-13469-deplosite.co.s3.ap-south-1.amazonaws.com TLSv1.2 -
926edd7fc352944e00136403e5cafe7fe3695d10e37130b83db9dca05882ea4f dashboard-13469-deplosite.co [24/Mar/2022:19:37:46 +0000] 43.247.159.8 926edd7fc352944e00136403e5cafe7fe3695d10e37130b83db9dca05882ea4f JM3WTF197335YNM9 REST.GET.POLICY_STATUS - "GET /?policyStatus HTTP/1.1" 200 - 141 - 11 - "-" "S3Console/0.4, aws-internal/3 aws-sdk-java/1.11.1030 Linux/5.4.181-109.354.amzn2int.x86_64 OpenJDK_64-Bit_Server_VM/25.302-b08 java/1.8.0_302 vendor/Oracle_Corporation cfg/retry-mode/standard" - Lcl01m+sDYpPjbfW3wG/B/RXhrZQKT8aGxKVOUjJTjw1OE9GfiHXajOwpXrVZSdJmzxGf86RZWU= SigV4 ECDHE-RSA-AES128-GCM-SHA256 AuthHeader dashboard-13469-deplosite.co.s3.ap-south-1.amazonaws.com TLSv1.2 -
926edd7fc352944e00136403e5cafe7fe3695d10e37130b83db9dca05882ea4f dashboard-13469-deplosite.co [24/Mar/2022:19:37:46 +0000] 43.247.159.8 926edd7fc352944e00136403e5cafe7fe3695d10e37130b83db9dca05882ea4f JM3YQA65DGRQ6NAJ REST.GET.PUBLIC_ACCESS_BLOCK - "GET /?publicAccessBlock HTTP/1.1" 404 NoSuchPublicAccessBlockConfiguration 358 - 20 - "-" "S3Console/0.4, aws-internal/3 aws-sdk-java/1.11.1030 Linux/5.4.181-109.354.amzn2int.x86_64 OpenJDK_64-Bit_Server_VM/25.302-b08 java/1.8.0_302 vendor/Oracle_Corporation cfg/retry-mode/standard" - lROreXOHBcA4ewaS3Ry0m0Hi37lbDetF36F4+/O41G1t6p164iXTKABCsAagJNMUQgUTrnUBafo= SigV4 ECDHE-RSA-AES128-GCM-SHA256 AuthHeader dashboard-13469-deplosite.co.s3.ap-south-1.amazonaws.com TLSv1.2 -

926edd7fc352944e00136403e5cafe7fe3695d10e37130b83db9dca05882ea4f dashboard-13469-deplosite.co [24/Mar/2022:19:37:46 +0000] 43.247.159.8 926edd7fc352944e00136403e5cafe7fe3695d10e37130b83db9dca05882ea4f JM3HES5FRTVJ397T REST.GET.ACL - "GET /?acl HTTP/1.1" 200 - 480 - 7 - "-" "S3Console/0.4, aws-internal/3 aws-sdk-java/1.11.1030 Linux/5.4.181-109.354.amzn2int.x86_64 OpenJDK_64-Bit_Server_VM/25.302-b08 java/1.8.0_302 vendor/Oracle_Corporation cfg/retry-mode/standard" - SkndXEnZVUwPMLWpBy/ntkrUhSsrXMoG1BKxRc0VBGJOZI3QKPTCQ4LHnM3D4n9uGz7l691VaYI= SigV4 ECDHE-RSA-AES128-GCM-SHA256 AuthHeader dashboard-13469-deplosite.co.s3.ap-south-1.amazonaws.com TLSv1.2 -
926edd7fc352944e00136403e5cafe7fe3695d10e37130b83db9dca05882ea4f dashboard-13469-deplosite.co [24/Mar/2022:19:37:46 +0000] 43.247.159.8 926edd7fc352944e00136403e5cafe7fe3695d10e37130b83db9dca05882ea4f JM3WTF197335YNM9 REST.GET.POLICY_STATUS - "GET /?policyStatus HTTP/1.1" 200 - 141 - 11 - "-" "S3Console/0.4, aws-internal/3 aws-sdk-java/1.11.1030 Linux/5.4.181-109.354.amzn2int.x86_64 OpenJDK_64-Bit_Server_VM/25.302-b08 java/1.8.0_302 vendor/Oracle_Corporation cfg/retry-mode/standard" - Lcl01m+sDYpPjbfW3wG/B/RXhrZQKT8aGxKVOUjJTjw1OE9GfiHXajOwpXrVZSdJmzxGf86RZWU= SigV4 ECDHE-RSA-AES128-GCM-SHA256 AuthHeader dashboard-13469-deplosite.co.s3.ap-south-1.amazonaws.com TLSv1.2 -
926edd7fc352944e00136403e5cafe7fe3695d10e37130b83db9dca05882ea4f dashboard-13469-deplosite.co [24/Mar/2022:19:37:46 +0000] 43.247.159.8 926edd7fc352944e00136403e5cafe7fe3695d10e37130b83db9dca05882ea4f JM3YQA65DGRQ6NAJ REST.GET.PUBLIC_ACCESS_BLOCK - "GET /?publicAccessBlock HTTP/1.1" 404 NoSuchPublicAccessBlockConfiguration 358 - 20 - "-" "S3Console/0.4, aws-internal/3 aws-sdk-java/1.11.1030 Linux/5.4.181-109.354.amzn2int.x86_64 OpenJDK_64-Bit_Server_VM/25.302-b08 java/1.8.0_302 vendor/Oracle_Corporation cfg/retry-mode/standard" - lROreXOHBcA4ewaS3Ry0m0Hi37lbDetF36F4+/O41G1t6p164iXTKABCsAagJNMUQgUTrnUBafo= SigV4 ECDHE-RSA-AES128-GCM-SHA256 AuthHeader dashboard-13469-deplosite.co.s3.ap-south-1.amazonaws.com TLSv1.2 -

926edd7fc352944e00136403e5cafe7fe3695d10e37130b83db9dca05882ea4f dashboard-13469-deplosite.co [24/Mar/2022:20:10:29 +0000] 43.247.159.8 926edd7fc352944e00136403e5cafe7fe3695d10e37130b83db9dca05882ea4f MD97TG8DSKWH596F REST.HEAD.BUCKET - "HEAD /dashboard-13469-deplosite.co HTTP/1.1" 200 - - - 14 13 "-" "S3Console/0.4, aws-internal/3 aws-sdk-java/1.11.1030 Linux/5.4.181-109.354.amzn2int.x86_64 OpenJDK_64-Bit_Server_VM/25.302-b08 java/1.8.0_302 vendor/Oracle_Corporation cfg/retry-mode/standard" - RgUQ+zp3q1XporfqRR7gCOKe95wVHcwOo5Wpzz3KZh/Cr6wMZfH5+BKP9z9OLsho5ClKEnfOJNE= SigV4 ECDHE-RSA-AES128-GCM-SHA256 AuthHeader s3.ap-south-1.amazonaws.com TLSv1.2 -

926edd7fc352944e00136403e5cafe7fe3695d10e37130b83db9dca05882ea4f dashboard-13469-deplosite.co [24/Mar/2022:20:59:33 +0000] 43.247.159.8 926edd7fc352944e00136403e5cafe7fe3695d10e37130b83db9dca05882ea4f ST91PR9YTT9ZGKD5 REST.GET.ACL - "GET /?acl HTTP/1.1" 200 - 480 - 5 - "-" "S3Console/0.4, aws-internal/3 aws-sdk-java/1.11.1030 Linux/5.4.181-109.354.amzn2int.x86_64 OpenJDK_64-Bit_Server_VM/25.302-b08 java/1.8.0_302 vendor/Oracle_Corporation cfg/retry-mode/standard" - 1PKOW8aLI2biur7JkFf2I6bLmmgWTkl6glZ61WLEo450AJNFfDohB31vRfSYoqms40kP82kaHv0= SigV4 ECDHE-RSA-AES128-GCM-SHA256 AuthHeader dashboard-13469-deplosite.co.s3.ap-south-1.amazonaws.com TLSv1.2 -
926edd7fc352944e00136403e5cafe7fe3695d10e37130b83db9dca05882ea4f dashboard-13469-deplosite.co [24/Mar/2022:20:59:33 +0000] 43.247.159.8 926edd7fc352944e00136403e5cafe7fe3695d10e37130b83db9dca05882ea4f ST9BQGJTTXYP72ZA REST.GET.POLICY_STATUS - "GET /?policyStatus HTTP/1.1" 200 - 141 - 13 - "-" "S3Console/0.4, aws-internal/3 aws-sdk-java/1.11.1030 Linux/5.4.181-109.354.amzn2int.x86_64 OpenJDK_64-Bit_Server_VM/25.302-b08 java/1.8.0_302 vendor/Oracle_Corporation cfg/retry-mode/standard" - xmbR07lwyMV5AEhUg/e/HzjfWkpxXMrNBylwB3yv4eqK48oozGY/NkcCs29k6n4S6zwChIX0UnM= SigV4 ECDHE-RSA-AES128-GCM-SHA256 AuthHeader dashboard-13469-deplosite.co.s3.ap-south-1.amazonaws.com TLSv1.2 -
926edd7fc352944e00136403e5cafe7fe3695d10e37130b83db9dca05882ea4f dashboard-13469-deplosite.co [24/Mar/2022:20:59:33 +0000] 43.247.159.8 926edd7fc352944e00136403e5cafe7fe3695d10e37130b83db9dca05882ea4f ST9F99THTGXAF169 REST.GET.PUBLIC_ACCESS_BLOCK - "GET /?publicAccessBlock HTTP/1.1" 404 NoSuchPublicAccessBlockConfiguration 358 - 15 - "-" "S3Console/0.4, aws-internal/3 aws-sdk-java/1.11.1030 Linux/5.4.181-109.354.amzn2int.x86_64 OpenJDK_64-Bit_Server_VM/25.302-b08 java/1.8.0_302 vendor/Oracle_Corporation cfg/retry-mode/standard" - fhDP86jjr4UppXOikqHkacx4Z8wSRJvfo8xlE31fbiE+TS+rZdk3HH/1QaIJZBoGNcy6YEQO8K0= SigV4 ECDHE-RSA-AES128-GCM-SHA256 AuthHeader dashboard-13469-deplosite.co.s3.ap-south-1.amazonaws.com TLSv1.2 -

926edd7fc352944e00136403e5cafe7fe3695d10e37130b83db9dca05882ea4f dashboard-13469-deplosite.co [24/Mar/2022:20:59:33 +0000] 43.247.159.8 926edd7fc352944e00136403e5cafe7fe3695d10e37130b83db9dca05882ea4f ST90JE02QKYVKEA3 REST.HEAD.BUCKET - "HEAD /dashboard-13469-deplosite.co HTTP/1.1" 200 - - - 18 18 "-" "S3Console/0.4, aws-internal/3 aws-sdk-java/1.11.1030 Linux/5.4.181-109.354.amzn2int.x86_64 OpenJDK_64-Bit_Server_VM/25.302-b08 java/1.8.0_302 vendor/Oracle_Corporation cfg/retry-mode/standard" - 0p4ZSi2n3XUpBigex4TzcbkG5SDduCmgYRFlcPSsmeublWKiSNTiozOaTUU0qC3m67OtOnoQuac= SigV4 ECDHE-RSA-AES128-GCM-SHA256 AuthHeader s3.ap-south-1.amazonaws.com TLSv1.2 -

926edd7fc352944e00136403e5cafe7fe3695d10e37130b83db9dca05882ea4f dashboard-13469-deplosite.co [24/Mar/2022:20:10:29 +0000] 43.247.159.8 926edd7fc352944e00136403e5cafe7fe3695d10e37130b83db9dca05882ea4f MD913HE7QR33BNXE REST.GET.ACL - "GET /?acl HTTP/1.1" 200 - 480 - 6 - "-" "S3Console/0.4, aws-internal/3 aws-sdk-java/1.11.1030 Linux/5.4.181-109.354.amzn2int.x86_64 OpenJDK_64-Bit_Server_VM/25.302-b08 java/1.8.0_302 vendor/Oracle_Corporation cfg/retry-mode/standard" - D9dOm3cx22Rrv9F+rVNl9dxDgcCn2pwZzw2yu2J/rb21/hXgTJqdh/6usYMDzk2yODcqLzchWLA= SigV4 ECDHE-RSA-AES128-GCM-SHA256 AuthHeader dashboard-13469-deplosite.co.s3.ap-south-1.amazonaws.com TLSv1.2 -
926edd7fc352944e00136403e5cafe7fe3695d10e37130b83db9dca05882ea4f dashboard-13469-deplosite.co [24/Mar/2022:20:10:29 +0000] 43.247.159.8 926edd7fc352944e00136403e5cafe7fe3695d10e37130b83db9dca05882ea4f MD9D7G7RV6MN7SP5 REST.GET.POLICY_STATUS - "GET /?policyStatus HTTP/1.1" 200 - 141 - 8 - "-" "S3Console/0.4, aws-internal/3 aws-sdk-java/1.11.1030 Linux/5.4.181-109.354.amzn2int.x86_64 OpenJDK_64-Bit_Server_VM/25.302-b08 java/1.8.0_302 vendor/Oracle_Corporation cfg/retry-mode/standard" - W4tYwpk+2K1SYAkK8Y9DT5ScM/nGCU241cX9h6sVlsfuol3k5cJ0+qM+KkAgB14Ciq5n0Qv0g+4= SigV4 ECDHE-RSA-AES128-GCM-SHA256 AuthHeader dashboard-13469-deplosite.co.s3.ap-south-1.amazonaws.com TLSv1.2 -
926edd7fc352944e00136403e5cafe7fe3695d10e37130b83db9dca05882ea4f dashboard-13469-deplosite.co [24/Mar/2022:20:10:29 +0000] 43.247.159.8 926edd7fc352944e00136403e5cafe7fe3695d10e37130b83db9dca05882ea4f MD9FDHAR291V10Q2 REST.GET.PUBLIC_ACCESS_BLOCK - "GET /?publicAccessBlock HTTP/1.1" 404 NoSuchPublicAccessBlockConfiguration 358 - 14 - "-" "S3Console/0.4, aws-internal/3 aws-sdk-java/1.11.1030 Linux/5.4.181-109.354.amzn2int.x86_64 OpenJDK_64-Bit_Server_VM/25.302-b08 java/1.8.0_302 vendor/Oracle_Corporation cfg/retry-mode/standard" - 5U4kpXaDSmr2HTsT327ROYv5umKscTDzJS5RMSsM0poV3N6qW57UeO3767a3Pk/Sz39w0O4lGGo= SigV4 ECDHE-RSA-AES128-GCM-SHA256 AuthHeader dashboard-13469-deplosite.co.s3.ap-south-1.amazonaws.com TLSv1.2 -

926edd7fc352944e00136403e5cafe7fe3695d10e37130b83db9dca05882ea4f dashboard-13469-deplosite.co [24/Mar/2022:20:59:34 +0000] 43.247.159.8 926edd7fc352944e00136403e5cafe7fe3695d10e37130b83db9dca05882ea4f HPJ42Q7YP9M0KFR7 REST.GET.ACL - "GET /?acl HTTP/1.1" 200 - 480 - 6 - "-" "S3Console/0.4, aws-internal/3 aws-sdk-java/1.11.1030 Linux/5.4.181-109.354.amzn2int.x86_64 OpenJDK_64-Bit_Server_VM/25.302-b08 java/1.8.0_302 vendor/Oracle_Corporation cfg/retry-mode/standard" - Gy3VjZd3u4KugRDZQuWVJn9aMnjmUuApNTQltvpwasL/RJp8q5/I6jXx8h771c92JfIHebBnOFs= SigV4 ECDHE-RSA-AES128-GCM-SHA256 AuthHeader dashboard-13469-deplosite.co.s3.ap-south-1.amazonaws.com TLSv1.2 -
926edd7fc352944e00136403e5cafe7fe3695d10e37130b83db9dca05882ea4f dashboard-13469-deplosite.co [24/Mar/2022:20:59:34 +0000] 43.247.159.8 926edd7fc352944e00136403e5cafe7fe3695d10e37130b83db9dca05882ea4f HPJ4BNCS1QDWYAD4 REST.GET.POLICY_STATUS - "GET /?policyStatus HTTP/1.1" 200 - 141 - 9 - "-" "S3Console/0.4, aws-internal/3 aws-sdk-java/1.11.1030 Linux/5.4.181-109.354.amzn2int.x86_64 OpenJDK_64-Bit_Server_VM/25.302-b08 java/1.8.0_302 vendor/Oracle_Corporation cfg/retry-mode/standard" - EnboCu87k856xI3kntt/lasV2ZcidePjjOoi+XsZdPtYifzauc7ynyORoLPD/7eJCE+tinWuWK4= SigV4 ECDHE-RSA-AES128-GCM-SHA256 AuthHeader dashboard-13469-deplosite.co.s3.ap-south-1.amazonaws.com TLSv1.2 -
926edd7fc352944e00136403e5cafe7fe3695d10e37130b83db9dca05882ea4f dashboard-13469-deplosite.co [24/Mar/2022:20:59:34 +0000] 43.247.159.8 926edd7fc352944e00136403e5cafe7fe3695d10e37130b83db9dca05882ea4f HPJ4SFKDNQE59AS2 REST.GET.PUBLIC_ACCESS_BLOCK - "GET /?publicAccessBlock HTTP/1.1" 404 NoSuchPublicAccessBlockConfiguration 358 - 14 - "-" "S3Console/0.4, aws-internal/3 aws-sdk-java/1.11.1030 Linux/5.4.181-109.354.amzn2int.x86_64 OpenJDK_64-Bit_Server_VM/25.302-b08 java/1.8.0_302 vendor/Oracle_Corporation cfg/retry-mode/standard" - vbtUzeT1c0S5QqdyHsV9udKGFCxasFbbjI4sDwh0Z8GbWET/gU4I4q2bdu769KFC9ydjdMkxziM= SigV4 ECDHE-RSA-AES128-GCM-SHA256 AuthHeader dashboard-13469-deplosite.co.s3.ap-south-1.amazonaws.com TLSv1.2 -

926edd7fc352944e00136403e5cafe7fe3695d10e37130b83db9dca05882ea4f dashboard-13469-deplosite.co [25/Mar/2022:12:01:42 +0000] 43.247.159.8 926edd7fc352944e00136403e5cafe7fe3695d10e37130b83db9dca05882ea4f P03GK7RY2076Z85P REST.GET.POLICY_STATUS - "GET /?policyStatus HTTP/1.1" 200 - 141 - 6 - "-" "S3Console/0.4, aws-internal/3 aws-sdk-java/1.11.1030 Linux/5.4.181-109.354.amzn2int.x86_64 OpenJDK_64-Bit_Server_VM/25.302-b08 java/1.8.0_302 vendor/Oracle_Corporation cfg/retry-mode/standard" - cQgsdDZHlfmTyZIHg2046+S/my/ZwlwK/2RWW7kGvSLqJwtK/3Mg6pYgkySlIfSJxW6/w8LxXfQ= SigV4 ECDHE-RSA-AES128-GCM-SHA256 AuthHeader dashboard-13469-deplosite.co.s3.ap-south-1.amazonaws.com TLSv1.2 -
926edd7fc352944e00136403e5cafe7fe3695d10e37130b83db9dca05882ea4f dashboard-13469-deplosite.co [25/Mar/2022:12:01:42 +0000] 43.247.159.8 926edd7fc352944e00136403e5cafe7fe3695d10e37130b83db9dca05882ea4f P03GR3ZE0RC57Q52 REST.GET.ACL - "GET /?acl HTTP/1.1" 200 - 480 - 7 - "-" "S3Console/0.4, aws-internal/3 aws-sdk-java/1.11.1030 Linux/5.4.181-109.354.amzn2int.x86_64 OpenJDK_64-Bit_Server_VM/25.302-b08 java/1.8.0_302 vendor/Oracle_Corporation cfg/retry-mode/standard" - pfqkUGvmCvpA9Eyo1heU5+YRQfZRml4gIQQIwavz3mIn4XgPGfbz/UjokvSYMdLqZYJONC/HFAM= SigV4 ECDHE-RSA-AES128-GCM-SHA256 AuthHeader dashboard-13469-deplosite.co.s3.ap-south-1.amazonaws.com TLSv1.2 -
926edd7fc352944e00136403e5cafe7fe3695d10e37130b83db9dca05882ea4f dashboard-13469-deplosite.co [25/Mar/2022:12:01:42 +0000] 43.247.159.8 926edd7fc352944e00136403e5cafe7fe3695d10e37130b83db9dca05882ea4f P03ZENTQATW2M8X4 REST.GET.PUBLIC_ACCESS_BLOCK - "GET /?publicAccessBlock HTTP/1.1" 404 NoSuchPublicAccessBlockConfiguration 358 - 16 - "-" "S3Console/0.4, aws-internal/3 aws-sdk-java/1.11.1030 Linux/5.4.181-109.354.amzn2int.x86_64 OpenJDK_64-Bit_Server_VM/25.302-b08 java/1.8.0_302 vendor/Oracle_Corporation cfg/retry-mode/standard" - CUwWlbxMev2VUUJMRElUASYKH6hldez9LPXqaxSAHRF0QR6DoRV0clAgydCEyclwae2I79PnXhE= SigV4 ECDHE-RSA-AES128-GCM-SHA256 AuthHeader dashboard-13469-deplosite.co.s3.ap-south-1.amazonaws.com TLSv1.2 -

926edd7fc352944e00136403e5cafe7fe3695d10e37130b83db9dca05882ea4f dashboard-13469-deplosite.co [25/Mar/2022:12:01:42 +0000] 43.247.159.8 926edd7fc352944e00136403e5cafe7fe3695d10e37130b83db9dca05882ea4f P03RXF6J6SFZT5ZR REST.HEAD.BUCKET - "HEAD /dashboard-13469-deplosite.co HTTP/1.1" 200 - - - 17 17 "-" "S3Console/0.4, aws-internal/3 aws-sdk-java/1.11.1030 Linux/5.4.181-109.354.amzn2int.x86_64 OpenJDK_64-Bit_Server_VM/25.302-b08 java/1.8.0_302 vendor/Oracle_Corporation cfg/retry-mode/standard" - 6ogS8sYAVBoePpZITXyeXmvtYDDksGnVAhCTUPFdjuEgqWz0sD5qA+WoeSWnVyZ8dreOCJIZP4s= SigV4 ECDHE-RSA-AES128-GCM-SHA256 AuthHeader s3.ap-south-1.amazonaws.com TLSv1.2 -

