926edd7fc352944e00136403e5cafe7fe3695d10e37130b83db9dca05882ea4f index-70900-deplosite.co [21/Mar/2022:13:33:33 +0000] 223.186.38.235 926edd7fc352944e00136403e5cafe7fe3695d10e37130b83db9dca05882ea4f 7VB5AT1HK1E22MF3 REST.GET.PUBLIC_ACCESS_BLOCK - "GET /?publicAccessBlock HTTP/1.1" 404 NoSuchPublicAccessBlockConfiguration 354 - 17 - "-" "S3Console/0.4, aws-internal/3 aws-sdk-java/1.11.1030 Linux/5.4.181-109.354.amzn2int.x86_64 OpenJDK_64-Bit_Server_VM/25.302-b08 java/1.8.0_302 vendor/Oracle_Corporation cfg/retry-mode/standard" - Sk8ZXF6l2FY1+2lutSt/iS6DaPNXVla8qVZa0eC/kJlTO0cep0jLmixmjxuxcIOXjtDcxIjPyD8= SigV4 ECDHE-RSA-AES128-GCM-SHA256 AuthHeader index-70900-deplosite.co.s3.ap-south-1.amazonaws.com TLSv1.2 -
926edd7fc352944e00136403e5cafe7fe3695d10e37130b83db9dca05882ea4f index-70900-deplosite.co [21/Mar/2022:13:33:33 +0000] 223.186.38.235 926edd7fc352944e00136403e5cafe7fe3695d10e37130b83db9dca05882ea4f 7VB665AMJEX5SRTQ REST.GET.POLICY_STATUS - "GET /?policyStatus HTTP/1.1" 200 - 141 - 8 - "-" "S3Console/0.4, aws-internal/3 aws-sdk-java/1.11.1030 Linux/5.4.181-109.354.amzn2int.x86_64 OpenJDK_64-Bit_Server_VM/25.302-b08 java/1.8.0_302 vendor/Oracle_Corporation cfg/retry-mode/standard" - wjDVAyXwjvClx8baBpeXVaNejaDb7GlxB+xxXL2aPGvsJceUusDz4gBApqUFA+GpG9NH7onVTkQ= SigV4 ECDHE-RSA-AES128-GCM-SHA256 AuthHeader index-70900-deplosite.co.s3.ap-south-1.amazonaws.com TLSv1.2 -
926edd7fc352944e00136403e5cafe7fe3695d10e37130b83db9dca05882ea4f index-70900-deplosite.co [21/Mar/2022:13:33:33 +0000] 223.186.38.235 926edd7fc352944e00136403e5cafe7fe3695d10e37130b83db9dca05882ea4f 7VB9MHHSSAXNV7RC REST.GET.ACL - "GET /?acl HTTP/1.1" 200 - 480 - 6 - "-" "S3Console/0.4, aws-internal/3 aws-sdk-java/1.11.1030 Linux/5.4.181-109.354.amzn2int.x86_64 OpenJDK_64-Bit_Server_VM/25.302-b08 java/1.8.0_302 vendor/Oracle_Corporation cfg/retry-mode/standard" - nFoMcshrEoAv9F8lUaYlQL+tLLdKbB1XLDC4P8jyr/fMEb/J/sgf2p5Iuxwf9vMPe3T3ZyeuQpo= SigV4 ECDHE-RSA-AES128-GCM-SHA256 AuthHeader index-70900-deplosite.co.s3.ap-south-1.amazonaws.com TLSv1.2 -

926edd7fc352944e00136403e5cafe7fe3695d10e37130b83db9dca05882ea4f index-70900-deplosite.co [21/Mar/2022:13:38:15 +0000] 223.186.38.235 926edd7fc352944e00136403e5cafe7fe3695d10e37130b83db9dca05882ea4f 1PY13H562WHQ42V8 REST.GET.LOGGING_STATUS - "GET /index-70900-deplosite.co?logging= HTTP/1.1" 200 - 263 - 15 - "-" "S3Console/0.4, aws-internal/3 aws-sdk-java/1.11.1030 Linux/5.4.181-109.354.amzn2int.x86_64 OpenJDK_64-Bit_Server_VM/25.302-b08 java/1.8.0_302 vendor/Oracle_Corporation cfg/retry-mode/standard" - kkb2wjWp9Bk5kTtqsBmkHLjc7Z+3HKZV7YHjRSmSLODLhnfsvNZiqw0rXX7R/DEVl7xpOde2DDc= SigV4 ECDHE-RSA-AES128-GCM-SHA256 AuthHeader s3.ap-south-1.amazonaws.com TLSv1.2 -

926edd7fc352944e00136403e5cafe7fe3695d10e37130b83db9dca05882ea4f index-70900-deplosite.co [21/Mar/2022:13:38:15 +0000] 223.186.38.235 926edd7fc352944e00136403e5cafe7fe3695d10e37130b83db9dca05882ea4f 1PYDBYBH6M6G28DD REST.GET.OWNERSHIP_CONTROLS - "GET /index-70900-deplosite.co?ownershipControls= HTTP/1.1" 404 OwnershipControlsNotFoundError 302 - 68 67 "-" "S3Console/0.4, aws-internal/3 aws-sdk-java/1.11.1030 Linux/5.4.181-109.354.amzn2int.x86_64 OpenJDK_64-Bit_Server_VM/25.302-b08 java/1.8.0_302 vendor/Oracle_Corporation cfg/retry-mode/standard" - dyrhQFmvQZR9Jn5h0MgC8egJ3YF19qHU+8eA5zqPGR4C3fZtJU+jUxqQmLgWJVf8aaDSOhVXaSE= SigV4 ECDHE-RSA-AES128-GCM-SHA256 AuthHeader s3.ap-south-1.amazonaws.com TLSv1.2 -

926edd7fc352944e00136403e5cafe7fe3695d10e37130b83db9dca05882ea4f index-70900-deplosite.co [21/Mar/2022:13:36:29 +0000] 223.186.38.235 - 5NVKCS57BRZSHSMC WEBSITE.GET.OBJECT index.html "GET / HTTP/1.1" 200 - 287 287 57 56 "http://127.0.0.1:5000/" "Mozilla/5.0 (Windows NT 10.0; Win64; x64) AppleWebKit/537.36 (KHTML, like Gecko) Chrome/99.0.4844.74 Safari/537.36 Edg/99.0.1150.46" - 7GexkUQce//QhE5aQ/jtp6hdqtU4nKnntUyi9YQEjivDqe+sH+qcAyFyGUYMSJcM1idvTPvPZcc= - - - index-70900-deplosite.co.s3-website.ap-south-1.amazonaws.com - -
926edd7fc352944e00136403e5cafe7fe3695d10e37130b83db9dca05882ea4f index-70900-deplosite.co [21/Mar/2022:13:36:29 +0000] 223.186.38.235 - 5NVYF5SEV7R9ZADS WEBSITE.GET.OBJECT favicon.ico "GET /favicon.ico HTTP/1.1" 404 NoSuchKey 287 287 24 23 "http://index-70900-deplosite.co.s3-website.ap-south-1.amazonaws.com/" "Mozilla/5.0 (Windows NT 10.0; Win64; x64) AppleWebKit/537.36 (KHTML, like Gecko) Chrome/99.0.4844.74 Safari/537.36 Edg/99.0.1150.46" - 8K4RMYLibih1vClVbj31X0QOz7LViRxbU3yXUijFQDFTRNv06UDA2MTtRP3Q1jLtfZ+E2xaGK9A= - - - index-70900-deplosite.co.s3-website.ap-south-1.amazonaws.com - -

926edd7fc352944e00136403e5cafe7fe3695d10e37130b83db9dca05882ea4f index-70900-deplosite.co [21/Mar/2022:13:21:36 +0000] 223.186.38.235 arn:aws:iam::144670637354:user/pulkit C31CDTR1V1ZS9C4A REST.PUT.LOGGING_STATUS - "PUT /index-70900-deplosite.co?logging HTTP/1.1" 200 - - - 362 - "-" "Boto3/1.21.18 Python/3.10.2 Windows/10 Botocore/1.24.18 Resource" - hyLRFXs4U5ZJ7roM7KgUlWQ7cBleqlVV6XX0Ko5fweQdZpX+QUVZRNxn926li3XvxEW1igxro68= SigV4 ECDHE-RSA-AES128-GCM-SHA256 AuthHeader s3.ap-south-1.amazonaws.com TLSv1.2 -

926edd7fc352944e00136403e5cafe7fe3695d10e37130b83db9dca05882ea4f index-70900-deplosite.co [21/Mar/2022:13:56:19 +0000] 223.186.38.235 926edd7fc352944e00136403e5cafe7fe3695d10e37130b83db9dca05882ea4f QNQ0Z042NMPAX2DF REST.GET.POLICY_STATUS - "GET /?policyStatus HTTP/1.1" 200 - 141 - 9 - "-" "S3Console/0.4, aws-internal/3 aws-sdk-java/1.11.1030 Linux/5.4.181-109.354.amzn2int.x86_64 OpenJDK_64-Bit_Server_VM/25.302-b08 java/1.8.0_302 vendor/Oracle_Corporation cfg/retry-mode/standard" - nVism6mXfcmcXSXw8xahvpz0ftHtHqKtz9kw+L3RmLpinlU5GNBjTFVs7RAjWFT4Rz15i374a2c= SigV4 ECDHE-RSA-AES128-GCM-SHA256 AuthHeader index-70900-deplosite.co.s3.ap-south-1.amazonaws.com TLSv1.2 -
926edd7fc352944e00136403e5cafe7fe3695d10e37130b83db9dca05882ea4f index-70900-deplosite.co [21/Mar/2022:13:56:19 +0000] 223.186.38.235 926edd7fc352944e00136403e5cafe7fe3695d10e37130b83db9dca05882ea4f QNQ6R8XV47SJ4J4C REST.GET.ACL - "GET /?acl HTTP/1.1" 200 - 480 - 6 - "-" "S3Console/0.4, aws-internal/3 aws-sdk-java/1.11.1030 Linux/5.4.181-109.354.amzn2int.x86_64 OpenJDK_64-Bit_Server_VM/25.302-b08 java/1.8.0_302 vendor/Oracle_Corporation cfg/retry-mode/standard" - 2w/d1/YNaE+h+1H6lUseUCTFfDrgGdsomp6/DDvtw7BhNnNpROYX8RF6/Kg0/xpfsBeDqRNMuCQ= SigV4 ECDHE-RSA-AES128-GCM-SHA256 AuthHeader index-70900-deplosite.co.s3.ap-south-1.amazonaws.com TLSv1.2 -
926edd7fc352944e00136403e5cafe7fe3695d10e37130b83db9dca05882ea4f index-70900-deplosite.co [21/Mar/2022:13:56:19 +0000] 223.186.38.235 926edd7fc352944e00136403e5cafe7fe3695d10e37130b83db9dca05882ea4f QNQ76DV2AEG1Y5P3 REST.GET.PUBLIC_ACCESS_BLOCK - "GET /?publicAccessBlock HTTP/1.1" 404 NoSuchPublicAccessBlockConfiguration 354 - 14 - "-" "S3Console/0.4, aws-internal/3 aws-sdk-java/1.11.1030 Linux/5.4.181-109.354.amzn2int.x86_64 OpenJDK_64-Bit_Server_VM/25.302-b08 java/1.8.0_302 vendor/Oracle_Corporation cfg/retry-mode/standard" - TRlAsvCW6ZRv5/0N0Soj9vJpMD8ya42c4+enGi8hnvQL5DYufJGb1Q4b9nhXOpUsaSH27cp6JTQ= SigV4 ECDHE-RSA-AES128-GCM-SHA256 AuthHeader index-70900-deplosite.co.s3.ap-south-1.amazonaws.com TLSv1.2 -

926edd7fc352944e00136403e5cafe7fe3695d10e37130b83db9dca05882ea4f index-70900-deplosite.co [21/Mar/2022:13:38:06 +0000] 223.186.38.235 926edd7fc352944e00136403e5cafe7fe3695d10e37130b83db9dca05882ea4f 8W5T2CS0MP1ATDJC REST.GET.WEBSITE - "GET /?website HTTP/1.1" 200 - 242 - 10 8 "-" "S3Console/0.4, aws-internal/3 aws-sdk-java/1.11.1030 Linux/5.4.181-109.354.amzn2int.x86_64 OpenJDK_64-Bit_Server_VM/25.302-b08 java/1.8.0_302 vendor/Oracle_Corporation cfg/retry-mode/standard" - Tu1OwArNaRAofLb9uZaqpegORaFCC3PjEybNZCdsyHy5ZzmFKdT9cVceVBnf4Me2OP7Cpn89SyM= SigV4 ECDHE-RSA-AES128-GCM-SHA256 AuthHeader index-70900-deplosite.co.s3.ap-south-1.amazonaws.com TLSv1.2 -
926edd7fc352944e00136403e5cafe7fe3695d10e37130b83db9dca05882ea4f index-70900-deplosite.co [21/Mar/2022:13:38:06 +0000] 223.186.38.235 926edd7fc352944e00136403e5cafe7fe3695d10e37130b83db9dca05882ea4f 8W5X66CR30XAYMFV REST.GET.BUCKETPOLICY - "GET /?policy HTTP/1.1" 200 - 193 - 8 - "-" "S3Console/0.4, aws-internal/3 aws-sdk-java/1.11.1030 Linux/5.4.181-109.354.amzn2int.x86_64 OpenJDK_64-Bit_Server_VM/25.302-b08 java/1.8.0_302 vendor/Oracle_Corporation cfg/retry-mode/standard" - Nd6hPmDnqVyJ7YSzS1tmnQZmE0KKnuzJsVBxXPFUYMtCtxJbN8tXmLL9NS9jZRaSUpmPX/nChuc= SigV4 ECDHE-RSA-AES128-GCM-SHA256 AuthHeader index-70900-deplosite.co.s3.ap-south-1.amazonaws.com TLSv1.2 -
926edd7fc352944e00136403e5cafe7fe3695d10e37130b83db9dca05882ea4f index-70900-deplosite.co [21/Mar/2022:13:38:06 +0000] 223.186.38.235 926edd7fc352944e00136403e5cafe7fe3695d10e37130b83db9dca05882ea4f 8W5Y4HTJP6AF80PP REST.GET.BUCKETVERSIONS - "GET /?versions&max-keys=1&encoding-type=url HTTP/1.1" 200 - 667 - 26 26 "-" "S3Console/0.4, aws-internal/3 aws-sdk-java/1.11.1030 Linux/5.4.181-109.354.amzn2int.x86_64 OpenJDK_64-Bit_Server_VM/25.302-b08 java/1.8.0_302 vendor/Oracle_Corporation cfg/retry-mode/standard" - lqN7wr2A9lCxhFPvnaX7nXMdJQc8jo/qdMMl1jr2wJ86mjyzRd3Ke8a+B00TjxGHYgbr6sOJRww= SigV4 ECDHE-RSA-AES128-GCM-SHA256 AuthHeader index-70900-deplosite.co.s3.ap-south-1.amazonaws.com TLSv1.2 -

926edd7fc352944e00136403e5cafe7fe3695d10e37130b83db9dca05882ea4f index-70900-deplosite.co [21/Mar/2022:13:38:08 +0000] 223.186.38.235 926edd7fc352944e00136403e5cafe7fe3695d10e37130b83db9dca05882ea4f PGQ89DWMSTWH70AF REST.GET.INTELLIGENT_TIERING - "GET /index-70900-deplosite.co?intelligent-tiering= HTTP/1.1" 200 - 169 - 43 - "-" "S3Console/0.4, aws-internal/3 aws-sdk-java/1.11.1030 Linux/5.4.181-109.354.amzn2int.x86_64 OpenJDK_64-Bit_Server_VM/25.302-b08 java/1.8.0_302 vendor/Oracle_Corporation cfg/retry-mode/standard" - DRppXDNDXuX49hYtanSrd1Y1EH/BIghTc53PqJsLB1OznlZ35owc1h/3aQ4+opm+8mrzJoT6kp4= SigV4 ECDHE-RSA-AES128-GCM-SHA256 AuthHeader s3.ap-south-1.amazonaws.com TLSv1.2 -
926edd7fc352944e00136403e5cafe7fe3695d10e37130b83db9dca05882ea4f index-70900-deplosite.co [21/Mar/2022:13:38:15 +0000] 223.186.38.235 926edd7fc352944e00136403e5cafe7fe3695d10e37130b83db9dca05882ea4f 1PYCYPQF8KPMW6Y4 REST.GET.VERSIONING - "GET /index-70900-deplosite.co?versioning= HTTP/1.1" 200 - 113 - 12 - "-" "S3Console/0.4, aws-internal/3 aws-sdk-java/1.11.1030 Linux/5.4.181-109.354.amzn2int.x86_64 OpenJDK_64-Bit_Server_VM/25.302-b08 java/1.8.0_302 vendor/Oracle_Corporation cfg/retry-mode/standard" - EJ2e+whbm7lPzk1LUh0P2FEf/t8Nxqjo8+t/X3m97tYXlv18MbaHitd7weo+pew66z6RVHxqToQ= SigV4 ECDHE-RSA-AES128-GCM-SHA256 AuthHeader s3.ap-south-1.amazonaws.com TLSv1.2 -

926edd7fc352944e00136403e5cafe7fe3695d10e37130b83db9dca05882ea4f index-70900-deplosite.co [21/Mar/2022:13:38:08 +0000] 223.186.38.235 926edd7fc352944e00136403e5cafe7fe3695d10e37130b83db9dca05882ea4f PGQ5BM2T8C380DRT REST.GET.OBJECT_LOCK_CONFIGURATION - "GET /index-70900-deplosite.co?object-lock= HTTP/1.1" 404 ObjectLockConfigurationNotFoundError 359 - 4 - "-" "S3Console/0.4, aws-internal/3 aws-sdk-java/1.11.1030 Linux/5.4.181-109.354.amzn2int.x86_64 OpenJDK_64-Bit_Server_VM/25.302-b08 java/1.8.0_302 vendor/Oracle_Corporation cfg/retry-mode/standard" - ajfgEB6+p5jTe4ENC5m7UylTG9UgckAHZ9RMXNTsnTCbB+nygat1d9H/GExXBQNbrmGkOYLyKR0= SigV4 ECDHE-RSA-AES128-GCM-SHA256 AuthHeader s3.ap-south-1.amazonaws.com TLSv1.2 -
926edd7fc352944e00136403e5cafe7fe3695d10e37130b83db9dca05882ea4f index-70900-deplosite.co [21/Mar/2022:13:38:08 +0000] 223.186.38.235 926edd7fc352944e00136403e5cafe7fe3695d10e37130b83db9dca05882ea4f PGQ8VW2QVF95YWME REST.GET.ENCRYPTION - "GET /index-70900-deplosite.co?encryption= HTTP/1.1" 404 ServerSideEncryptionConfigurationNotFoundError 367 - 13 - "-" "S3Console/0.4, aws-internal/3 aws-sdk-java/1.11.1030 Linux/5.4.181-109.354.amzn2int.x86_64 OpenJDK_64-Bit_Server_VM/25.302-b08 java/1.8.0_302 vendor/Oracle_Corporation cfg/retry-mode/standard" - RDG6MnIfvZr+OCQDKzaW8og47F9CFmM9asSM2y20j7f/yATn9F/nxLTGn6WkTCDHX0ees4uIFU4= SigV4 ECDHE-RSA-AES128-GCM-SHA256 AuthHeader s3.ap-south-1.amazonaws.com TLSv1.2 -

926edd7fc352944e00136403e5cafe7fe3695d10e37130b83db9dca05882ea4f index-70900-deplosite.co [21/Mar/2022:13:38:08 +0000] 223.186.38.235 926edd7fc352944e00136403e5cafe7fe3695d10e37130b83db9dca05882ea4f PGQF1ZMT883AVWFP REST.GET.WEBSITE - "GET /index-70900-deplosite.co?website= HTTP/1.1" 200 - 242 - 27 24 "-" "S3Console/0.4, aws-internal/3 aws-sdk-java/1.11.1030 Linux/5.4.181-109.354.amzn2int.x86_64 OpenJDK_64-Bit_Server_VM/25.302-b08 java/1.8.0_302 vendor/Oracle_Corporation cfg/retry-mode/standard" - vDubTOZFKt6bfE4EDQP9+KrznWJO1HXTxu+zMPpd7Bq8vQALV7DU7lCZmjFLi9I29qY2kPt3Jsc= SigV4 ECDHE-RSA-AES128-GCM-SHA256 AuthHeader s3.ap-south-1.amazonaws.com TLSv1.2 -

926edd7fc352944e00136403e5cafe7fe3695d10e37130b83db9dca05882ea4f index-70900-deplosite.co [21/Mar/2022:13:38:08 +0000] 223.186.38.235 926edd7fc352944e00136403e5cafe7fe3695d10e37130b83db9dca05882ea4f PGQ6JK7YCT34GS20 REST.GET.TAGGING - "GET /index-70900-deplosite.co?tagging= HTTP/1.1" 404 NoSuchTagSet 304 - 30 - "-" "S3Console/0.4, aws-internal/3 aws-sdk-java/1.11.1030 Linux/5.4.181-109.354.amzn2int.x86_64 OpenJDK_64-Bit_Server_VM/25.302-b08 java/1.8.0_302 vendor/Oracle_Corporation cfg/retry-mode/standard" - MBf1qfbZRFEFQ8AGar1I8Ie4YgAgqxbyqtqGDJZPn3YIwwWacAe+M7PUud5d2xJ5gFng4U2fp7A= SigV4 ECDHE-RSA-AES128-GCM-SHA256 AuthHeader s3.ap-south-1.amazonaws.com TLSv1.2 -

926edd7fc352944e00136403e5cafe7fe3695d10e37130b83db9dca05882ea4f index-70900-deplosite.co [21/Mar/2022:13:33:33 +0000] 223.186.38.235 926edd7fc352944e00136403e5cafe7fe3695d10e37130b83db9dca05882ea4f 7VB2PBZXC0KK05Z6 REST.HEAD.BUCKET - "HEAD /index-70900-deplosite.co HTTP/1.1" 200 - - - 15 14 "-" "S3Console/0.4, aws-internal/3 aws-sdk-java/1.11.1030 Linux/5.4.181-109.354.amzn2int.x86_64 OpenJDK_64-Bit_Server_VM/25.302-b08 java/1.8.0_302 vendor/Oracle_Corporation cfg/retry-mode/standard" - BP5lqV7M26WdULdGDd9qcPGmhdyzNJe6X88ypspqfTypdm+F7V1cWmfmnrIUWmvQ5F5aV6VWnWQ= SigV4 ECDHE-RSA-AES128-GCM-SHA256 AuthHeader s3.ap-south-1.amazonaws.com TLSv1.2 -

926edd7fc352944e00136403e5cafe7fe3695d10e37130b83db9dca05882ea4f index-70900-deplosite.co [21/Mar/2022:13:38:06 +0000] 223.186.38.235 926edd7fc352944e00136403e5cafe7fe3695d10e37130b83db9dca05882ea4f 8W5X2SC4MYWQ9YW4 REST.GET.BUCKET - "GET /index-70900-deplosite.co?list-type=2&encoding-type=url&max-keys=1000&fetch-owner=true&delimiter=%2F&prefix= HTTP/1.1" 200 - 604 - 25 25 "-" "S3Console/0.4, aws-internal/3 aws-sdk-java/1.11.1030 Linux/5.4.181-109.354.amzn2int.x86_64 OpenJDK_64-Bit_Server_VM/25.302-b08 java/1.8.0_302 vendor/Oracle_Corporation cfg/retry-mode/standard" - Jn0UugJ9MUqUc2k20IwSk7wFX5aVRUhS2o2XKQpJaTeTHaWuf1wv3SBuVGPLkmgKWaEHkLuSiQM= SigV4 ECDHE-RSA-AES128-GCM-SHA256 AuthHeader s3.ap-south-1.amazonaws.com TLSv1.2 -
926edd7fc352944e00136403e5cafe7fe3695d10e37130b83db9dca05882ea4f index-70900-deplosite.co [21/Mar/2022:13:38:08 +0000] 223.186.38.235 926edd7fc352944e00136403e5cafe7fe3695d10e37130b83db9dca05882ea4f PGQDPGHHY8Y19NHF REST.GET.ACCELERATE - "GET /index-70900-deplosite.co?accelerate= HTTP/1.1" 200 - 113 - 5 - "-" "S3Console/0.4, aws-internal/3 aws-sdk-java/1.11.1030 Linux/5.4.181-109.354.amzn2int.x86_64 OpenJDK_64-Bit_Server_VM/25.302-b08 java/1.8.0_302 vendor/Oracle_Corporation cfg/retry-mode/standard" - J21wjtPbTMvozOUHKT3mLxPK+JLTaBJUe0VtASKJ9yOhQUR8eSYLtJUCg2cxcvR5/aDdTceEKO8= SigV4 ECDHE-RSA-AES128-GCM-SHA256 AuthHeader s3.ap-south-1.amazonaws.com TLSv1.2 -

926edd7fc352944e00136403e5cafe7fe3695d10e37130b83db9dca05882ea4f index-70900-deplosite.co [21/Mar/2022:13:37:03 +0000] 223.186.38.235 - N9NXQPESB0GPHTNY WEBSITE.GET.OBJECT index.html "GET / HTTP/1.1" 304 - - 287 47 - "http://127.0.0.1:5000/" "Mozilla/5.0 (Windows NT 10.0; Win64; x64) AppleWebKit/537.36 (KHTML, like Gecko) Chrome/99.0.4844.74 Safari/537.36 Edg/99.0.1150.46" - Utz8FT4qXRMU0onIEyLP03BcEscWrR0iM6uvKmhMmfq1zL4asGRqugtXKcSSBlQ9nFHp62vLxSQ= - - - index-70900-deplosite.co.s3-website.ap-south-1.amazonaws.com - -
926edd7fc352944e00136403e5cafe7fe3695d10e37130b83db9dca05882ea4f index-70900-deplosite.co [21/Mar/2022:13:37:04 +0000] 223.186.38.235 - H44BZDR46BYN8M78 WEBSITE.GET.OBJECT index.html "GET / HTTP/1.1" 304 - - 287 6 - "http://127.0.0.1:5000/" "Mozilla/5.0 (Windows NT 10.0; Win64; x64) AppleWebKit/537.36 (KHTML, like Gecko) Chrome/99.0.4844.74 Safari/537.36 Edg/99.0.1150.46" - C8DCL92djQf+a1pdo81B+W+3dKZ+DklWi6mGcWAk0SakuPoHBEUeGYkanXi6MDUrjct1fKcL5gE= - - - index-70900-deplosite.co.s3-website.ap-south-1.amazonaws.com - -
926edd7fc352944e00136403e5cafe7fe3695d10e37130b83db9dca05882ea4f index-70900-deplosite.co [21/Mar/2022:13:37:05 +0000] 223.186.38.235 - 7A1JVZ4WY4STYJD5 WEBSITE.GET.OBJECT index.html "GET / HTTP/1.1" 304 - - 287 6 - "http://127.0.0.1:5000/" "Mozilla/5.0 (Windows NT 10.0; Win64; x64) AppleWebKit/537.36 (KHTML, like Gecko) Chrome/99.0.4844.74 Safari/537.36 Edg/99.0.1150.46" - SfW4uVzzyfJoPu2oUiOAAgXvtOYguHGG5OC/iFVkOZndnW53e7BVMnVSZpoIbh/k1IeIPWdjlq0= - - - index-70900-deplosite.co.s3-website.ap-south-1.amazonaws.com - -
926edd7fc352944e00136403e5cafe7fe3695d10e37130b83db9dca05882ea4f index-70900-deplosite.co [21/Mar/2022:13:37:05 +0000] 223.186.38.235 - 7A1MBAFQKY4NYD49 WEBSITE.GET.OBJECT index.html "GET / HTTP/1.1" 304 - - 287 7 - "http://127.0.0.1:5000/" "Mozilla/5.0 (Windows NT 10.0; Win64; x64) AppleWebKit/537.36 (KHTML, like Gecko) Chrome/99.0.4844.74 Safari/537.36 Edg/99.0.1150.46" - yTaExqaDABDuZe8xXT+We1TGNou6egHKrTPzOihIM4epRDC2/KSyWAxYS80ouzJoXO3dXXjNDdk= - - - index-70900-deplosite.co.s3-website.ap-south-1.amazonaws.com - -
926edd7fc352944e00136403e5cafe7fe3695d10e37130b83db9dca05882ea4f index-70900-deplosite.co [21/Mar/2022:13:37:05 +0000] 223.186.38.235 - 7A1TTSZ3K1WX7904 WEBSITE.GET.OBJECT index.html "GET / HTTP/1.1" 304 - - 287 7 - "http://127.0.0.1:5000/" "Mozilla/5.0 (Windows NT 10.0; Win64; x64) AppleWebKit/537.36 (KHTML, like Gecko) Chrome/99.0.4844.74 Safari/537.36 Edg/99.0.1150.46" - Y72+Ej12qYEbkF/r1dnK1NG3EY1ZZIMUr7lzi+sif//2rCmTvAlYRQKE/TBn678x7bWOK2tXfOw= - - - index-70900-deplosite.co.s3-website.ap-south-1.amazonaws.com - -
926edd7fc352944e00136403e5cafe7fe3695d10e37130b83db9dca05882ea4f index-70900-deplosite.co [21/Mar/2022:13:37:05 +0000] 223.186.38.235 - 7A1Z2D84K2AMBNJR WEBSITE.GET.OBJECT index.html "GET / HTTP/1.1" 304 - - 287 7 - "http://127.0.0.1:5000/" "Mozilla/5.0 (Windows NT 10.0; Win64; x64) AppleWebKit/537.36 (KHTML, like Gecko) Chrome/99.0.4844.74 Safari/537.36 Edg/99.0.1150.46" - 2JYgPy1fN/FpG5gGVoUWW4JLdlrU+fM43bvDzp5DhrKl4y2d5CdaoNZXsTW1+ZhQrmLYdqQemd8= - - - index-70900-deplosite.co.s3-website.ap-south-1.amazonaws.com - -
926edd7fc352944e00136403e5cafe7fe3695d10e37130b83db9dca05882ea4f index-70900-deplosite.co [21/Mar/2022:13:37:06 +0000] 223.186.38.235 - FRDGTH9Q8G0QZ7XG WEBSITE.GET.OBJECT index.html "GET / HTTP/1.1" 304 - - 287 7 - "http://127.0.0.1:5000/" "Mozilla/5.0 (Windows NT 10.0; Win64; x64) AppleWebKit/537.36 (KHTML, like Gecko) Chrome/99.0.4844.74 Safari/537.36 Edg/99.0.1150.46" - /y5DY9+rzYlg242ybu5rfFkQJAhaKiHxP371wgonovCVeDWbMPmQPv9qr1dvFMSX4acLaoFyX+8= - - - index-70900-deplosite.co.s3-website.ap-south-1.amazonaws.com - -
926edd7fc352944e00136403e5cafe7fe3695d10e37130b83db9dca05882ea4f index-70900-deplosite.co [21/Mar/2022:13:37:06 +0000] 223.186.38.235 - FRDTMAY79HSSYSFJ WEBSITE.GET.OBJECT index.html "GET / HTTP/1.1" 304 - - 287 6 - "http://127.0.0.1:5000/" "Mozilla/5.0 (Windows NT 10.0; Win64; x64) AppleWebKit/537.36 (KHTML, like Gecko) Chrome/99.0.4844.74 Safari/537.36 Edg/99.0.1150.46" - w+6/P4KgBcKKWHmWzKqdqJKHMax8lmiETuZebIM/9ajEvFIgZrM6qCaXNwFwJd8N8eJYdxOn5P4= - - - index-70900-deplosite.co.s3-website.ap-south-1.amazonaws.com - -
926edd7fc352944e00136403e5cafe7fe3695d10e37130b83db9dca05882ea4f index-70900-deplosite.co [21/Mar/2022:13:37:06 +0000] 223.186.38.235 - FRDZ6Q698RAKSNR1 WEBSITE.GET.OBJECT index.html "GET / HTTP/1.1" 304 - - 287 5 - "http://127.0.0.1:5000/" "Mozilla/5.0 (Windows NT 10.0; Win64; x64) AppleWebKit/537.36 (KHTML, like Gecko) Chrome/99.0.4844.74 Safari/537.36 Edg/99.0.1150.46" - qfvDEC9SVDQQbBbYqsqjwEx5Dm10HiVraMxhmk2d4ZYXpJyRIuBcfE0QhO+0lecwW//hgwMTWFs= - - - index-70900-deplosite.co.s3-website.ap-south-1.amazonaws.com - -

926edd7fc352944e00136403e5cafe7fe3695d10e37130b83db9dca05882ea4f index-70900-deplosite.co [21/Mar/2022:13:38:08 +0000] 223.186.38.235 926edd7fc352944e00136403e5cafe7fe3695d10e37130b83db9dca05882ea4f PGQEFEG8TDJG1T5A REST.GET.VERSIONING - "GET /index-70900-deplosite.co?versioning= HTTP/1.1" 200 - 113 - 15 - "-" "S3Console/0.4, aws-internal/3 aws-sdk-java/1.11.1030 Linux/5.4.181-109.354.amzn2int.x86_64 OpenJDK_64-Bit_Server_VM/25.302-b08 java/1.8.0_302 vendor/Oracle_Corporation cfg/retry-mode/standard" - HX+pWp06hSPTw1YLhT13jw7OwpRBQ28ZOjAQQZIGhwTcFvnH13Br6kxHQmFjCggGuR0j098qps0= SigV4 ECDHE-RSA-AES128-GCM-SHA256 AuthHeader s3.ap-south-1.amazonaws.com TLSv1.2 -

926edd7fc352944e00136403e5cafe7fe3695d10e37130b83db9dca05882ea4f index-70900-deplosite.co [21/Mar/2022:13:38:08 +0000] 223.186.38.235 926edd7fc352944e00136403e5cafe7fe3695d10e37130b83db9dca05882ea4f PGQBPX9BM1PXNSY9 REST.GET.NOTIFICATION - "GET /index-70900-deplosite.co?notification= HTTP/1.1" 200 - 115 - 15 - "-" "S3Console/0.4, aws-internal/3 aws-sdk-java/1.11.1030 Linux/5.4.181-109.354.amzn2int.x86_64 OpenJDK_64-Bit_Server_VM/25.302-b08 java/1.8.0_302 vendor/Oracle_Corporation cfg/retry-mode/standard" - b2jeUxs2sTqbebXyrk71XpKJV/RRTaHvARnD0NXxycsY5YStSrPhh+F2HfR+flXpg9EVHyRPb34= SigV4 ECDHE-RSA-AES128-GCM-SHA256 AuthHeader s3.ap-south-1.amazonaws.com TLSv1.2 -

926edd7fc352944e00136403e5cafe7fe3695d10e37130b83db9dca05882ea4f index-70900-deplosite.co [21/Mar/2022:13:38:24 +0000] 223.186.38.235 926edd7fc352944e00136403e5cafe7fe3695d10e37130b83db9dca05882ea4f VMCGTAG4B62K345W REST.GET.POLICY_STATUS - "GET /?policyStatus HTTP/1.1" 200 - 141 - 9 - "-" "S3Console/0.4, aws-internal/3 aws-sdk-java/1.11.1030 Linux/5.4.181-109.354.amzn2int.x86_64 OpenJDK_64-Bit_Server_VM/25.302-b08 java/1.8.0_302 vendor/Oracle_Corporation cfg/retry-mode/standard" - bMG+ZHipHe6MPBKxm+rbnVgZvGCA1JI0wIQJr0GN3mGY5KsiXl+9GV+ojfyoaXfcgwMipKlDd/8= SigV4 ECDHE-RSA-AES128-GCM-SHA256 AuthHeader index-70900-deplosite.co.s3.ap-south-1.amazonaws.com TLSv1.2 -
926edd7fc352944e00136403e5cafe7fe3695d10e37130b83db9dca05882ea4f index-70900-deplosite.co [21/Mar/2022:13:38:24 +0000] 223.186.38.235 926edd7fc352944e00136403e5cafe7fe3695d10e37130b83db9dca05882ea4f VMCKBPY9THKRZ627 REST.GET.PUBLIC_ACCESS_BLOCK - "GET /?publicAccessBlock HTTP/1.1" 404 NoSuchPublicAccessBlockConfiguration 354 - 17 - "-" "S3Console/0.4, aws-internal/3 aws-sdk-java/1.11.1030 Linux/5.4.181-109.354.amzn2int.x86_64 OpenJDK_64-Bit_Server_VM/25.302-b08 java/1.8.0_302 vendor/Oracle_Corporation cfg/retry-mode/standard" - rxXdd7wyplWn3xS5P09gLV5CtYCLL2naSBLkcRDUd+1jh60u6/R6P3IBi9f6aXoremWZAS25NwY= SigV4 ECDHE-RSA-AES128-GCM-SHA256 AuthHeader index-70900-deplosite.co.s3.ap-south-1.amazonaws.com TLSv1.2 -
926edd7fc352944e00136403e5cafe7fe3695d10e37130b83db9dca05882ea4f index-70900-deplosite.co [21/Mar/2022:13:38:24 +0000] 223.186.38.235 926edd7fc352944e00136403e5cafe7fe3695d10e37130b83db9dca05882ea4f VMCT7XCJGHY7YMAH REST.GET.ACL - "GET /?acl HTTP/1.1" 200 - 480 - 5 - "-" "S3Console/0.4, aws-internal/3 aws-sdk-java/1.11.1030 Linux/5.4.181-109.354.amzn2int.x86_64 OpenJDK_64-Bit_Server_VM/25.302-b08 java/1.8.0_302 vendor/Oracle_Corporation cfg/retry-mode/standard" - I0keKytbp3/Nx9vNeGvhxFd+P+qVeaILUDdIEEXBbxcoe0SLvad8W+Ok8n0v1zrL/6ZOfwwTPnk= SigV4 ECDHE-RSA-AES128-GCM-SHA256 AuthHeader index-70900-deplosite.co.s3.ap-south-1.amazonaws.com TLSv1.2 -

926edd7fc352944e00136403e5cafe7fe3695d10e37130b83db9dca05882ea4f index-70900-deplosite.co [21/Mar/2022:13:38:06 +0000] 223.186.38.235 926edd7fc352944e00136403e5cafe7fe3695d10e37130b83db9dca05882ea4f 8W5MXZS9JB5WT275 REST.GET.OWNERSHIP_CONTROLS - "GET /index-70900-deplosite.co?ownershipControls= HTTP/1.1" 404 OwnershipControlsNotFoundError 302 - 62 62 "-" "S3Console/0.4, aws-internal/3 aws-sdk-java/1.11.1030 Linux/5.4.181-109.354.amzn2int.x86_64 OpenJDK_64-Bit_Server_VM/25.302-b08 java/1.8.0_302 vendor/Oracle_Corporation cfg/retry-mode/standard" - P5fx+l/u1NyhPwzVmSo2ZL1YyTwhQH9QNz+CZgtO/XM7KJer7o2vCqzSDmQR2Q7zaqWFJ6Xdq0E= SigV4 ECDHE-RSA-AES128-GCM-SHA256 AuthHeader s3.ap-south-1.amazonaws.com TLSv1.2 -
926edd7fc352944e00136403e5cafe7fe3695d10e37130b83db9dca05882ea4f index-70900-deplosite.co [21/Mar/2022:13:38:08 +0000] 223.186.38.235 926edd7fc352944e00136403e5cafe7fe3695d10e37130b83db9dca05882ea4f PGQEPSW5ASND8Z8A REST.GET.REQUEST_PAYMENT - "GET /index-70900-deplosite.co?requestPayment= HTTP/1.1" 200 - 172 - 6 - "-" "S3Console/0.4, aws-internal/3 aws-sdk-java/1.11.1030 Linux/5.4.181-109.354.amzn2int.x86_64 OpenJDK_64-Bit_Server_VM/25.302-b08 java/1.8.0_302 vendor/Oracle_Corporation cfg/retry-mode/standard" - z5pKCZeBZ1+pWOc77hG7wutLRa8Zye/lJgasdb15EjZ9cOJmaNXkJbgSrZoi4xaVgSLoF8L9PK0= SigV4 ECDHE-RSA-AES128-GCM-SHA256 AuthHeader s3.ap-south-1.amazonaws.com TLSv1.2 -
926edd7fc352944e00136403e5cafe7fe3695d10e37130b83db9dca05882ea4f index-70900-deplosite.co [21/Mar/2022:13:38:23 +0000] 223.186.38.235 926edd7fc352944e00136403e5cafe7fe3695d10e37130b83db9dca05882ea4f QFKJBTF6B6HQKA6S REST.HEAD.BUCKET - "HEAD /index-70900-deplosite.co HTTP/1.1" 200 - - - 3 2 "-" "S3Console/0.4, aws-internal/3 aws-sdk-java/1.11.1030 Linux/5.4.181-109.354.amzn2int.x86_64 OpenJDK_64-Bit_Server_VM/25.302-b08 java/1.8.0_302 vendor/Oracle_Corporation cfg/retry-mode/standard" - NwHmuc1dQVsZIKhJFxqmFT9lZulX5blGkV+URKvXn8jp6GIgJqilwn1++6CdImnJs7vTjbC7p7E= SigV4 ECDHE-RSA-AES128-GCM-SHA256 AuthHeader s3.ap-south-1.amazonaws.com TLSv1.2 -

926edd7fc352944e00136403e5cafe7fe3695d10e37130b83db9dca05882ea4f index-70900-deplosite.co [21/Mar/2022:13:56:18 +0000] 223.186.38.235 926edd7fc352944e00136403e5cafe7fe3695d10e37130b83db9dca05882ea4f VR9TTEWFDQ7Q25Q5 REST.HEAD.BUCKET - "HEAD /index-70900-deplosite.co HTTP/1.1" 200 - - - 12 11 "-" "S3Console/0.4, aws-internal/3 aws-sdk-java/1.11.1030 Linux/5.4.181-109.354.amzn2int.x86_64 OpenJDK_64-Bit_Server_VM/25.302-b08 java/1.8.0_302 vendor/Oracle_Corporation cfg/retry-mode/standard" - VvrCuN7jpEN7Fm94SVdl/ka3DZQbN7TB9hvAROUB3ntI6qmy8DDWh38PIrhdZNxK/dcFThry628= SigV4 ECDHE-RSA-AES128-GCM-SHA256 AuthHeader s3.ap-south-1.amazonaws.com TLSv1.2 -

926edd7fc352944e00136403e5cafe7fe3695d10e37130b83db9dca05882ea4f index-70900-deplosite.co [21/Mar/2022:13:38:06 +0000] 223.186.38.235 926edd7fc352944e00136403e5cafe7fe3695d10e37130b83db9dca05882ea4f 8W5YSN08FF7W0JRM REST.GET.VERSIONING - "GET /index-70900-deplosite.co?versioning= HTTP/1.1" 200 - 113 - 16 - "-" "S3Console/0.4, aws-internal/3 aws-sdk-java/1.11.1030 Linux/5.4.181-109.354.amzn2int.x86_64 OpenJDK_64-Bit_Server_VM/25.302-b08 java/1.8.0_302 vendor/Oracle_Corporation cfg/retry-mode/standard" - 4jbS86OgvzPQQjGC617d5/vOGRogfjeIfaC3we7cwr1u38srdzLGohfjBfzh2eQMYEBlwI9PmtQ= SigV4 ECDHE-RSA-AES128-GCM-SHA256 AuthHeader s3.ap-south-1.amazonaws.com TLSv1.2 -

926edd7fc352944e00136403e5cafe7fe3695d10e37130b83db9dca05882ea4f index-70900-deplosite.co [21/Mar/2022:13:38:08 +0000] 223.186.38.235 926edd7fc352944e00136403e5cafe7fe3695d10e37130b83db9dca05882ea4f PGQDY98SCE84YKPE REST.GET.LOGGING_STATUS - "GET /index-70900-deplosite.co?logging= HTTP/1.1" 200 - 263 - 22 - "-" "S3Console/0.4, aws-internal/3 aws-sdk-java/1.11.1030 Linux/5.4.181-109.354.amzn2int.x86_64 OpenJDK_64-Bit_Server_VM/25.302-b08 java/1.8.0_302 vendor/Oracle_Corporation cfg/retry-mode/standard" - In3MZ83hjQ5UrVj68NJptzLBW1d6JzvqRJql7G+61KI2qlhU3oVrmGqXu99cvPyAZZxY/I0HmK8= SigV4 ECDHE-RSA-AES128-GCM-SHA256 AuthHeader s3.ap-south-1.amazonaws.com TLSv1.2 -

926edd7fc352944e00136403e5cafe7fe3695d10e37130b83db9dca05882ea4f index-70900-deplosite.co [21/Mar/2022:14:09:19 +0000] 223.186.38.235 926edd7fc352944e00136403e5cafe7fe3695d10e37130b83db9dca05882ea4f RC116SW4QQXWQBVE REST.GET.POLICY_STATUS - "GET /?policyStatus HTTP/1.1" 200 - 141 - 10 - "-" "S3Console/0.4, aws-internal/3 aws-sdk-java/1.11.1030 Linux/5.4.181-109.354.amzn2int.x86_64 OpenJDK_64-Bit_Server_VM/25.302-b08 java/1.8.0_302 vendor/Oracle_Corporation cfg/retry-mode/standard" - en9c8vD6PLdbMKtK73pWb27dI1qgFXUWzNwb80Z0ORPX9hOQSrU75eh1jGL3IIonl7dlht9la1w= SigV4 ECDHE-RSA-AES128-GCM-SHA256 AuthHeader index-70900-deplosite.co.s3.ap-south-1.amazonaws.com TLSv1.2 -
926edd7fc352944e00136403e5cafe7fe3695d10e37130b83db9dca05882ea4f index-70900-deplosite.co [21/Mar/2022:14:09:19 +0000] 223.186.38.235 926edd7fc352944e00136403e5cafe7fe3695d10e37130b83db9dca05882ea4f RC13YSKV1MY3BBXD REST.GET.PUBLIC_ACCESS_BLOCK - "GET /?publicAccessBlock HTTP/1.1" 404 NoSuchPublicAccessBlockConfiguration 354 - 14 - "-" "S3Console/0.4, aws-internal/3 aws-sdk-java/1.11.1030 Linux/5.4.181-109.354.amzn2int.x86_64 OpenJDK_64-Bit_Server_VM/25.302-b08 java/1.8.0_302 vendor/Oracle_Corporation cfg/retry-mode/standard" - FfaK/hgX6CKKNsnfNImbEV5mVlOiwB3pyhnNBj3KTEkRejUcur1yMQ6fbZ2DqeV0syiqRIY2244= SigV4 ECDHE-RSA-AES128-GCM-SHA256 AuthHeader index-70900-deplosite.co.s3.ap-south-1.amazonaws.com TLSv1.2 -
926edd7fc352944e00136403e5cafe7fe3695d10e37130b83db9dca05882ea4f index-70900-deplosite.co [21/Mar/2022:14:09:19 +0000] 223.186.38.235 926edd7fc352944e00136403e5cafe7fe3695d10e37130b83db9dca05882ea4f RC1B9G9W9P75S76E REST.GET.ACL - "GET /?acl HTTP/1.1" 200 - 480 - 5 - "-" "S3Console/0.4, aws-internal/3 aws-sdk-java/1.11.1030 Linux/5.4.181-109.354.amzn2int.x86_64 OpenJDK_64-Bit_Server_VM/25.302-b08 java/1.8.0_302 vendor/Oracle_Corporation cfg/retry-mode/standard" - +z2CUWsh1oVMtoVIjy5zw1WjVtqI/O7UB4mU6enjRerkKohgYDgiVB2Jnb/YDBylpO60NH6tKR8= SigV4 ECDHE-RSA-AES128-GCM-SHA256 AuthHeader index-70900-deplosite.co.s3.ap-south-1.amazonaws.com TLSv1.2 -

926edd7fc352944e00136403e5cafe7fe3695d10e37130b83db9dca05882ea4f index-70900-deplosite.co [21/Mar/2022:14:19:54 +0000] 43.247.159.8 926edd7fc352944e00136403e5cafe7fe3695d10e37130b83db9dca05882ea4f H4X547RK28KJXJZG REST.HEAD.BUCKET - "HEAD /index-70900-deplosite.co HTTP/1.1" 200 - - - 15 15 "-" "S3Console/0.4, aws-internal/3 aws-sdk-java/1.11.1030 Linux/5.4.181-109.354.amzn2int.x86_64 OpenJDK_64-Bit_Server_VM/25.302-b08 java/1.8.0_302 vendor/Oracle_Corporation cfg/retry-mode/standard" - 5HgArAnknkl13KCrrcpd7X1NkXvN/1tk5U6ECh1I9/Dh1K3D48w6h8TyFlYoR9p+eXhURoYsuVY= SigV4 ECDHE-RSA-AES128-GCM-SHA256 AuthHeader s3.ap-south-1.amazonaws.com TLSv1.2 -

926edd7fc352944e00136403e5cafe7fe3695d10e37130b83db9dca05882ea4f index-70900-deplosite.co [21/Mar/2022:14:44:05 +0000] 43.247.159.8 926edd7fc352944e00136403e5cafe7fe3695d10e37130b83db9dca05882ea4f QVZ29WA1EMXFXKVM REST.HEAD.BUCKET - "HEAD /index-70900-deplosite.co HTTP/1.1" 200 - - - 13 11 "-" "S3Console/0.4, aws-internal/3 aws-sdk-java/1.11.1030 Linux/5.4.181-109.354.amzn2int.x86_64 OpenJDK_64-Bit_Server_VM/25.302-b08 java/1.8.0_302 vendor/Oracle_Corporation cfg/retry-mode/standard" - Ro2aNMK1zJqMGQTDV0LGkV1GFEDmDRJsy4NTuqv/cM/HWcwKzC1R9fXoUiDIIEnN2+YxpAB3isU= SigV4 ECDHE-RSA-AES128-GCM-SHA256 AuthHeader s3.ap-south-1.amazonaws.com TLSv1.2 -

926edd7fc352944e00136403e5cafe7fe3695d10e37130b83db9dca05882ea4f index-70900-deplosite.co [21/Mar/2022:14:44:20 +0000] 43.247.159.8 926edd7fc352944e00136403e5cafe7fe3695d10e37130b83db9dca05882ea4f PGSNDRDDST2TGK22 REST.GET.POLICY_STATUS - "GET /?policyStatus HTTP/1.1" 200 - 141 - 10 - "-" "S3Console/0.4, aws-internal/3 aws-sdk-java/1.11.1030 Linux/5.4.181-109.354.amzn2int.x86_64 OpenJDK_64-Bit_Server_VM/25.302-b08 java/1.8.0_302 vendor/Oracle_Corporation cfg/retry-mode/standard" - ZY5tt1hbaBr39XcjD6T8He1TLF5kmjxzV9OtaHAxJ8PfVWocrM9s7KlYe4KxlZJyRrQlze5MbdI= SigV4 ECDHE-RSA-AES128-GCM-SHA256 AuthHeader index-70900-deplosite.co.s3.ap-south-1.amazonaws.com TLSv1.2 -
926edd7fc352944e00136403e5cafe7fe3695d10e37130b83db9dca05882ea4f index-70900-deplosite.co [21/Mar/2022:14:44:20 +0000] 43.247.159.8 926edd7fc352944e00136403e5cafe7fe3695d10e37130b83db9dca05882ea4f PGSWJ5A3EY6D03TR REST.GET.PUBLIC_ACCESS_BLOCK - "GET /?publicAccessBlock HTTP/1.1" 404 NoSuchPublicAccessBlockConfiguration 354 - 18 - "-" "S3Console/0.4, aws-internal/3 aws-sdk-java/1.11.1030 Linux/5.4.181-109.354.amzn2int.x86_64 OpenJDK_64-Bit_Server_VM/25.302-b08 java/1.8.0_302 vendor/Oracle_Corporation cfg/retry-mode/standard" - 2dSdeMxr3OD+IrzrDFExlpF962P1hWrUyxGvXq/rfTK/u/JllXyVAkisEuPSykuDawv2rDJWQxc= SigV4 ECDHE-RSA-AES128-GCM-SHA256 AuthHeader index-70900-deplosite.co.s3.ap-south-1.amazonaws.com TLSv1.2 -
926edd7fc352944e00136403e5cafe7fe3695d10e37130b83db9dca05882ea4f index-70900-deplosite.co [21/Mar/2022:14:44:20 +0000] 43.247.159.8 926edd7fc352944e00136403e5cafe7fe3695d10e37130b83db9dca05882ea4f PGSYHA9HSMB5T74B REST.GET.ACL - "GET /?acl HTTP/1.1" 200 - 480 - 6 - "-" "S3Console/0.4, aws-internal/3 aws-sdk-java/1.11.1030 Linux/5.4.181-109.354.amzn2int.x86_64 OpenJDK_64-Bit_Server_VM/25.302-b08 java/1.8.0_302 vendor/Oracle_Corporation cfg/retry-mode/standard" - yChYhkOe1/A3b2orBl2V/FdJlGFx83YTrlz+TvZU9pwRXKCnPXHlIqTJ5oYCPrPhNxtiv2hXq00= SigV4 ECDHE-RSA-AES128-GCM-SHA256 AuthHeader index-70900-deplosite.co.s3.ap-south-1.amazonaws.com TLSv1.2 -

926edd7fc352944e00136403e5cafe7fe3695d10e37130b83db9dca05882ea4f index-70900-deplosite.co [21/Mar/2022:14:09:18 +0000] 223.186.38.235 926edd7fc352944e00136403e5cafe7fe3695d10e37130b83db9dca05882ea4f HMEWE7CY162QZJET REST.HEAD.BUCKET - "HEAD /index-70900-deplosite.co HTTP/1.1" 200 - - - 9 8 "-" "S3Console/0.4, aws-internal/3 aws-sdk-java/1.11.1030 Linux/5.4.181-109.354.amzn2int.x86_64 OpenJDK_64-Bit_Server_VM/25.302-b08 java/1.8.0_302 vendor/Oracle_Corporation cfg/retry-mode/standard" - EcUlZ3Zeq4HkQIgdTeQYCpmfqfax2pKru3uq2/EFp6KqKeV6XIKqLRHqPCLpP+PqbmdH6gH9zpQ= SigV4 ECDHE-RSA-AES128-GCM-SHA256 AuthHeader s3.ap-south-1.amazonaws.com TLSv1.2 -

926edd7fc352944e00136403e5cafe7fe3695d10e37130b83db9dca05882ea4f index-70900-deplosite.co [21/Mar/2022:14:08:28 +0000] 223.186.38.235 926edd7fc352944e00136403e5cafe7fe3695d10e37130b83db9dca05882ea4f ED81D717XSPP4G7G REST.GET.POLICY_STATUS - "GET /?policyStatus HTTP/1.1" 200 - 141 - 5 - "-" "S3Console/0.4, aws-internal/3 aws-sdk-java/1.11.1030 Linux/5.4.181-109.354.amzn2int.x86_64 OpenJDK_64-Bit_Server_VM/25.302-b08 java/1.8.0_302 vendor/Oracle_Corporation cfg/retry-mode/standard" - wj9jaVys30lNAQaLK1DjfnMEaay7W5HnezFZ842pzeba9cvEPj1J5AQjPjWQxAj2mU3pmZOdsPI= SigV4 ECDHE-RSA-AES128-GCM-SHA256 AuthHeader index-70900-deplosite.co.s3.ap-south-1.amazonaws.com TLSv1.2 -
926edd7fc352944e00136403e5cafe7fe3695d10e37130b83db9dca05882ea4f index-70900-deplosite.co [21/Mar/2022:14:08:28 +0000] 223.186.38.235 926edd7fc352944e00136403e5cafe7fe3695d10e37130b83db9dca05882ea4f ED85MDXV4186M6WW REST.GET.PUBLIC_ACCESS_BLOCK - "GET /?publicAccessBlock HTTP/1.1" 404 NoSuchPublicAccessBlockConfiguration 354 - 17 - "-" "S3Console/0.4, aws-internal/3 aws-sdk-java/1.11.1030 Linux/5.4.181-109.354.amzn2int.x86_64 OpenJDK_64-Bit_Server_VM/25.302-b08 java/1.8.0_302 vendor/Oracle_Corporation cfg/retry-mode/standard" - GIUBTCnVU9rwiGTlrewH8HMkWB0STHccgbomtUqrPSZI7iD5zslJ6EJvseBxxE8AdNWbJgBMZIA= SigV4 ECDHE-RSA-AES128-GCM-SHA256 AuthHeader index-70900-deplosite.co.s3.ap-south-1.amazonaws.com TLSv1.2 -
926edd7fc352944e00136403e5cafe7fe3695d10e37130b83db9dca05882ea4f index-70900-deplosite.co [21/Mar/2022:14:08:28 +0000] 223.186.38.235 926edd7fc352944e00136403e5cafe7fe3695d10e37130b83db9dca05882ea4f ED8CE5WPYYF32WA2 REST.GET.ACL - "GET /?acl HTTP/1.1" 200 - 480 - 7 - "-" "S3Console/0.4, aws-internal/3 aws-sdk-java/1.11.1030 Linux/5.4.181-109.354.amzn2int.x86_64 OpenJDK_64-Bit_Server_VM/25.302-b08 java/1.8.0_302 vendor/Oracle_Corporation cfg/retry-mode/standard" - svJKS32ry88SJTqCtxpo6N+wtnSrYoehJv3poJBFfX9TGNFv4qxh6i02Bl0EDuD4OAxV64L+tII= SigV4 ECDHE-RSA-AES128-GCM-SHA256 AuthHeader index-70900-deplosite.co.s3.ap-south-1.amazonaws.com TLSv1.2 -

926edd7fc352944e00136403e5cafe7fe3695d10e37130b83db9dca05882ea4f index-70900-deplosite.co [21/Mar/2022:14:08:27 +0000] 223.186.38.235 926edd7fc352944e00136403e5cafe7fe3695d10e37130b83db9dca05882ea4f 99NF61X7SP62EKEY REST.HEAD.BUCKET - "HEAD /index-70900-deplosite.co HTTP/1.1" 200 - - - 11 10 "-" "S3Console/0.4, aws-internal/3 aws-sdk-java/1.11.1030 Linux/5.4.181-109.354.amzn2int.x86_64 OpenJDK_64-Bit_Server_VM/25.302-b08 java/1.8.0_302 vendor/Oracle_Corporation cfg/retry-mode/standard" - KBlxRyEjO8ETDrdCgSnmnl69z/Ok9l0uY0E0xif1hGA/AFq+/N0xYpSAQqNa7PbzA/+u/MXypIfDMW/TX08lpQ== SigV4 ECDHE-RSA-AES128-GCM-SHA256 AuthHeader s3.ap-south-1.amazonaws.com TLSv1.2 -

926edd7fc352944e00136403e5cafe7fe3695d10e37130b83db9dca05882ea4f index-70900-deplosite.co [21/Mar/2022:14:19:54 +0000] 43.247.159.8 926edd7fc352944e00136403e5cafe7fe3695d10e37130b83db9dca05882ea4f H4X4QCGSY7K2EKEQ REST.GET.PUBLIC_ACCESS_BLOCK - "GET /?publicAccessBlock HTTP/1.1" 404 NoSuchPublicAccessBlockConfiguration 354 - 15 - "-" "S3Console/0.4, aws-internal/3 aws-sdk-java/1.11.1030 Linux/5.4.181-109.354.amzn2int.x86_64 OpenJDK_64-Bit_Server_VM/25.302-b08 java/1.8.0_302 vendor/Oracle_Corporation cfg/retry-mode/standard" - M5hcJHpYr4cO+hOLa5PjPbyTn8GSPVBuzAN1lyS3N8g42vPrOroSlh0tqos9HBSPeqXapSC/ydA= SigV4 ECDHE-RSA-AES128-GCM-SHA256 AuthHeader index-70900-deplosite.co.s3.ap-south-1.amazonaws.com TLSv1.2 -
926edd7fc352944e00136403e5cafe7fe3695d10e37130b83db9dca05882ea4f index-70900-deplosite.co [21/Mar/2022:14:19:54 +0000] 43.247.159.8 926edd7fc352944e00136403e5cafe7fe3695d10e37130b83db9dca05882ea4f H4XBZYYGCQHSZNRC REST.GET.POLICY_STATUS - "GET /?policyStatus HTTP/1.1" 200 - 141 - 3 - "-" "S3Console/0.4, aws-internal/3 aws-sdk-java/1.11.1030 Linux/5.4.181-109.354.amzn2int.x86_64 OpenJDK_64-Bit_Server_VM/25.302-b08 java/1.8.0_302 vendor/Oracle_Corporation cfg/retry-mode/standard" - FQcwMIybWU6tCJng8GSzhGfgVo/SCDqVoOXs5h+Xcr28qgZaX7AU9FSgZawcjlxiL9NaugeOH8E= SigV4 ECDHE-RSA-AES128-GCM-SHA256 AuthHeader index-70900-deplosite.co.s3.ap-south-1.amazonaws.com TLSv1.2 -
926edd7fc352944e00136403e5cafe7fe3695d10e37130b83db9dca05882ea4f index-70900-deplosite.co [21/Mar/2022:14:19:54 +0000] 43.247.159.8 926edd7fc352944e00136403e5cafe7fe3695d10e37130b83db9dca05882ea4f H4XCDH7N4YQCBXPE REST.GET.ACL - "GET /?acl HTTP/1.1" 200 - 480 - 6 - "-" "S3Console/0.4, aws-internal/3 aws-sdk-java/1.11.1030 Linux/5.4.181-109.354.amzn2int.x86_64 OpenJDK_64-Bit_Server_VM/25.302-b08 java/1.8.0_302 vendor/Oracle_Corporation cfg/retry-mode/standard" - tc7DESMhwtj7Z8wvfs8PDzj6rGlFUGxIZmgL0haU4S0dEA9xdeeK+Yzq1I8UBdsOoEeDoAG7Axo= SigV4 ECDHE-RSA-AES128-GCM-SHA256 AuthHeader index-70900-deplosite.co.s3.ap-south-1.amazonaws.com TLSv1.2 -

926edd7fc352944e00136403e5cafe7fe3695d10e37130b83db9dca05882ea4f index-70900-deplosite.co [21/Mar/2022:14:44:06 +0000] 43.247.159.8 926edd7fc352944e00136403e5cafe7fe3695d10e37130b83db9dca05882ea4f XGE15B9Q6GHN4G8T REST.GET.POLICY_STATUS - "GET /?policyStatus HTTP/1.1" 200 - 141 - 11 - "-" "S3Console/0.4, aws-internal/3 aws-sdk-java/1.11.1030 Linux/5.4.181-109.354.amzn2int.x86_64 OpenJDK_64-Bit_Server_VM/25.302-b08 java/1.8.0_302 vendor/Oracle_Corporation cfg/retry-mode/standard" - 6ZStxI2M7HacTjCQrTB/c5HuPLNAWbWTr7WnWafQLmzZ6FJ8FbwbjknkcnmqlEs+QXy8oQlSM5I= SigV4 ECDHE-RSA-AES128-GCM-SHA256 AuthHeader index-70900-deplosite.co.s3.ap-south-1.amazonaws.com TLSv1.2 -
926edd7fc352944e00136403e5cafe7fe3695d10e37130b83db9dca05882ea4f index-70900-deplosite.co [21/Mar/2022:14:44:06 +0000] 43.247.159.8 926edd7fc352944e00136403e5cafe7fe3695d10e37130b83db9dca05882ea4f XGEF7SEB37J0V3A9 REST.GET.ACL - "GET /?acl HTTP/1.1" 200 - 480 - 7 - "-" "S3Console/0.4, aws-internal/3 aws-sdk-java/1.11.1030 Linux/5.4.181-109.354.amzn2int.x86_64 OpenJDK_64-Bit_Server_VM/25.302-b08 java/1.8.0_302 vendor/Oracle_Corporation cfg/retry-mode/standard" - MdxmNZP4p27LU7xQhD6ixpzVhGRPP2CYkxHaRAs2l64JL8msCRuOne4mba9AC//bspVHyAWIVLQ= SigV4 ECDHE-RSA-AES128-GCM-SHA256 AuthHeader index-70900-deplosite.co.s3.ap-south-1.amazonaws.com TLSv1.2 -
926edd7fc352944e00136403e5cafe7fe3695d10e37130b83db9dca05882ea4f index-70900-deplosite.co [21/Mar/2022:14:44:06 +0000] 43.247.159.8 926edd7fc352944e00136403e5cafe7fe3695d10e37130b83db9dca05882ea4f XGEFT2CA9QXC7E07 REST.GET.PUBLIC_ACCESS_BLOCK - "GET /?publicAccessBlock HTTP/1.1" 404 NoSuchPublicAccessBlockConfiguration 354 - 12 - "-" "S3Console/0.4, aws-internal/3 aws-sdk-java/1.11.1030 Linux/5.4.181-109.354.amzn2int.x86_64 OpenJDK_64-Bit_Server_VM/25.302-b08 java/1.8.0_302 vendor/Oracle_Corporation cfg/retry-mode/standard" - JyKWCNckNG12JzG6TGTwjiug09PW6YQbBe3RLRbB4NVg5QXETAoAiZZ/a4faHjxsU3De9qPXj/8= SigV4 ECDHE-RSA-AES128-GCM-SHA256 AuthHeader index-70900-deplosite.co.s3.ap-south-1.amazonaws.com TLSv1.2 -

926edd7fc352944e00136403e5cafe7fe3695d10e37130b83db9dca05882ea4f index-70900-deplosite.co [21/Mar/2022:14:44:19 +0000] 43.247.159.8 926edd7fc352944e00136403e5cafe7fe3695d10e37130b83db9dca05882ea4f 71PWAF7BAWVQ550R REST.HEAD.BUCKET - "HEAD /index-70900-deplosite.co HTTP/1.1" 200 - - - 11 11 "-" "S3Console/0.4, aws-internal/3 aws-sdk-java/1.11.1030 Linux/5.4.181-109.354.amzn2int.x86_64 OpenJDK_64-Bit_Server_VM/25.302-b08 java/1.8.0_302 vendor/Oracle_Corporation cfg/retry-mode/standard" - BKXWYRKqcpxZqnH0p6Z5bfTB94qRSGerEEOD3PrR4+eX69oks/F/8vmt18k4i56Iemr3K0VDJHE= SigV4 ECDHE-RSA-AES128-GCM-SHA256 AuthHeader s3.ap-south-1.amazonaws.com TLSv1.2 -

926edd7fc352944e00136403e5cafe7fe3695d10e37130b83db9dca05882ea4f index-70900-deplosite.co [21/Mar/2022:14:06:27 +0000] 223.186.38.235 926edd7fc352944e00136403e5cafe7fe3695d10e37130b83db9dca05882ea4f 2MP5CJS5NNETW905 REST.GET.PUBLIC_ACCESS_BLOCK - "GET /?publicAccessBlock HTTP/1.1" 404 NoSuchPublicAccessBlockConfiguration 354 - 16 - "-" "S3Console/0.4, aws-internal/3 aws-sdk-java/1.11.1030 Linux/5.4.181-109.354.amzn2int.x86_64 OpenJDK_64-Bit_Server_VM/25.302-b08 java/1.8.0_302 vendor/Oracle_Corporation cfg/retry-mode/standard" - J8HCICn/ilCS8SXMA4CpN4ULvggXfbAm4uRMJ6j41JsQskGSvcvEEYAKbzhReLvW3qPx78VHy2s= SigV4 ECDHE-RSA-AES128-GCM-SHA256 AuthHeader index-70900-deplosite.co.s3.ap-south-1.amazonaws.com TLSv1.2 -
926edd7fc352944e00136403e5cafe7fe3695d10e37130b83db9dca05882ea4f index-70900-deplosite.co [21/Mar/2022:14:06:27 +0000] 223.186.38.235 926edd7fc352944e00136403e5cafe7fe3695d10e37130b83db9dca05882ea4f 2MP923F39809A63N REST.GET.POLICY_STATUS - "GET /?policyStatus HTTP/1.1" 200 - 141 - 11 - "-" "S3Console/0.4, aws-internal/3 aws-sdk-java/1.11.1030 Linux/5.4.181-109.354.amzn2int.x86_64 OpenJDK_64-Bit_Server_VM/25.302-b08 java/1.8.0_302 vendor/Oracle_Corporation cfg/retry-mode/standard" - RSEcgI1UlmH5AIKRvV89Ywnsl4RLIm+JSTHdxkvC5YhYKEgItokWb5l95JCBZSamdCckntBqz90= SigV4 ECDHE-RSA-AES128-GCM-SHA256 AuthHeader index-70900-deplosite.co.s3.ap-south-1.amazonaws.com TLSv1.2 -
926edd7fc352944e00136403e5cafe7fe3695d10e37130b83db9dca05882ea4f index-70900-deplosite.co [21/Mar/2022:14:06:27 +0000] 223.186.38.235 926edd7fc352944e00136403e5cafe7fe3695d10e37130b83db9dca05882ea4f 2MPBQK6ECCHAB5TV REST.GET.ACL - "GET /?acl HTTP/1.1" 200 - 480 - 5 - "-" "S3Console/0.4, aws-internal/3 aws-sdk-java/1.11.1030 Linux/5.4.181-109.354.amzn2int.x86_64 OpenJDK_64-Bit_Server_VM/25.302-b08 java/1.8.0_302 vendor/Oracle_Corporation cfg/retry-mode/standard" - WhnspBWAARA8AmtcC4fWMFhfTJICRV5Ncq5VXaGQRQI52X/osNvbw+AGt3TMojWauBL6VV73tlw= SigV4 ECDHE-RSA-AES128-GCM-SHA256 AuthHeader index-70900-deplosite.co.s3.ap-south-1.amazonaws.com TLSv1.2 -

926edd7fc352944e00136403e5cafe7fe3695d10e37130b83db9dca05882ea4f index-70900-deplosite.co [21/Mar/2022:14:06:26 +0000] 223.186.38.235 926edd7fc352944e00136403e5cafe7fe3695d10e37130b83db9dca05882ea4f KAM2WB5JAPGHZXGH REST.HEAD.BUCKET - "HEAD /index-70900-deplosite.co HTTP/1.1" 200 - - - 16 16 "-" "S3Console/0.4, aws-internal/3 aws-sdk-java/1.11.1030 Linux/5.4.181-109.354.amzn2int.x86_64 OpenJDK_64-Bit_Server_VM/25.302-b08 java/1.8.0_302 vendor/Oracle_Corporation cfg/retry-mode/standard" - 7WGLIMl0lXHSDyfn84+shUThXysVtQS87Dy40R47TxmOzfFAtIiaA0+998kiGDTIpZB6rN4u0hg= SigV4 ECDHE-RSA-AES128-GCM-SHA256 AuthHeader s3.ap-south-1.amazonaws.com TLSv1.2 -

926edd7fc352944e00136403e5cafe7fe3695d10e37130b83db9dca05882ea4f index-70900-deplosite.co [22/Mar/2022:06:34:30 +0000] 43.247.159.8 926edd7fc352944e00136403e5cafe7fe3695d10e37130b83db9dca05882ea4f E7PWS55TB95B9SQE REST.GET.POLICY_STATUS - "GET /?policyStatus HTTP/1.1" 200 - 141 - 4 - "-" "S3Console/0.4, aws-internal/3 aws-sdk-java/1.11.1030 Linux/5.4.181-109.354.amzn2int.x86_64 OpenJDK_64-Bit_Server_VM/25.302-b08 java/1.8.0_302 vendor/Oracle_Corporation cfg/retry-mode/standard" - GlJvEoHLFYVdZ+sv8klXUdhlW02veA/3wm3M4iIvc8Z+2gt8nslRCALQpdjvcSkrML2SQOe8Lpo= SigV4 ECDHE-RSA-AES128-GCM-SHA256 AuthHeader index-70900-deplosite.co.s3.ap-south-1.amazonaws.com TLSv1.2 -
926edd7fc352944e00136403e5cafe7fe3695d10e37130b83db9dca05882ea4f index-70900-deplosite.co [22/Mar/2022:06:34:30 +0000] 43.247.159.8 926edd7fc352944e00136403e5cafe7fe3695d10e37130b83db9dca05882ea4f E7PZGM383RA0FQ9Z REST.GET.PUBLIC_ACCESS_BLOCK - "GET /?publicAccessBlock HTTP/1.1" 404 NoSuchPublicAccessBlockConfiguration 354 - 16 - "-" "S3Console/0.4, aws-internal/3 aws-sdk-java/1.11.1030 Linux/5.4.181-109.354.amzn2int.x86_64 OpenJDK_64-Bit_Server_VM/25.302-b08 java/1.8.0_302 vendor/Oracle_Corporation cfg/retry-mode/standard" - 50vSSyGury6Sy8KXfYOYBqsUTtN1r2Q9y5/U2eUGMESwtNeTHykV8hZScH/VVfX0p2PYa/RRRmM= SigV4 ECDHE-RSA-AES128-GCM-SHA256 AuthHeader index-70900-deplosite.co.s3.ap-south-1.amazonaws.com TLSv1.2 -
926edd7fc352944e00136403e5cafe7fe3695d10e37130b83db9dca05882ea4f index-70900-deplosite.co [22/Mar/2022:06:34:31 +0000] 43.247.159.8 926edd7fc352944e00136403e5cafe7fe3695d10e37130b83db9dca05882ea4f QMP0QHJDVNWB15BJ REST.GET.ACL - "GET /?acl HTTP/1.1" 200 - 480 - 6 - "-" "S3Console/0.4, aws-internal/3 aws-sdk-java/1.11.1030 Linux/5.4.181-109.354.amzn2int.x86_64 OpenJDK_64-Bit_Server_VM/25.302-b08 java/1.8.0_302 vendor/Oracle_Corporation cfg/retry-mode/standard" - zCuFw+74CTXtN197rcMco/n/SNkMbTJC7V8PRpm2lARrMdCPBe7k79ngiLG+I4dLa+qt3pr2v9g= SigV4 ECDHE-RSA-AES128-GCM-SHA256 AuthHeader index-70900-deplosite.co.s3.ap-south-1.amazonaws.com TLSv1.2 -

926edd7fc352944e00136403e5cafe7fe3695d10e37130b83db9dca05882ea4f index-70900-deplosite.co [22/Mar/2022:06:34:30 +0000] 43.247.159.8 926edd7fc352944e00136403e5cafe7fe3695d10e37130b83db9dca05882ea4f E7PWVEF83S2F4QMV REST.HEAD.BUCKET - "HEAD /index-70900-deplosite.co HTTP/1.1" 200 - - - 76 75 "-" "S3Console/0.4, aws-internal/3 aws-sdk-java/1.11.1030 Linux/5.4.181-109.354.amzn2int.x86_64 OpenJDK_64-Bit_Server_VM/25.302-b08 java/1.8.0_302 vendor/Oracle_Corporation cfg/retry-mode/standard" - T7wh6V6dGsFlQJqVRgvkWCyfZQjEksI/MgK7YlJkstYzjpibgJmBChYdcxioqO+CsNonuTZdDRA= SigV4 ECDHE-RSA-AES128-GCM-SHA256 AuthHeader s3.ap-south-1.amazonaws.com TLSv1.2 -

926edd7fc352944e00136403e5cafe7fe3695d10e37130b83db9dca05882ea4f index-70900-deplosite.co [23/Mar/2022:06:14:37 +0000] 43.247.159.8 926edd7fc352944e00136403e5cafe7fe3695d10e37130b83db9dca05882ea4f CC03HTW8QWEPA8DC REST.GET.POLICY_STATUS - "GET /?policyStatus HTTP/1.1" 200 - 141 - 5 - "-" "S3Console/0.4, aws-internal/3 aws-sdk-java/1.11.1030 Linux/5.4.181-109.354.amzn2int.x86_64 OpenJDK_64-Bit_Server_VM/25.302-b08 java/1.8.0_302 vendor/Oracle_Corporation cfg/retry-mode/standard" - jcrAHM5ioc5Y2Qmk3SsxAjjp1lToGUnAThBBN2iLgyqiTXsJZpSbkDT2oo3rFhN+97GD1eWMdW8= SigV4 ECDHE-RSA-AES128-GCM-SHA256 AuthHeader index-70900-deplosite.co.s3.ap-south-1.amazonaws.com TLSv1.2 -
926edd7fc352944e00136403e5cafe7fe3695d10e37130b83db9dca05882ea4f index-70900-deplosite.co [23/Mar/2022:06:14:37 +0000] 43.247.159.8 926edd7fc352944e00136403e5cafe7fe3695d10e37130b83db9dca05882ea4f CC0AM04BTSYVYASX REST.GET.ACL - "GET /?acl HTTP/1.1" 200 - 480 - 9 - "-" "S3Console/0.4, aws-internal/3 aws-sdk-java/1.11.1030 Linux/5.4.181-109.354.amzn2int.x86_64 OpenJDK_64-Bit_Server_VM/25.302-b08 java/1.8.0_302 vendor/Oracle_Corporation cfg/retry-mode/standard" - Bcm5XN7dzdgN0sTgpXEHIFsCHicJOANyQigwSqIgNFfF7JEMgqEf4jcOs7D/gOHGNel94g6VTVU= SigV4 ECDHE-RSA-AES128-GCM-SHA256 AuthHeader index-70900-deplosite.co.s3.ap-south-1.amazonaws.com TLSv1.2 -
926edd7fc352944e00136403e5cafe7fe3695d10e37130b83db9dca05882ea4f index-70900-deplosite.co [23/Mar/2022:06:14:37 +0000] 43.247.159.8 926edd7fc352944e00136403e5cafe7fe3695d10e37130b83db9dca05882ea4f CC0DANY4PQSGHNXX REST.GET.PUBLIC_ACCESS_BLOCK - "GET /?publicAccessBlock HTTP/1.1" 404 NoSuchPublicAccessBlockConfiguration 354 - 16 - "-" "S3Console/0.4, aws-internal/3 aws-sdk-java/1.11.1030 Linux/5.4.181-109.354.amzn2int.x86_64 OpenJDK_64-Bit_Server_VM/25.302-b08 java/1.8.0_302 vendor/Oracle_Corporation cfg/retry-mode/standard" - uvjXxHSNDfV/bdTfIV4lm0dtgyQeiILEOuvO6Qjjk5786s77rNjtcUc0EPZm78nOx47ueYVLZmc= SigV4 ECDHE-RSA-AES128-GCM-SHA256 AuthHeader index-70900-deplosite.co.s3.ap-south-1.amazonaws.com TLSv1.2 -

926edd7fc352944e00136403e5cafe7fe3695d10e37130b83db9dca05882ea4f index-70900-deplosite.co [23/Mar/2022:06:14:37 +0000] 43.247.159.8 926edd7fc352944e00136403e5cafe7fe3695d10e37130b83db9dca05882ea4f CC03HAESE2BP89WZ REST.HEAD.BUCKET - "HEAD /index-70900-deplosite.co HTTP/1.1" 200 - - - 15 15 "-" "S3Console/0.4, aws-internal/3 aws-sdk-java/1.11.1030 Linux/5.4.181-109.354.amzn2int.x86_64 OpenJDK_64-Bit_Server_VM/25.302-b08 java/1.8.0_302 vendor/Oracle_Corporation cfg/retry-mode/standard" - x6mXTIBmQVhNp8tTVvORM63FVBg7fWK2+TK5afzBzYemz83Q0JdQ+zsIgs2TOhTlp6weoGuikMPxLK3z2SF4RQ== SigV4 ECDHE-RSA-AES128-GCM-SHA256 AuthHeader s3.ap-south-1.amazonaws.com TLSv1.2 -

926edd7fc352944e00136403e5cafe7fe3695d10e37130b83db9dca05882ea4f index-70900-deplosite.co [24/Mar/2022:19:38:22 +0000] 43.247.159.8 926edd7fc352944e00136403e5cafe7fe3695d10e37130b83db9dca05882ea4f 9FMQ8EW3F05MHTD4 REST.GET.WEBSITE - "GET /index-70900-deplosite.co?website= HTTP/1.1" 200 - 242 - 20 17 "-" "S3Console/0.4, aws-internal/3 aws-sdk-java/1.11.1030 Linux/5.4.181-109.354.amzn2int.x86_64 OpenJDK_64-Bit_Server_VM/25.302-b08 java/1.8.0_302 vendor/Oracle_Corporation cfg/retry-mode/standard" - Y9DrYNQqvmnf6OrN9XpiNaChWHlW7HLY+l+08EMEQ4DEXpFxj5mfpBiGdUprZ0vm8K4dPW299VQ= SigV4 ECDHE-RSA-AES128-GCM-SHA256 AuthHeader s3.ap-south-1.amazonaws.com TLSv1.2 -

926edd7fc352944e00136403e5cafe7fe3695d10e37130b83db9dca05882ea4f index-70900-deplosite.co [24/Mar/2022:19:38:22 +0000] 43.247.159.8 926edd7fc352944e00136403e5cafe7fe3695d10e37130b83db9dca05882ea4f 9FMXG4NBZPYVJTEC REST.GET.INTELLIGENT_TIERING - "GET /index-70900-deplosite.co?intelligent-tiering= HTTP/1.1" 200 - 169 - 37 - "-" "S3Console/0.4, aws-internal/3 aws-sdk-java/1.11.1030 Linux/5.4.181-109.354.amzn2int.x86_64 OpenJDK_64-Bit_Server_VM/25.302-b08 java/1.8.0_302 vendor/Oracle_Corporation cfg/retry-mode/standard" - 8C6ljSRl9fOpjciEOaSEGfkBuU+W9LLu+Y+ccv07M1Stg1dBp5VfA3kbOVkRZrvNQgqliMlPyxY= SigV4 ECDHE-RSA-AES128-GCM-SHA256 AuthHeader s3.ap-south-1.amazonaws.com TLSv1.2 -

926edd7fc352944e00136403e5cafe7fe3695d10e37130b83db9dca05882ea4f index-70900-deplosite.co [24/Mar/2022:19:38:26 +0000] 43.247.159.8 - 6TR3P0804WS7EZ92 WEBSITE.GET.OBJECT index.html "GET / HTTP/1.1" 200 - 287 287 62 61 "-" "Mozilla/5.0 (Windows NT 10.0; Win64; x64) AppleWebKit/537.36 (KHTML, like Gecko) Chrome/99.0.4844.74 Safari/537.36 Edg/99.0.1150.46" - 9eLRAeeFxmwmibeYEiDZ6lPMjFBRhqHeWXPOSV10ozO4S/rLYD14wgFkQ7EndaBvEFfTZc3O46w= - - - index-70900-deplosite.co.s3-website.ap-south-1.amazonaws.com - -
926edd7fc352944e00136403e5cafe7fe3695d10e37130b83db9dca05882ea4f index-70900-deplosite.co [24/Mar/2022:19:38:26 +0000] 43.247.159.8 - 6TR47GP5GE3XTP2P WEBSITE.GET.OBJECT favicon.ico "GET /favicon.ico HTTP/1.1" 404 NoSuchKey 287 287 21 21 "http://index-70900-deplosite.co.s3-website.ap-south-1.amazonaws.com/" "Mozilla/5.0 (Windows NT 10.0; Win64; x64) AppleWebKit/537.36 (KHTML, like Gecko) Chrome/99.0.4844.74 Safari/537.36 Edg/99.0.1150.46" - eJcbEr590kr06xIzSPYlNT+3eqpfL6q0oSRSf1ASjYOvM0vlmcrW5wVoIUAOH4N1xLmmbhV2rP4= - - - index-70900-deplosite.co.s3-website.ap-south-1.amazonaws.com - -
926edd7fc352944e00136403e5cafe7fe3695d10e37130b83db9dca05882ea4f index-70900-deplosite.co [24/Mar/2022:19:38:29 +0000] 43.247.159.8 - FBM08Z1N1A5NAZ5W WEBSITE.GET.OBJECT index.html "GET / HTTP/1.1" 304 - - 287 5 - "-" "Mozilla/5.0 (Windows NT 10.0; Win64; x64) AppleWebKit/537.36 (KHTML, like Gecko) Chrome/99.0.4844.74 Safari/537.36 Edg/99.0.1150.46" - DKNioBsnWZxGhDA5a9AfTyOIAX+i08CDu+/2KvgkaqiI7vI1aIrUvuPljUqjs07+zoqCW0KZYTQ= - - - index-70900-deplosite.co.s3-website.ap-south-1.amazonaws.com - -
926edd7fc352944e00136403e5cafe7fe3695d10e37130b83db9dca05882ea4f index-70900-deplosite.co [24/Mar/2022:19:38:29 +0000] 43.247.159.8 - FBM25G69HXWYZCC6 WEBSITE.GET.OBJECT index.html "GET / HTTP/1.1" 304 - - 287 6 - "-" "Mozilla/5.0 (Windows NT 10.0; Win64; x64) AppleWebKit/537.36 (KHTML, like Gecko) Chrome/99.0.4844.74 Safari/537.36 Edg/99.0.1150.46" - k/3CvvtxCMprCVfMfe8jRbpU7d4Da04gRGctbNbh2T1qdw/iAbeDjfMcjT0jLJtVG3DTmoi4/3A= - - - index-70900-deplosite.co.s3-website.ap-south-1.amazonaws.com - -
926edd7fc352944e00136403e5cafe7fe3695d10e37130b83db9dca05882ea4f index-70900-deplosite.co [24/Mar/2022:19:38:29 +0000] 43.247.159.8 - FBMAEEQ0ZGDF7052 WEBSITE.GET.OBJECT index.html "GET / HTTP/1.1" 304 - - 287 5 - "-" "Mozilla/5.0 (Windows NT 10.0; Win64; x64) AppleWebKit/537.36 (KHTML, like Gecko) Chrome/99.0.4844.74 Safari/537.36 Edg/99.0.1150.46" - P6Qepqv+NPgmgy5UrXQRH2zKXsiX6YU9Zucef5F9bJ0KaTa0USajmVIfgs8P2dLwEmKiQsTj2aQ= - - - index-70900-deplosite.co.s3-website.ap-south-1.amazonaws.com - -
926edd7fc352944e00136403e5cafe7fe3695d10e37130b83db9dca05882ea4f index-70900-deplosite.co [24/Mar/2022:19:38:29 +0000] 43.247.159.8 - FBMAPRD7E8HCQX9Z WEBSITE.GET.OBJECT index.html "GET / HTTP/1.1" 304 - - 287 6 - "-" "Mozilla/5.0 (Windows NT 10.0; Win64; x64) AppleWebKit/537.36 (KHTML, like Gecko) Chrome/99.0.4844.74 Safari/537.36 Edg/99.0.1150.46" - nrFLQwefzPgyiQy18zf+nGKmnNtoCm0TAvbdpMfryS/M+6BfZbO98zThyRjEPZEARUJLmL2x7z4= - - - index-70900-deplosite.co.s3-website.ap-south-1.amazonaws.com - -
926edd7fc352944e00136403e5cafe7fe3695d10e37130b83db9dca05882ea4f index-70900-deplosite.co [24/Mar/2022:19:38:29 +0000] 43.247.159.8 - FBMERP5JN46QK8QZ WEBSITE.GET.OBJECT index.html "GET / HTTP/1.1" 304 - - 287 9 - "-" "Mozilla/5.0 (Windows NT 10.0; Win64; x64) AppleWebKit/537.36 (KHTML, like Gecko) Chrome/99.0.4844.74 Safari/537.36 Edg/99.0.1150.46" - X3cqFqTwh5qk3/Oz68THON0ntHlzQUwwAGNR7MSBuOd3aEiQJ6kkVx/RMuUbKvozArGOTQkQomY= - - - index-70900-deplosite.co.s3-website.ap-south-1.amazonaws.com - -
926edd7fc352944e00136403e5cafe7fe3695d10e37130b83db9dca05882ea4f index-70900-deplosite.co [24/Mar/2022:19:38:30 +0000] 43.247.159.8 - WWYJ4FFDAQ7XVNNX WEBSITE.GET.OBJECT index.html "GET / HTTP/1.1" 304 - - 287 5 - "-" "Mozilla/5.0 (Windows NT 10.0; Win64; x64) AppleWebKit/537.36 (KHTML, like Gecko) Chrome/99.0.4844.74 Safari/537.36 Edg/99.0.1150.46" - FrsJs15RZvG42eQtMKdHJkPadCVFGC9XQxZMjRAARv/2HU8xfM2Yy/R1f2xC55x0Rn0cbBLUpg8= - - - index-70900-deplosite.co.s3-website.ap-south-1.amazonaws.com - -
926edd7fc352944e00136403e5cafe7fe3695d10e37130b83db9dca05882ea4f index-70900-deplosite.co [24/Mar/2022:19:38:30 +0000] 43.247.159.8 - WWYKTCE0EMNWAYSN WEBSITE.GET.OBJECT index.html "GET / HTTP/1.1" 304 - - 287 4 - "-" "Mozilla/5.0 (Windows NT 10.0; Win64; x64) AppleWebKit/537.36 (KHTML, like Gecko) Chrome/99.0.4844.74 Safari/537.36 Edg/99.0.1150.46" - Z4r168YAnTO4dFDxYBVw4uxxcodzfcyZCE7H3eLqtfwdjT9ybL1JGhyVwRyH0nPwI0hax71CCsg= - - - index-70900-deplosite.co.s3-website.ap-south-1.amazonaws.com - -
926edd7fc352944e00136403e5cafe7fe3695d10e37130b83db9dca05882ea4f index-70900-deplosite.co [24/Mar/2022:19:38:30 +0000] 43.247.159.8 - WWYSK552FCYZ1WYZ WEBSITE.GET.OBJECT index.html "GET / HTTP/1.1" 304 - - 287 5 - "-" "Mozilla/5.0 (Windows NT 10.0; Win64; x64) AppleWebKit/537.36 (KHTML, like Gecko) Chrome/99.0.4844.74 Safari/537.36 Edg/99.0.1150.46" - xRHuJZhpiiLvxhtEKY/FX0/NCAsa5UXsLrmXt9SUmAPrbKYVAPloZ5Y5CHZg/cNOeSajBKfmu7g= - - - index-70900-deplosite.co.s3-website.ap-south-1.amazonaws.com - -
926edd7fc352944e00136403e5cafe7fe3695d10e37130b83db9dca05882ea4f index-70900-deplosite.co [24/Mar/2022:19:38:30 +0000] 43.247.159.8 - WWYTN7D7B043CGQB WEBSITE.GET.OBJECT index.html "GET / HTTP/1.1" 304 - - 287 6 - "-" "Mozilla/5.0 (Windows NT 10.0; Win64; x64) AppleWebKit/537.36 (KHTML, like Gecko) Chrome/99.0.4844.74 Safari/537.36 Edg/99.0.1150.46" - m8l7cWIRWs3inwuaNN2yyiuRj440a/qfhM3mguyV/wm0B+0WtsH0Q/oOSrKHfwR/rJvyy3ZUyhc= - - - index-70900-deplosite.co.s3-website.ap-south-1.amazonaws.com - -
926edd7fc352944e00136403e5cafe7fe3695d10e37130b83db9dca05882ea4f index-70900-deplosite.co [24/Mar/2022:19:38:30 +0000] 43.247.159.8 - WWYVB40ZC33YZJSE WEBSITE.GET.OBJECT index.html "GET / HTTP/1.1" 304 - - 287 5 - "-" "Mozilla/5.0 (Windows NT 10.0; Win64; x64) AppleWebKit/537.36 (KHTML, like Gecko) Chrome/99.0.4844.74 Safari/537.36 Edg/99.0.1150.46" - BBL4/ajLhE4m7Cdvu0jTgT5luAMCqqaSLvaPjB4f+4v8Qs5LTL60jGdVQwzmJHz6s68F1CzbF6A= - - - index-70900-deplosite.co.s3-website.ap-south-1.amazonaws.com - -
926edd7fc352944e00136403e5cafe7fe3695d10e37130b83db9dca05882ea4f index-70900-deplosite.co [24/Mar/2022:19:38:30 +0000] 43.247.159.8 - WWYYYG91HJN3KV9B WEBSITE.GET.OBJECT index.html "GET / HTTP/1.1" 304 - - 287 5 - "-" "Mozilla/5.0 (Windows NT 10.0; Win64; x64) AppleWebKit/537.36 (KHTML, like Gecko) Chrome/99.0.4844.74 Safari/537.36 Edg/99.0.1150.46" - BUuGJ23s+NBio5lEK1GuZbhwEdKfXtVsCf/1iPqWd52lLxlRZZgBfwJPDG8kp/0Sb7OX5944tnU= - - - index-70900-deplosite.co.s3-website.ap-south-1.amazonaws.com - -
926edd7fc352944e00136403e5cafe7fe3695d10e37130b83db9dca05882ea4f index-70900-deplosite.co [24/Mar/2022:19:38:30 +0000] 43.247.159.8 - WWYZ69Z4K1WK90TP WEBSITE.GET.OBJECT index.html "GET / HTTP/1.1" 304 - - 287 7 - "-" "Mozilla/5.0 (Windows NT 10.0; Win64; x64) AppleWebKit/537.36 (KHTML, like Gecko) Chrome/99.0.4844.74 Safari/537.36 Edg/99.0.1150.46" - WeO43XVHHQdAvXDuLHGQoQgRPZmB0GPzrTy4h4vu3flkkGg6rdkKatDQMZp/8ISrPsBwsOu9JDE= - - - index-70900-deplosite.co.s3-website.ap-south-1.amazonaws.com - -
926edd7fc352944e00136403e5cafe7fe3695d10e37130b83db9dca05882ea4f index-70900-deplosite.co [24/Mar/2022:19:38:31 +0000] 43.247.159.8 - 446069KFV0KF6YEE WEBSITE.GET.OBJECT index.html "GET / HTTP/1.1" 304 - - 287 5 - "-" "Mozilla/5.0 (Windows NT 10.0; Win64; x64) AppleWebKit/537.36 (KHTML, like Gecko) Chrome/99.0.4844.74 Safari/537.36 Edg/99.0.1150.46" - SiMmYiLAMW2UxIkSFV/KBqWDNxlYZzJMBUmHjp5A1TmyiPF5rjy8yv9/3UiUkfq4MsDM9psELkY= - - - index-70900-deplosite.co.s3-website.ap-south-1.amazonaws.com - -
926edd7fc352944e00136403e5cafe7fe3695d10e37130b83db9dca05882ea4f index-70900-deplosite.co [24/Mar/2022:19:38:31 +0000] 43.247.159.8 - 44610RGASMSBAF7F WEBSITE.GET.OBJECT index.html "GET / HTTP/1.1" 304 - - 287 6 - "-" "Mozilla/5.0 (Windows NT 10.0; Win64; x64) AppleWebKit/537.36 (KHTML, like Gecko) Chrome/99.0.4844.74 Safari/537.36 Edg/99.0.1150.46" - g54UNmKOVCmSzkw581eNHnRvT7zwk6KnOqrLh1W2aK1jeB4eOij031OpO2dqKn+xLcENFiAlZUE= - - - index-70900-deplosite.co.s3-website.ap-south-1.amazonaws.com - -
926edd7fc352944e00136403e5cafe7fe3695d10e37130b83db9dca05882ea4f index-70900-deplosite.co [24/Mar/2022:19:38:31 +0000] 43.247.159.8 - 44631PARGJVW9HJ0 WEBSITE.GET.OBJECT index.html "GET / HTTP/1.1" 304 - - 287 5 - "-" "Mozilla/5.0 (Windows NT 10.0; Win64; x64) AppleWebKit/537.36 (KHTML, like Gecko) Chrome/99.0.4844.74 Safari/537.36 Edg/99.0.1150.46" - 4D7E3fES5VZnxz4jBavPaLzjNwInpDCnu6EOxgJLVcHMcREdmM4CKFdft4VxZp3YJh5jghAh1to= - - - index-70900-deplosite.co.s3-website.ap-south-1.amazonaws.com - -
926edd7fc352944e00136403e5cafe7fe3695d10e37130b83db9dca05882ea4f index-70900-deplosite.co [24/Mar/2022:19:38:31 +0000] 43.247.159.8 - 44643XXVB0ETV87P WEBSITE.GET.OBJECT index.html "GET / HTTP/1.1" 304 - - 287 7 - "-" "Mozilla/5.0 (Windows NT 10.0; Win64; x64) AppleWebKit/537.36 (KHTML, like Gecko) Chrome/99.0.4844.74 Safari/537.36 Edg/99.0.1150.46" - FvK/vpeKY3IbyvEnni9YO3uxlFoQkynKu3dqZPiLtd8BAedmUZVgexTLkh4kwDRasIWSHaJwWPk= - - - index-70900-deplosite.co.s3-website.ap-south-1.amazonaws.com - -
926edd7fc352944e00136403e5cafe7fe3695d10e37130b83db9dca05882ea4f index-70900-deplosite.co [24/Mar/2022:19:38:31 +0000] 43.247.159.8 - 4464N5ZVHHGT7W78 WEBSITE.GET.OBJECT index.html "GET / HTTP/1.1" 304 - - 287 5 - "-" "Mozilla/5.0 (Windows NT 10.0; Win64; x64) AppleWebKit/537.36 (KHTML, like Gecko) Chrome/99.0.4844.74 Safari/537.36 Edg/99.0.1150.46" - oAAjeD+OWK0llVp8zDBw2oKdSb/Po8tm8eFx81lBD0Jfw4q9BXceSzaxd9ZPx7fnlDLHsytFMn0= - - - index-70900-deplosite.co.s3-website.ap-south-1.amazonaws.com - -
926edd7fc352944e00136403e5cafe7fe3695d10e37130b83db9dca05882ea4f index-70900-deplosite.co [24/Mar/2022:19:38:31 +0000] 43.247.159.8 - 44684FE5QXQJJJD2 WEBSITE.GET.OBJECT index.html "GET / HTTP/1.1" 304 - - 287 5 - "-" "Mozilla/5.0 (Windows NT 10.0; Win64; x64) AppleWebKit/537.36 (KHTML, like Gecko) Chrome/99.0.4844.74 Safari/537.36 Edg/99.0.1150.46" - 6EldD1PrmPNlWiT9Z4BFpDvVUAUEoNT5uSQqzPBJMjd8GwIh0s+IweeVyKOeKWKZYd4X6LUHmAI= - - - index-70900-deplosite.co.s3-website.ap-south-1.amazonaws.com - -
926edd7fc352944e00136403e5cafe7fe3695d10e37130b83db9dca05882ea4f index-70900-deplosite.co [24/Mar/2022:19:38:31 +0000] 43.247.159.8 - 446BQ6WJ14D4WW0A WEBSITE.GET.OBJECT index.html "GET / HTTP/1.1" 304 - - 287 8 - "-" "Mozilla/5.0 (Windows NT 10.0; Win64; x64) AppleWebKit/537.36 (KHTML, like Gecko) Chrome/99.0.4844.74 Safari/537.36 Edg/99.0.1150.46" - OHIWE9JtBsjWKoGT2UC570e66I4OGb/kROdD/Fw62o4jR02hMQ/hA/QqG3TS8dRNXDSA+Ghv5lY= - - - index-70900-deplosite.co.s3-website.ap-south-1.amazonaws.com - -
926edd7fc352944e00136403e5cafe7fe3695d10e37130b83db9dca05882ea4f index-70900-deplosite.co [24/Mar/2022:19:38:32 +0000] 43.247.159.8 - SBZJYZE9H5RGARZT WEBSITE.GET.OBJECT index.html "GET / HTTP/1.1" 304 - - 287 6 - "-" "Mozilla/5.0 (Windows NT 10.0; Win64; x64) AppleWebKit/537.36 (KHTML, like Gecko) Chrome/99.0.4844.74 Safari/537.36 Edg/99.0.1150.46" - dpHgIlRpVHVEMe9VnbxLfcwWElodqJmBv6vaOe+NDB3ia/roAtzPsPyYGGHsqQ3BOO+fjohFV0E= - - - index-70900-deplosite.co.s3-website.ap-south-1.amazonaws.com - -
926edd7fc352944e00136403e5cafe7fe3695d10e37130b83db9dca05882ea4f index-70900-deplosite.co [24/Mar/2022:19:38:32 +0000] 43.247.159.8 - SBZNTB5RXMH3D7S0 WEBSITE.GET.OBJECT index.html "GET / HTTP/1.1" 304 - - 287 8 - "-" "Mozilla/5.0 (Windows NT 10.0; Win64; x64) AppleWebKit/537.36 (KHTML, like Gecko) Chrome/99.0.4844.74 Safari/537.36 Edg/99.0.1150.46" - M963wIUP5fn/1I/nv2vl2ndvmMb5tFMNkV6nXrum6reR4NvxpH3m2yjM9gguS/Md9V7/zoeDlW8= - - - index-70900-deplosite.co.s3-website.ap-south-1.amazonaws.com - -
926edd7fc352944e00136403e5cafe7fe3695d10e37130b83db9dca05882ea4f index-70900-deplosite.co [24/Mar/2022:19:38:32 +0000] 43.247.159.8 - SBZQD3FTS415HG50 WEBSITE.GET.OBJECT index.html "GET / HTTP/1.1" 304 - - 287 5 - "-" "Mozilla/5.0 (Windows NT 10.0; Win64; x64) AppleWebKit/537.36 (KHTML, like Gecko) Chrome/99.0.4844.74 Safari/537.36 Edg/99.0.1150.46" - l0oZJlPE6PnTHb6ZZEdrlHxh4l/b8Zi63xIKnK2d9W/ewJMWjxlCT3BIozCxlLZC8OfrfbSIIq0= - - - index-70900-deplosite.co.s3-website.ap-south-1.amazonaws.com - -
926edd7fc352944e00136403e5cafe7fe3695d10e37130b83db9dca05882ea4f index-70900-deplosite.co [24/Mar/2022:19:38:33 +0000] 43.247.159.8 - DCS1EVZ74HBV0R0G WEBSITE.GET.OBJECT index.html "GET / HTTP/1.1" 304 - - 287 7 - "-" "Mozilla/5.0 (Windows NT 10.0; Win64; x64) AppleWebKit/537.36 (KHTML, like Gecko) Chrome/99.0.4844.74 Safari/537.36 Edg/99.0.1150.46" - CE3nMj0dYrT5TH5QYDQKr8IbvCnOXiE9/xKiCQlJovZ3FDw4uSnACntKXTaZ5sRHzWRkhSAHadI= - - - index-70900-deplosite.co.s3-website.ap-south-1.amazonaws.com - -
926edd7fc352944e00136403e5cafe7fe3695d10e37130b83db9dca05882ea4f index-70900-deplosite.co [24/Mar/2022:19:38:33 +0000] 43.247.159.8 - DCS7KWFZQHA7AMSQ WEBSITE.GET.OBJECT index.html "GET / HTTP/1.1" 304 - - 287 8 - "-" "Mozilla/5.0 (Windows NT 10.0; Win64; x64) AppleWebKit/537.36 (KHTML, like Gecko) Chrome/99.0.4844.74 Safari/537.36 Edg/99.0.1150.46" - NeOaubAIbDzeQ/CXb5X391s8f2tKhgeVi1NWU/eHxMBydysfMmI5ehMTYC72eacYRsGTjRupVv4= - - - index-70900-deplosite.co.s3-website.ap-south-1.amazonaws.com - -
926edd7fc352944e00136403e5cafe7fe3695d10e37130b83db9dca05882ea4f index-70900-deplosite.co [24/Mar/2022:19:38:33 +0000] 43.247.159.8 - DCSFFKAVST6YN55P WEBSITE.GET.OBJECT index.html "GET / HTTP/1.1" 304 - - 287 7 - "-" "Mozilla/5.0 (Windows NT 10.0; Win64; x64) AppleWebKit/537.36 (KHTML, like Gecko) Chrome/99.0.4844.74 Safari/537.36 Edg/99.0.1150.46" - b1uFGazPoznJuE9Hr3jqn3OTEj1HT9w1m4mMn6tOwOxK0+UvrfaHRHUgwH2kZDJY85e6M9UWlQM= - - - index-70900-deplosite.co.s3-website.ap-south-1.amazonaws.com - -
926edd7fc352944e00136403e5cafe7fe3695d10e37130b83db9dca05882ea4f index-70900-deplosite.co [24/Mar/2022:19:38:34 +0000] 43.247.159.8 - 09CNE76CTDNT4A11 WEBSITE.GET.OBJECT index.html "GET / HTTP/1.1" 304 - - 287 6 - "-" "Mozilla/5.0 (Windows NT 10.0; Win64; x64) AppleWebKit/537.36 (KHTML, like Gecko) Chrome/99.0.4844.74 Safari/537.36 Edg/99.0.1150.46" - 8hVjdGOT+3VjWWOLEfBDm80AHXiBeIBA98rpZ5SadZ4CvRI++yLZS5rRjImHDv3Ipbk0+MTtvjQ= - - - index-70900-deplosite.co.s3-website.ap-south-1.amazonaws.com - -

926edd7fc352944e00136403e5cafe7fe3695d10e37130b83db9dca05882ea4f index-70900-deplosite.co [24/Mar/2022:19:38:22 +0000] 43.247.159.8 926edd7fc352944e00136403e5cafe7fe3695d10e37130b83db9dca05882ea4f 9FMSGWAHTD67FC4D REST.GET.ACCELERATE - "GET /index-70900-deplosite.co?accelerate= HTTP/1.1" 200 - 113 - 16 - "-" "S3Console/0.4, aws-internal/3 aws-sdk-java/1.11.1030 Linux/5.4.181-109.354.amzn2int.x86_64 OpenJDK_64-Bit_Server_VM/25.302-b08 java/1.8.0_302 vendor/Oracle_Corporation cfg/retry-mode/standard" - rGUfuEq6Qvlqq4BAfJeKXOKKBnVGPjezMiF78V7Wf4Iqb6wIwJVVUeq/7Gzw4m8RPlpvl7nAOwg= SigV4 ECDHE-RSA-AES128-GCM-SHA256 AuthHeader s3.ap-south-1.amazonaws.com TLSv1.2 -

926edd7fc352944e00136403e5cafe7fe3695d10e37130b83db9dca05882ea4f index-70900-deplosite.co [24/Mar/2022:19:37:46 +0000] 43.247.159.8 926edd7fc352944e00136403e5cafe7fe3695d10e37130b83db9dca05882ea4f JM3NAG3R7KR8EP6X REST.GET.ACL - "GET /?acl HTTP/1.1" 200 - 480 - 7 - "-" "S3Console/0.4, aws-internal/3 aws-sdk-java/1.11.1030 Linux/5.4.181-109.354.amzn2int.x86_64 OpenJDK_64-Bit_Server_VM/25.302-b08 java/1.8.0_302 vendor/Oracle_Corporation cfg/retry-mode/standard" - F1aXfLArOOKbCwCE2O6Lj8ibd76ZDA5xxASAz7gwWh9BsLSPcJ3TaBK/ReZxYyMPyZxrKarHB24= SigV4 ECDHE-RSA-AES128-GCM-SHA256 AuthHeader index-70900-deplosite.co.s3.ap-south-1.amazonaws.com TLSv1.2 -
926edd7fc352944e00136403e5cafe7fe3695d10e37130b83db9dca05882ea4f index-70900-deplosite.co [24/Mar/2022:19:37:46 +0000] 43.247.159.8 926edd7fc352944e00136403e5cafe7fe3695d10e37130b83db9dca05882ea4f JM3VWTGZ1HPS83TA REST.GET.PUBLIC_ACCESS_BLOCK - "GET /?publicAccessBlock HTTP/1.1" 404 NoSuchPublicAccessBlockConfiguration 354 - 21 - "-" "S3Console/0.4, aws-internal/3 aws-sdk-java/1.11.1030 Linux/5.4.181-109.354.amzn2int.x86_64 OpenJDK_64-Bit_Server_VM/25.302-b08 java/1.8.0_302 vendor/Oracle_Corporation cfg/retry-mode/standard" - EquNBDDgGrubG4BD8KyQc2VvLH+TiG5fQZmm15Z96BvLhavs2b3OA51qmzf2VpUcTI+No3jQXXg= SigV4 ECDHE-RSA-AES128-GCM-SHA256 AuthHeader index-70900-deplosite.co.s3.ap-south-1.amazonaws.com TLSv1.2 -
926edd7fc352944e00136403e5cafe7fe3695d10e37130b83db9dca05882ea4f index-70900-deplosite.co [24/Mar/2022:19:37:46 +0000] 43.247.159.8 926edd7fc352944e00136403e5cafe7fe3695d10e37130b83db9dca05882ea4f JM3YBJ4RNAH41G93 REST.GET.POLICY_STATUS - "GET /?policyStatus HTTP/1.1" 200 - 141 - 10 - "-" "S3Console/0.4, aws-internal/3 aws-sdk-java/1.11.1030 Linux/5.4.181-109.354.amzn2int.x86_64 OpenJDK_64-Bit_Server_VM/25.302-b08 java/1.8.0_302 vendor/Oracle_Corporation cfg/retry-mode/standard" - LHAwCobZbVMolA/Z18gMvsB3hP+fOL+zQ5i09LzlNy2de//DdT0YAIfy85KGRL39TmtE01XklUU= SigV4 ECDHE-RSA-AES128-GCM-SHA256 AuthHeader index-70900-deplosite.co.s3.ap-south-1.amazonaws.com TLSv1.2 -

926edd7fc352944e00136403e5cafe7fe3695d10e37130b83db9dca05882ea4f index-70900-deplosite.co [24/Mar/2022:19:38:21 +0000] 43.247.159.8 926edd7fc352944e00136403e5cafe7fe3695d10e37130b83db9dca05882ea4f RJGPCZ9GE4SDV57X REST.GET.BUCKET - "GET /index-70900-deplosite.co?list-type=2&encoding-type=url&max-keys=1000&fetch-owner=true&delimiter=%2F&prefix= HTTP/1.1" 200 - 604 - 25 24 "-" "S3Console/0.4, aws-internal/3 aws-sdk-java/1.11.1030 Linux/5.4.181-109.354.amzn2int.x86_64 OpenJDK_64-Bit_Server_VM/25.302-b08 java/1.8.0_302 vendor/Oracle_Corporation cfg/retry-mode/standard" - sIDYKOyTz5iYxzbmumHRtXDGnzclTCUySwrVpwDpp6uGmJb5lKBom0w5zpUu7sfQQ0uWdYiy57Q= SigV4 ECDHE-RSA-AES128-GCM-SHA256 AuthHeader s3.ap-south-1.amazonaws.com TLSv1.2 -
926edd7fc352944e00136403e5cafe7fe3695d10e37130b83db9dca05882ea4f index-70900-deplosite.co [24/Mar/2022:19:38:22 +0000] 43.247.159.8 926edd7fc352944e00136403e5cafe7fe3695d10e37130b83db9dca05882ea4f 9FMN5E6R8X4NBWAX REST.GET.TAGGING - "GET /index-70900-deplosite.co?tagging= HTTP/1.1" 404 NoSuchTagSet 304 - 14 - "-" "S3Console/0.4, aws-internal/3 aws-sdk-java/1.11.1030 Linux/5.4.181-109.354.amzn2int.x86_64 OpenJDK_64-Bit_Server_VM/25.302-b08 java/1.8.0_302 vendor/Oracle_Corporation cfg/retry-mode/standard" - cK6qy5feb8KeXnMBC6+ZnkUWA6z0aMcn2j5GCj17+ZhaKDJhDsg0L7HLnPmf/9Q1Sjnxe+9KPE8= SigV4 ECDHE-RSA-AES128-GCM-SHA256 AuthHeader s3.ap-south-1.amazonaws.com TLSv1.2 -

926edd7fc352944e00136403e5cafe7fe3695d10e37130b83db9dca05882ea4f index-70900-deplosite.co [24/Mar/2022:19:38:21 +0000] 43.247.159.8 926edd7fc352944e00136403e5cafe7fe3695d10e37130b83db9dca05882ea4f RJGMQCCTGJMD75EB REST.GET.OWNERSHIP_CONTROLS - "GET /index-70900-deplosite.co?ownershipControls= HTTP/1.1" 404 OwnershipControlsNotFoundError 314 - 39 39 "-" "S3Console/0.4, aws-internal/3 aws-sdk-java/1.11.1030 Linux/5.4.181-109.354.amzn2int.x86_64 OpenJDK_64-Bit_Server_VM/25.302-b08 java/1.8.0_302 vendor/Oracle_Corporation cfg/retry-mode/standard" - GwyeQCbRrfDRs2KzuuNVG4orMBEx1d8Ycr32ZVS48tlstPcdRWBvCPkj1KW4WGbgDe6bHyYv2GFFcrPWItWUtw== SigV4 ECDHE-RSA-AES128-GCM-SHA256 AuthHeader s3.ap-south-1.amazonaws.com TLSv1.2 -
926edd7fc352944e00136403e5cafe7fe3695d10e37130b83db9dca05882ea4f index-70900-deplosite.co [24/Mar/2022:19:38:22 +0000] 43.247.159.8 926edd7fc352944e00136403e5cafe7fe3695d10e37130b83db9dca05882ea4f 9FMJP628RBREFVQT REST.GET.VERSIONING - "GET /index-70900-deplosite.co?versioning= HTTP/1.1" 200 - 113 - 10 - "-" "S3Console/0.4, aws-internal/3 aws-sdk-java/1.11.1030 Linux/5.4.181-109.354.amzn2int.x86_64 OpenJDK_64-Bit_Server_VM/25.302-b08 java/1.8.0_302 vendor/Oracle_Corporation cfg/retry-mode/standard" - coNvUfshxD5RXgNCN0DuIA3pq12NxNncE1i9R94KGig3JNaDsczc5uHqI1zMZWom7Umd9VXuPKFRM9o0U5tC0Q== SigV4 ECDHE-RSA-AES128-GCM-SHA256 AuthHeader s3.ap-south-1.amazonaws.com TLSv1.2 -

926edd7fc352944e00136403e5cafe7fe3695d10e37130b83db9dca05882ea4f index-70900-deplosite.co [24/Mar/2022:19:38:22 +0000] 43.247.159.8 926edd7fc352944e00136403e5cafe7fe3695d10e37130b83db9dca05882ea4f 9FMK2RGH9AYAZ13P REST.GET.LOGGING_STATUS - "GET /index-70900-deplosite.co?logging= HTTP/1.1" 200 - 263 - 16 - "-" "S3Console/0.4, aws-internal/3 aws-sdk-java/1.11.1030 Linux/5.4.181-109.354.amzn2int.x86_64 OpenJDK_64-Bit_Server_VM/25.302-b08 java/1.8.0_302 vendor/Oracle_Corporation cfg/retry-mode/standard" - B52TE55YJvGOFX9dsrPRimNxLqbBIPAVzzUEL+IB9E7MI5soI6hIp+KbiRmZ+2eQ37BGkgBVmLQ= SigV4 ECDHE-RSA-AES128-GCM-SHA256 AuthHeader s3.ap-south-1.amazonaws.com TLSv1.2 -

926edd7fc352944e00136403e5cafe7fe3695d10e37130b83db9dca05882ea4f index-70900-deplosite.co [24/Mar/2022:19:38:21 +0000] 43.247.159.8 926edd7fc352944e00136403e5cafe7fe3695d10e37130b83db9dca05882ea4f RJGP1TZ7G5Y5DZ9X REST.GET.BUCKETPOLICY - "GET /?policy HTTP/1.1" 200 - 193 - 14 - "-" "S3Console/0.4, aws-internal/3 aws-sdk-java/1.11.1030 Linux/5.4.181-109.354.amzn2int.x86_64 OpenJDK_64-Bit_Server_VM/25.302-b08 java/1.8.0_302 vendor/Oracle_Corporation cfg/retry-mode/standard" - D/9fkWbi8aZUHSgKNwkMiul4o3Dn4zZZQHRnnMFmmi38OJpblTKp87sWCANyCKBY7YwPTYRKU+M= SigV4 ECDHE-RSA-AES128-GCM-SHA256 AuthHeader index-70900-deplosite.co.s3.ap-south-1.amazonaws.com TLSv1.2 -
926edd7fc352944e00136403e5cafe7fe3695d10e37130b83db9dca05882ea4f index-70900-deplosite.co [24/Mar/2022:19:38:21 +0000] 43.247.159.8 926edd7fc352944e00136403e5cafe7fe3695d10e37130b83db9dca05882ea4f RJGQYE8JXQ99YXPM REST.GET.WEBSITE - "GET /?website HTTP/1.1" 200 - 242 - 16 12 "-" "S3Console/0.4, aws-internal/3 aws-sdk-java/1.11.1030 Linux/5.4.181-109.354.amzn2int.x86_64 OpenJDK_64-Bit_Server_VM/25.302-b08 java/1.8.0_302 vendor/Oracle_Corporation cfg/retry-mode/standard" - IDHWaA4ZWglqEl7c1L3QRqNP0D+l5gH11O4HpPBaeXYC70Pgb05d9eY5+ed1fs1IMs6TSVHnps8= SigV4 ECDHE-RSA-AES128-GCM-SHA256 AuthHeader index-70900-deplosite.co.s3.ap-south-1.amazonaws.com TLSv1.2 -
926edd7fc352944e00136403e5cafe7fe3695d10e37130b83db9dca05882ea4f index-70900-deplosite.co [24/Mar/2022:19:38:21 +0000] 43.247.159.8 926edd7fc352944e00136403e5cafe7fe3695d10e37130b83db9dca05882ea4f RJGYMS3CFN4CVMZY REST.GET.BUCKETVERSIONS - "GET /?versions&max-keys=1&encoding-type=url HTTP/1.1" 200 - 667 - 26 25 "-" "S3Console/0.4, aws-internal/3 aws-sdk-java/1.11.1030 Linux/5.4.181-109.354.amzn2int.x86_64 OpenJDK_64-Bit_Server_VM/25.302-b08 java/1.8.0_302 vendor/Oracle_Corporation cfg/retry-mode/standard" - eJp2hhxPk+/0SRSKqQexumkzxOLkJ2KuEMhEhS0JFaVD/ISgRP60W9c8UEYtM64uPz7MVroaXcs= SigV4 ECDHE-RSA-AES128-GCM-SHA256 AuthHeader index-70900-deplosite.co.s3.ap-south-1.amazonaws.com TLSv1.2 -

926edd7fc352944e00136403e5cafe7fe3695d10e37130b83db9dca05882ea4f index-70900-deplosite.co [24/Mar/2022:19:38:21 +0000] 43.247.159.8 926edd7fc352944e00136403e5cafe7fe3695d10e37130b83db9dca05882ea4f RJGY7KZW2QM20NJ8 REST.GET.VERSIONING - "GET /index-70900-deplosite.co?versioning= HTTP/1.1" 200 - 113 - 19 - "-" "S3Console/0.4, aws-internal/3 aws-sdk-java/1.11.1030 Linux/5.4.181-109.354.amzn2int.x86_64 OpenJDK_64-Bit_Server_VM/25.302-b08 java/1.8.0_302 vendor/Oracle_Corporation cfg/retry-mode/standard" - MPf6uJiGHw6RzQV67MeD3oyODKcT0ADOwHWRF5T0pCmAxqbiBRyT1bRbdxQwVUUwn7ha3OlUz/Y= SigV4 ECDHE-RSA-AES128-GCM-SHA256 AuthHeader s3.ap-south-1.amazonaws.com TLSv1.2 -
926edd7fc352944e00136403e5cafe7fe3695d10e37130b83db9dca05882ea4f index-70900-deplosite.co [24/Mar/2022:19:38:22 +0000] 43.247.159.8 926edd7fc352944e00136403e5cafe7fe3695d10e37130b83db9dca05882ea4f 9FMKK0C1ANQE585Y REST.GET.ENCRYPTION - "GET /index-70900-deplosite.co?encryption= HTTP/1.1" 404 ServerSideEncryptionConfigurationNotFoundError 367 - 4 - "-" "S3Console/0.4, aws-internal/3 aws-sdk-java/1.11.1030 Linux/5.4.181-109.354.amzn2int.x86_64 OpenJDK_64-Bit_Server_VM/25.302-b08 java/1.8.0_302 vendor/Oracle_Corporation cfg/retry-mode/standard" - WykledstAa2PgaL505YgmdYVz9+nnpiAfAN0K55RnWkMo6CJMot+dv/Lk4RC9mzsrecW8D//ijM= SigV4 ECDHE-RSA-AES128-GCM-SHA256 AuthHeader s3.ap-south-1.amazonaws.com TLSv1.2 -
926edd7fc352944e00136403e5cafe7fe3695d10e37130b83db9dca05882ea4f index-70900-deplosite.co [24/Mar/2022:19:38:22 +0000] 43.247.159.8 926edd7fc352944e00136403e5cafe7fe3695d10e37130b83db9dca05882ea4f 9FMKXZ5BNRPPR1SW REST.GET.OBJECT_LOCK_CONFIGURATION - "GET /index-70900-deplosite.co?object-lock= HTTP/1.1" 404 ObjectLockConfigurationNotFoundError 359 - 5 - "-" "S3Console/0.4, aws-internal/3 aws-sdk-java/1.11.1030 Linux/5.4.181-109.354.amzn2int.x86_64 OpenJDK_64-Bit_Server_VM/25.302-b08 java/1.8.0_302 vendor/Oracle_Corporation cfg/retry-mode/standard" - OapuPyPY1sJzRIubwPhoovQT+ZOhDda4EV8oXSAIrvrWtGZgaH+1T5MsQCjYt7CCiaf97quDPOo= SigV4 ECDHE-RSA-AES128-GCM-SHA256 AuthHeader s3.ap-south-1.amazonaws.com TLSv1.2 -

926edd7fc352944e00136403e5cafe7fe3695d10e37130b83db9dca05882ea4f index-70900-deplosite.co [24/Mar/2022:19:38:22 +0000] 43.247.159.8 926edd7fc352944e00136403e5cafe7fe3695d10e37130b83db9dca05882ea4f 9FMS64QE8PJ6TQCF REST.GET.NOTIFICATION - "GET /index-70900-deplosite.co?notification= HTTP/1.1" 200 - 115 - 19 - "-" "S3Console/0.4, aws-internal/3 aws-sdk-java/1.11.1030 Linux/5.4.181-109.354.amzn2int.x86_64 OpenJDK_64-Bit_Server_VM/25.302-b08 java/1.8.0_302 vendor/Oracle_Corporation cfg/retry-mode/standard" - uAzFOZ3whGlEM5ogujPBIEBb8x+DDyQhd8kA3PM3qp6nir4SlwFBBOiO2jtdzop7JF/RuaH+MsM= SigV4 ECDHE-RSA-AES128-GCM-SHA256 AuthHeader s3.ap-south-1.amazonaws.com TLSv1.2 -

926edd7fc352944e00136403e5cafe7fe3695d10e37130b83db9dca05882ea4f index-70900-deplosite.co [24/Mar/2022:19:38:22 +0000] 43.247.159.8 926edd7fc352944e00136403e5cafe7fe3695d10e37130b83db9dca05882ea4f 9FMMJXMSSF6NS7R7 REST.GET.REQUEST_PAYMENT - "GET /index-70900-deplosite.co?requestPayment= HTTP/1.1" 200 - 172 - 14 - "-" "S3Console/0.4, aws-internal/3 aws-sdk-java/1.11.1030 Linux/5.4.181-109.354.amzn2int.x86_64 OpenJDK_64-Bit_Server_VM/25.302-b08 java/1.8.0_302 vendor/Oracle_Corporation cfg/retry-mode/standard" - tjHYj0q0I9iWwMk4zEGcxxamrjIbWVX8ChludAYrNxd+tJuFzQoIsyLHJ+5L0b326F1bvJP/vKo= SigV4 ECDHE-RSA-AES128-GCM-SHA256 AuthHeader s3.ap-south-1.amazonaws.com TLSv1.2 -

926edd7fc352944e00136403e5cafe7fe3695d10e37130b83db9dca05882ea4f index-70900-deplosite.co [24/Mar/2022:19:38:21 +0000] 43.247.159.8 926edd7fc352944e00136403e5cafe7fe3695d10e37130b83db9dca05882ea4f RJGY7KZW2QM20NJ8 REST.GET.VERSIONING - "GET /index-70900-deplosite.co?versioning= HTTP/1.1" 200 - 113 - 19 - "-" "S3Console/0.4, aws-internal/3 aws-sdk-java/1.11.1030 Linux/5.4.181-109.354.amzn2int.x86_64 OpenJDK_64-Bit_Server_VM/25.302-b08 java/1.8.0_302 vendor/Oracle_Corporation cfg/retry-mode/standard" - MPf6uJiGHw6RzQV67MeD3oyODKcT0ADOwHWRF5T0pCmAxqbiBRyT1bRbdxQwVUUwn7ha3OlUz/Y= SigV4 ECDHE-RSA-AES128-GCM-SHA256 AuthHeader s3.ap-south-1.amazonaws.com TLSv1.2 -
926edd7fc352944e00136403e5cafe7fe3695d10e37130b83db9dca05882ea4f index-70900-deplosite.co [24/Mar/2022:19:38:22 +0000] 43.247.159.8 926edd7fc352944e00136403e5cafe7fe3695d10e37130b83db9dca05882ea4f 9FMKK0C1ANQE585Y REST.GET.ENCRYPTION - "GET /index-70900-deplosite.co?encryption= HTTP/1.1" 404 ServerSideEncryptionConfigurationNotFoundError 367 - 4 - "-" "S3Console/0.4, aws-internal/3 aws-sdk-java/1.11.1030 Linux/5.4.181-109.354.amzn2int.x86_64 OpenJDK_64-Bit_Server_VM/25.302-b08 java/1.8.0_302 vendor/Oracle_Corporation cfg/retry-mode/standard" - WykledstAa2PgaL505YgmdYVz9+nnpiAfAN0K55RnWkMo6CJMot+dv/Lk4RC9mzsrecW8D//ijM= SigV4 ECDHE-RSA-AES128-GCM-SHA256 AuthHeader s3.ap-south-1.amazonaws.com TLSv1.2 -
926edd7fc352944e00136403e5cafe7fe3695d10e37130b83db9dca05882ea4f index-70900-deplosite.co [24/Mar/2022:19:38:22 +0000] 43.247.159.8 926edd7fc352944e00136403e5cafe7fe3695d10e37130b83db9dca05882ea4f 9FMKXZ5BNRPPR1SW REST.GET.OBJECT_LOCK_CONFIGURATION - "GET /index-70900-deplosite.co?object-lock= HTTP/1.1" 404 ObjectLockConfigurationNotFoundError 359 - 5 - "-" "S3Console/0.4, aws-internal/3 aws-sdk-java/1.11.1030 Linux/5.4.181-109.354.amzn2int.x86_64 OpenJDK_64-Bit_Server_VM/25.302-b08 java/1.8.0_302 vendor/Oracle_Corporation cfg/retry-mode/standard" - OapuPyPY1sJzRIubwPhoovQT+ZOhDda4EV8oXSAIrvrWtGZgaH+1T5MsQCjYt7CCiaf97quDPOo= SigV4 ECDHE-RSA-AES128-GCM-SHA256 AuthHeader s3.ap-south-1.amazonaws.com TLSv1.2 -

926edd7fc352944e00136403e5cafe7fe3695d10e37130b83db9dca05882ea4f index-70900-deplosite.co [24/Mar/2022:19:38:22 +0000] 43.247.159.8 926edd7fc352944e00136403e5cafe7fe3695d10e37130b83db9dca05882ea4f 9FMS64QE8PJ6TQCF REST.GET.NOTIFICATION - "GET /index-70900-deplosite.co?notification= HTTP/1.1" 200 - 115 - 19 - "-" "S3Console/0.4, aws-internal/3 aws-sdk-java/1.11.1030 Linux/5.4.181-109.354.amzn2int.x86_64 OpenJDK_64-Bit_Server_VM/25.302-b08 java/1.8.0_302 vendor/Oracle_Corporation cfg/retry-mode/standard" - uAzFOZ3whGlEM5ogujPBIEBb8x+DDyQhd8kA3PM3qp6nir4SlwFBBOiO2jtdzop7JF/RuaH+MsM= SigV4 ECDHE-RSA-AES128-GCM-SHA256 AuthHeader s3.ap-south-1.amazonaws.com TLSv1.2 -

926edd7fc352944e00136403e5cafe7fe3695d10e37130b83db9dca05882ea4f index-70900-deplosite.co [24/Mar/2022:19:38:22 +0000] 43.247.159.8 926edd7fc352944e00136403e5cafe7fe3695d10e37130b83db9dca05882ea4f 9FMMJXMSSF6NS7R7 REST.GET.REQUEST_PAYMENT - "GET /index-70900-deplosite.co?requestPayment= HTTP/1.1" 200 - 172 - 14 - "-" "S3Console/0.4, aws-internal/3 aws-sdk-java/1.11.1030 Linux/5.4.181-109.354.amzn2int.x86_64 OpenJDK_64-Bit_Server_VM/25.302-b08 java/1.8.0_302 vendor/Oracle_Corporation cfg/retry-mode/standard" - tjHYj0q0I9iWwMk4zEGcxxamrjIbWVX8ChludAYrNxd+tJuFzQoIsyLHJ+5L0b326F1bvJP/vKo= SigV4 ECDHE-RSA-AES128-GCM-SHA256 AuthHeader s3.ap-south-1.amazonaws.com TLSv1.2 -

926edd7fc352944e00136403e5cafe7fe3695d10e37130b83db9dca05882ea4f index-70900-deplosite.co [24/Mar/2022:20:59:33 +0000] 43.247.159.8 926edd7fc352944e00136403e5cafe7fe3695d10e37130b83db9dca05882ea4f ST948XVJH0EWDNZY REST.GET.PUBLIC_ACCESS_BLOCK - "GET /?publicAccessBlock HTTP/1.1" 404 NoSuchPublicAccessBlockConfiguration 354 - 14 - "-" "S3Console/0.4, aws-internal/3 aws-sdk-java/1.11.1030 Linux/5.4.181-109.354.amzn2int.x86_64 OpenJDK_64-Bit_Server_VM/25.302-b08 java/1.8.0_302 vendor/Oracle_Corporation cfg/retry-mode/standard" - JNeRWm/E5BYDAuFlHbX0XOJootAbLxOtI+j9tAyMAdBndlsgVjARLElV+Ali5mFzGzcvXBFK5i4= SigV4 ECDHE-RSA-AES128-GCM-SHA256 AuthHeader index-70900-deplosite.co.s3.ap-south-1.amazonaws.com TLSv1.2 -
926edd7fc352944e00136403e5cafe7fe3695d10e37130b83db9dca05882ea4f index-70900-deplosite.co [24/Mar/2022:20:59:33 +0000] 43.247.159.8 926edd7fc352944e00136403e5cafe7fe3695d10e37130b83db9dca05882ea4f ST94G43GNFTDQCW7 REST.GET.ACL - "GET /?acl HTTP/1.1" 200 - 480 - 5 - "-" "S3Console/0.4, aws-internal/3 aws-sdk-java/1.11.1030 Linux/5.4.181-109.354.amzn2int.x86_64 OpenJDK_64-Bit_Server_VM/25.302-b08 java/1.8.0_302 vendor/Oracle_Corporation cfg/retry-mode/standard" - CLCg+wLOjbAY2KobOkHM+OQ0waRAxNCH2zC1/chcrPCKR4YezYP4q4R9CPAYfaFvA3d2MBzTHNs= SigV4 ECDHE-RSA-AES128-GCM-SHA256 AuthHeader index-70900-deplosite.co.s3.ap-south-1.amazonaws.com TLSv1.2 -
926edd7fc352944e00136403e5cafe7fe3695d10e37130b83db9dca05882ea4f index-70900-deplosite.co [24/Mar/2022:20:59:33 +0000] 43.247.159.8 926edd7fc352944e00136403e5cafe7fe3695d10e37130b83db9dca05882ea4f ST9E9XYNYRGJ5MJE REST.GET.POLICY_STATUS - "GET /?policyStatus HTTP/1.1" 200 - 141 - 8 - "-" "S3Console/0.4, aws-internal/3 aws-sdk-java/1.11.1030 Linux/5.4.181-109.354.amzn2int.x86_64 OpenJDK_64-Bit_Server_VM/25.302-b08 java/1.8.0_302 vendor/Oracle_Corporation cfg/retry-mode/standard" - ZKqQa5QWppyO4FcnT/oWh//H8DDny24h6VeiuNgJZj+ZxOb+Qr+fpJHmiv/CfRTp5LoI+3E/CIc= SigV4 ECDHE-RSA-AES128-GCM-SHA256 AuthHeader index-70900-deplosite.co.s3.ap-south-1.amazonaws.com TLSv1.2 -

926edd7fc352944e00136403e5cafe7fe3695d10e37130b83db9dca05882ea4f index-70900-deplosite.co [24/Mar/2022:20:59:34 +0000] 43.247.159.8 926edd7fc352944e00136403e5cafe7fe3695d10e37130b83db9dca05882ea4f HPJ3A0SHSZKH5QRV REST.GET.ACL - "GET /?acl HTTP/1.1" 200 - 480 - 6 - "-" "S3Console/0.4, aws-internal/3 aws-sdk-java/1.11.1030 Linux/5.4.181-109.354.amzn2int.x86_64 OpenJDK_64-Bit_Server_VM/25.302-b08 java/1.8.0_302 vendor/Oracle_Corporation cfg/retry-mode/standard" - YqE6RWQOh4BkhWQIAJPKKsztfipsV4cXYNL2bogODbXFP3f0j840g/wjuAGklJFnrxd6IvTTvgQ= SigV4 ECDHE-RSA-AES128-GCM-SHA256 AuthHeader index-70900-deplosite.co.s3.ap-south-1.amazonaws.com TLSv1.2 -
926edd7fc352944e00136403e5cafe7fe3695d10e37130b83db9dca05882ea4f index-70900-deplosite.co [24/Mar/2022:20:59:34 +0000] 43.247.159.8 926edd7fc352944e00136403e5cafe7fe3695d10e37130b83db9dca05882ea4f HPJAN9W5FMFX8SGC REST.GET.PUBLIC_ACCESS_BLOCK - "GET /?publicAccessBlock HTTP/1.1" 404 NoSuchPublicAccessBlockConfiguration 354 - 13 - "-" "S3Console/0.4, aws-internal/3 aws-sdk-java/1.11.1030 Linux/5.4.181-109.354.amzn2int.x86_64 OpenJDK_64-Bit_Server_VM/25.302-b08 java/1.8.0_302 vendor/Oracle_Corporation cfg/retry-mode/standard" - 1+SddMDMwu2wXBRAI6uy9lK/7/6fJjXKKyhug6q0xjP2llj4aBc9ODHW3SsBUyI22uXYa/BTbTs= SigV4 ECDHE-RSA-AES128-GCM-SHA256 AuthHeader index-70900-deplosite.co.s3.ap-south-1.amazonaws.com TLSv1.2 -
926edd7fc352944e00136403e5cafe7fe3695d10e37130b83db9dca05882ea4f index-70900-deplosite.co [24/Mar/2022:20:59:34 +0000] 43.247.159.8 926edd7fc352944e00136403e5cafe7fe3695d10e37130b83db9dca05882ea4f HPJBASR0JW8PTHSA REST.GET.POLICY_STATUS - "GET /?policyStatus HTTP/1.1" 200 - 141 - 6 - "-" "S3Console/0.4, aws-internal/3 aws-sdk-java/1.11.1030 Linux/5.4.181-109.354.amzn2int.x86_64 OpenJDK_64-Bit_Server_VM/25.302-b08 java/1.8.0_302 vendor/Oracle_Corporation cfg/retry-mode/standard" - DbqMRpJAkDDfD1nf3ZN3pCj3Y4nQjundnThNnsQYjwoadHpb3Aj4r6YffqjOVGfr5uLvCv4kzv8= SigV4 ECDHE-RSA-AES128-GCM-SHA256 AuthHeader index-70900-deplosite.co.s3.ap-south-1.amazonaws.com TLSv1.2 -

926edd7fc352944e00136403e5cafe7fe3695d10e37130b83db9dca05882ea4f index-70900-deplosite.co [24/Mar/2022:20:10:29 +0000] 43.247.159.8 926edd7fc352944e00136403e5cafe7fe3695d10e37130b83db9dca05882ea4f MD9C0M4S9RX5GF48 REST.HEAD.BUCKET - "HEAD /index-70900-deplosite.co HTTP/1.1" 200 - - - 17 17 "-" "S3Console/0.4, aws-internal/3 aws-sdk-java/1.11.1030 Linux/5.4.181-109.354.amzn2int.x86_64 OpenJDK_64-Bit_Server_VM/25.302-b08 java/1.8.0_302 vendor/Oracle_Corporation cfg/retry-mode/standard" - wNzFIzDQ4JDS7F3k2kmUl1Gj0RdHx8DYMMaYO8Dl2yJVV2Ob6XSIQpihpZPRqYHWjSqADrIqPy8= SigV4 ECDHE-RSA-AES128-GCM-SHA256 AuthHeader s3.ap-south-1.amazonaws.com TLSv1.2 -

926edd7fc352944e00136403e5cafe7fe3695d10e37130b83db9dca05882ea4f index-70900-deplosite.co [24/Mar/2022:20:10:29 +0000] 43.247.159.8 926edd7fc352944e00136403e5cafe7fe3695d10e37130b83db9dca05882ea4f MD94Q5Y830EVS7WY REST.GET.ACL - "GET /?acl HTTP/1.1" 200 - 480 - 7 - "-" "S3Console/0.4, aws-internal/3 aws-sdk-java/1.11.1030 Linux/5.4.181-109.354.amzn2int.x86_64 OpenJDK_64-Bit_Server_VM/25.302-b08 java/1.8.0_302 vendor/Oracle_Corporation cfg/retry-mode/standard" - C4hEUzFrZMBj+ht/2Bf0JVzF54uzmrvoJkUDE27vQeO/lHJu9OKgG3sjo3tGGIrC+q1BdNIlfuI= SigV4 ECDHE-RSA-AES128-GCM-SHA256 AuthHeader index-70900-deplosite.co.s3.ap-south-1.amazonaws.com TLSv1.2 -
926edd7fc352944e00136403e5cafe7fe3695d10e37130b83db9dca05882ea4f index-70900-deplosite.co [24/Mar/2022:20:10:29 +0000] 43.247.159.8 926edd7fc352944e00136403e5cafe7fe3695d10e37130b83db9dca05882ea4f MD9BYFBCFJ9896DX REST.GET.PUBLIC_ACCESS_BLOCK - "GET /?publicAccessBlock HTTP/1.1" 404 NoSuchPublicAccessBlockConfiguration 354 - 14 - "-" "S3Console/0.4, aws-internal/3 aws-sdk-java/1.11.1030 Linux/5.4.181-109.354.amzn2int.x86_64 OpenJDK_64-Bit_Server_VM/25.302-b08 java/1.8.0_302 vendor/Oracle_Corporation cfg/retry-mode/standard" - +VXiWFOk4ZytmHuKP2gAXf3vXF7rWYqYmTjiDChKFd5O+kHn3fPwQyT0FVJaSvAt6bBeD8wI5UQ= SigV4 ECDHE-RSA-AES128-GCM-SHA256 AuthHeader index-70900-deplosite.co.s3.ap-south-1.amazonaws.com TLSv1.2 -
926edd7fc352944e00136403e5cafe7fe3695d10e37130b83db9dca05882ea4f index-70900-deplosite.co [24/Mar/2022:20:10:29 +0000] 43.247.159.8 926edd7fc352944e00136403e5cafe7fe3695d10e37130b83db9dca05882ea4f MD9E6JX21R51WWFR REST.GET.POLICY_STATUS - "GET /?policyStatus HTTP/1.1" 200 - 141 - 10 - "-" "S3Console/0.4, aws-internal/3 aws-sdk-java/1.11.1030 Linux/5.4.181-109.354.amzn2int.x86_64 OpenJDK_64-Bit_Server_VM/25.302-b08 java/1.8.0_302 vendor/Oracle_Corporation cfg/retry-mode/standard" - myjerdyl1zXDS5NbU7RSFd0+4trHWSBCp7NM1MLpsDT72jC5b4iYmqXFF85dcXfy1qgoXPgNipI= SigV4 ECDHE-RSA-AES128-GCM-SHA256 AuthHeader index-70900-deplosite.co.s3.ap-south-1.amazonaws.com TLSv1.2 -

926edd7fc352944e00136403e5cafe7fe3695d10e37130b83db9dca05882ea4f index-70900-deplosite.co [24/Mar/2022:20:59:33 +0000] 43.247.159.8 926edd7fc352944e00136403e5cafe7fe3695d10e37130b83db9dca05882ea4f ST92MBSZFX0PW991 REST.HEAD.BUCKET - "HEAD /index-70900-deplosite.co HTTP/1.1" 200 - - - 17 16 "-" "S3Console/0.4, aws-internal/3 aws-sdk-java/1.11.1030 Linux/5.4.181-109.354.amzn2int.x86_64 OpenJDK_64-Bit_Server_VM/25.302-b08 java/1.8.0_302 vendor/Oracle_Corporation cfg/retry-mode/standard" - CXDxjX5bgzwO3Aeu7rXmQQ9iuBYqW9KBv7UuCTucMlmaExhNK6Q2p0DiUzmJCZXmzFiku2BK2gc= SigV4 ECDHE-RSA-AES128-GCM-SHA256 AuthHeader s3.ap-south-1.amazonaws.com TLSv1.2 -

926edd7fc352944e00136403e5cafe7fe3695d10e37130b83db9dca05882ea4f index-70900-deplosite.co [25/Mar/2022:12:01:42 +0000] 43.247.159.8 926edd7fc352944e00136403e5cafe7fe3695d10e37130b83db9dca05882ea4f P03MATVVRJN297KH REST.HEAD.BUCKET - "HEAD /index-70900-deplosite.co HTTP/1.1" 200 - - - 15 14 "-" "S3Console/0.4, aws-internal/3 aws-sdk-java/1.11.1030 Linux/5.4.181-109.354.amzn2int.x86_64 OpenJDK_64-Bit_Server_VM/25.302-b08 java/1.8.0_302 vendor/Oracle_Corporation cfg/retry-mode/standard" - PWpaqx5DIxe1A0SrCdJZ0P92tWkrC7KYYZ1+OdvHYRmwJHDcSTpxQQzAKl/SnJ9H0UmhvxFf7QU= SigV4 ECDHE-RSA-AES128-GCM-SHA256 AuthHeader s3.ap-south-1.amazonaws.com TLSv1.2 -

926edd7fc352944e00136403e5cafe7fe3695d10e37130b83db9dca05882ea4f index-70900-deplosite.co [25/Mar/2022:12:01:42 +0000] 43.247.159.8 926edd7fc352944e00136403e5cafe7fe3695d10e37130b83db9dca05882ea4f P03G7717V1GMD6AA REST.GET.ACL - "GET /?acl HTTP/1.1" 200 - 480 - 7 - "-" "S3Console/0.4, aws-internal/3 aws-sdk-java/1.11.1030 Linux/5.4.181-109.354.amzn2int.x86_64 OpenJDK_64-Bit_Server_VM/25.302-b08 java/1.8.0_302 vendor/Oracle_Corporation cfg/retry-mode/standard" - 6NH+LhdEomYshnfb+Ft9ojuIquO3KUJ3scqbbSJQgVDdUHvx+ujOo+h3RyzACStmPErppiUnF5k= SigV4 ECDHE-RSA-AES128-GCM-SHA256 AuthHeader index-70900-deplosite.co.s3.ap-south-1.amazonaws.com TLSv1.2 -
926edd7fc352944e00136403e5cafe7fe3695d10e37130b83db9dca05882ea4f index-70900-deplosite.co [25/Mar/2022:12:01:42 +0000] 43.247.159.8 926edd7fc352944e00136403e5cafe7fe3695d10e37130b83db9dca05882ea4f P03MJ1R4SEB26S02 REST.GET.POLICY_STATUS - "GET /?policyStatus HTTP/1.1" 200 - 141 - 8 - "-" "S3Console/0.4, aws-internal/3 aws-sdk-java/1.11.1030 Linux/5.4.181-109.354.amzn2int.x86_64 OpenJDK_64-Bit_Server_VM/25.302-b08 java/1.8.0_302 vendor/Oracle_Corporation cfg/retry-mode/standard" - 3l6Vwu9tZTP1sCUCbxsoytfeu37Il9m2FdaOwlK/5RSoosw0v4xfQFH9CuSrVLvBMgD19C/BcnI= SigV4 ECDHE-RSA-AES128-GCM-SHA256 AuthHeader index-70900-deplosite.co.s3.ap-south-1.amazonaws.com TLSv1.2 -
926edd7fc352944e00136403e5cafe7fe3695d10e37130b83db9dca05882ea4f index-70900-deplosite.co [25/Mar/2022:12:01:42 +0000] 43.247.159.8 926edd7fc352944e00136403e5cafe7fe3695d10e37130b83db9dca05882ea4f P03WE021E0W0PYJ2 REST.GET.PUBLIC_ACCESS_BLOCK - "GET /?publicAccessBlock HTTP/1.1" 404 NoSuchPublicAccessBlockConfiguration 354 - 15 - "-" "S3Console/0.4, aws-internal/3 aws-sdk-java/1.11.1030 Linux/5.4.181-109.354.amzn2int.x86_64 OpenJDK_64-Bit_Server_VM/25.302-b08 java/1.8.0_302 vendor/Oracle_Corporation cfg/retry-mode/standard" - XRdtl9FosSK+qwlVOeJBwMNwzm13Wc12P6nRN3eMAoBAGiqYAXxZAWh5jtgS8KEVbnDm0PQqLaY= SigV4 ECDHE-RSA-AES128-GCM-SHA256 AuthHeader index-70900-deplosite.co.s3.ap-south-1.amazonaws.com TLSv1.2 -

