926edd7fc352944e00136403e5cafe7fe3695d10e37130b83db9dca05882ea4f landingpage-7435-deplosite.co [21/Mar/2022:13:36:32 +0000] 223.186.38.235 - 74CR985SEXX3V35T WEBSITE.GET.OBJECT index.html "GET / HTTP/1.1" 200 - 75281 75281 132 131 "http://127.0.0.1:5000/" "Mozilla/5.0 (Windows NT 10.0; Win64; x64) AppleWebKit/537.36 (KHTML, like Gecko) Chrome/99.0.4844.74 Safari/537.36 Edg/99.0.1150.46" - Cdn76HMjy+D0zPZPwCxWpSHWntYBCFneBah9+g3sG0Gv8fDHCmz/0mW+85mPLgykdl/ptQopS/Y= - - - landingpage-7435-deplosite.co.s3-website.ap-south-1.amazonaws.com - -

926edd7fc352944e00136403e5cafe7fe3695d10e37130b83db9dca05882ea4f landingpage-7435-deplosite.co [21/Mar/2022:13:33:33 +0000] 223.186.38.235 926edd7fc352944e00136403e5cafe7fe3695d10e37130b83db9dca05882ea4f 7VB56AQTSQTE002Y REST.GET.POLICY_STATUS - "GET /?policyStatus HTTP/1.1" 200 - 141 - 6 - "-" "S3Console/0.4, aws-internal/3 aws-sdk-java/1.11.1030 Linux/5.4.181-109.354.amzn2int.x86_64 OpenJDK_64-Bit_Server_VM/25.302-b08 java/1.8.0_302 vendor/Oracle_Corporation cfg/retry-mode/standard" - 8yZfZjUMlHnmhNYMGk3dqGS4v/Avfdt59AOUiu4LQrUvqZLGPMWrUS+8RgKYuDmaJL52IJ8ULEA= SigV4 ECDHE-RSA-AES128-GCM-SHA256 AuthHeader landingpage-7435-deplosite.co.s3.ap-south-1.amazonaws.com TLSv1.2 -
926edd7fc352944e00136403e5cafe7fe3695d10e37130b83db9dca05882ea4f landingpage-7435-deplosite.co [21/Mar/2022:13:33:33 +0000] 223.186.38.235 926edd7fc352944e00136403e5cafe7fe3695d10e37130b83db9dca05882ea4f 7VB60NY3ZP0QEWNH REST.GET.PUBLIC_ACCESS_BLOCK - "GET /?publicAccessBlock HTTP/1.1" 404 NoSuchPublicAccessBlockConfiguration 359 - 10 - "-" "S3Console/0.4, aws-internal/3 aws-sdk-java/1.11.1030 Linux/5.4.181-109.354.amzn2int.x86_64 OpenJDK_64-Bit_Server_VM/25.302-b08 java/1.8.0_302 vendor/Oracle_Corporation cfg/retry-mode/standard" - Qi/Hi/cfTQp/EA1DZfvYG8k6gFSTeKLIigaZGBuMprOz6NA9/2ahrhCk4noFuoHQiCbJ4H70F7M= SigV4 ECDHE-RSA-AES128-GCM-SHA256 AuthHeader landingpage-7435-deplosite.co.s3.ap-south-1.amazonaws.com TLSv1.2 -
926edd7fc352944e00136403e5cafe7fe3695d10e37130b83db9dca05882ea4f landingpage-7435-deplosite.co [21/Mar/2022:13:33:34 +0000] 223.186.38.235 926edd7fc352944e00136403e5cafe7fe3695d10e37130b83db9dca05882ea4f GHJPBSSKGFH5GSNY REST.GET.ACL - "GET /?acl HTTP/1.1" 200 - 480 - 6 - "-" "S3Console/0.4, aws-internal/3 aws-sdk-java/1.11.1030 Linux/5.4.181-109.354.amzn2int.x86_64 OpenJDK_64-Bit_Server_VM/25.302-b08 java/1.8.0_302 vendor/Oracle_Corporation cfg/retry-mode/standard" - GlvZvVYmHhtF8ZQU4H+b2OgoHYe3eqRKVqfLNKEqw1bIO1DBSIQrlW8j0+YFDRf8RbK5uRMzvgU= SigV4 ECDHE-RSA-AES128-GCM-SHA256 AuthHeader landingpage-7435-deplosite.co.s3.ap-south-1.amazonaws.com TLSv1.2 -

926edd7fc352944e00136403e5cafe7fe3695d10e37130b83db9dca05882ea4f landingpage-7435-deplosite.co [21/Mar/2022:13:38:24 +0000] 223.186.38.235 926edd7fc352944e00136403e5cafe7fe3695d10e37130b83db9dca05882ea4f VMCPV16CVYXX1RKE REST.GET.PUBLIC_ACCESS_BLOCK - "GET /?publicAccessBlock HTTP/1.1" 404 NoSuchPublicAccessBlockConfiguration 359 - 13 - "-" "S3Console/0.4, aws-internal/3 aws-sdk-java/1.11.1030 Linux/5.4.181-109.354.amzn2int.x86_64 OpenJDK_64-Bit_Server_VM/25.302-b08 java/1.8.0_302 vendor/Oracle_Corporation cfg/retry-mode/standard" - hQAypmSG7BJOfsVqbGRglVVafv8nhNWZIsW0VpWvBesKdPBGijuUaH9EFvxZM13lCRCA/JJ2Pho= SigV4 ECDHE-RSA-AES128-GCM-SHA256 AuthHeader landingpage-7435-deplosite.co.s3.ap-south-1.amazonaws.com TLSv1.2 -
926edd7fc352944e00136403e5cafe7fe3695d10e37130b83db9dca05882ea4f landingpage-7435-deplosite.co [21/Mar/2022:13:38:24 +0000] 223.186.38.235 926edd7fc352944e00136403e5cafe7fe3695d10e37130b83db9dca05882ea4f VMCSSHKHXH8FPFTQ REST.GET.POLICY_STATUS - "GET /?policyStatus HTTP/1.1" 200 - 141 - 10 - "-" "S3Console/0.4, aws-internal/3 aws-sdk-java/1.11.1030 Linux/5.4.181-109.354.amzn2int.x86_64 OpenJDK_64-Bit_Server_VM/25.302-b08 java/1.8.0_302 vendor/Oracle_Corporation cfg/retry-mode/standard" - F7IYglAd11wkteilyGxRK7Pv3uV0IWqu7UWXkjOmNLwSF8AYPKFuD86nRksaZr/huaB9x/JszAQ= SigV4 ECDHE-RSA-AES128-GCM-SHA256 AuthHeader landingpage-7435-deplosite.co.s3.ap-south-1.amazonaws.com TLSv1.2 -
926edd7fc352944e00136403e5cafe7fe3695d10e37130b83db9dca05882ea4f landingpage-7435-deplosite.co [21/Mar/2022:13:38:24 +0000] 223.186.38.235 926edd7fc352944e00136403e5cafe7fe3695d10e37130b83db9dca05882ea4f VMCWFS3X5X88HEYB REST.GET.ACL - "GET /?acl HTTP/1.1" 200 - 480 - 7 - "-" "S3Console/0.4, aws-internal/3 aws-sdk-java/1.11.1030 Linux/5.4.181-109.354.amzn2int.x86_64 OpenJDK_64-Bit_Server_VM/25.302-b08 java/1.8.0_302 vendor/Oracle_Corporation cfg/retry-mode/standard" - exzWqkqWS9yB5bekt42JUgAdU1mlAVqQ6Verc/C+zxRXdeqFBvt+52C6toDAdfAg/Gdm4psHiMs= SigV4 ECDHE-RSA-AES128-GCM-SHA256 AuthHeader landingpage-7435-deplosite.co.s3.ap-south-1.amazonaws.com TLSv1.2 -

926edd7fc352944e00136403e5cafe7fe3695d10e37130b83db9dca05882ea4f landingpage-7435-deplosite.co [21/Mar/2022:13:22:20 +0000] 223.186.38.235 arn:aws:iam::144670637354:user/pulkit VK00TEDP00PPBZXV REST.PUT.LOGGING_STATUS - "PUT /landingpage-7435-deplosite.co?logging HTTP/1.1" 200 - - - 347 - "-" "Boto3/1.21.18 Python/3.10.2 Windows/10 Botocore/1.24.18 Resource" - X+hYyepGA6Fnk23LfIGsSEmpyyojx2upYWrhBLF3+/dGGhqVF00SLkQbqiAAcXyfelXctDnQNt6mIqu/WL25Xg== SigV4 ECDHE-RSA-AES128-GCM-SHA256 AuthHeader s3.ap-south-1.amazonaws.com TLSv1.2 -

926edd7fc352944e00136403e5cafe7fe3695d10e37130b83db9dca05882ea4f landingpage-7435-deplosite.co [21/Mar/2022:13:36:32 +0000] 223.186.38.235 - 74CJ3A62JCVXBAV4 WEBSITE.GET.OBJECT hero.png "GET /hero.png HTTP/1.1" 200 - 118359 118359 111 110 "http://landingpage-7435-deplosite.co.s3-website.ap-south-1.amazonaws.com/" "Mozilla/5.0 (Windows NT 10.0; Win64; x64) AppleWebKit/537.36 (KHTML, like Gecko) Chrome/99.0.4844.74 Safari/537.36 Edg/99.0.1150.46" - YpnKYph+qkMV0EwUHhfRsswA0DEJHdZ/fecGOYXeZi1BoPA9dqnWySoL9Iu+4yoGc0h7wrmFGkA= - - - landingpage-7435-deplosite.co.s3-website.ap-south-1.amazonaws.com - -
926edd7fc352944e00136403e5cafe7fe3695d10e37130b83db9dca05882ea4f landingpage-7435-deplosite.co [21/Mar/2022:13:36:33 +0000] 223.186.38.235 - ZYEWBPA9YN4XS5T5 WEBSITE.GET.OBJECT favicon.ico "GET /favicon.ico HTTP/1.1" 404 NoSuchKey 75281 75281 55 54 "http://landingpage-7435-deplosite.co.s3-website.ap-south-1.amazonaws.com/" "Mozilla/5.0 (Windows NT 10.0; Win64; x64) AppleWebKit/537.36 (KHTML, like Gecko) Chrome/99.0.4844.74 Safari/537.36 Edg/99.0.1150.46" - eZu2+YLWt63mrjXcj6UcjFv596WtUgjBoJ7/HidpRtEUujvrYPTs15ev2WOreUg2lC7X21TR4gY= - - - landingpage-7435-deplosite.co.s3-website.ap-south-1.amazonaws.com - -

926edd7fc352944e00136403e5cafe7fe3695d10e37130b83db9dca05882ea4f landingpage-7435-deplosite.co [21/Mar/2022:13:33:33 +0000] 223.186.38.235 926edd7fc352944e00136403e5cafe7fe3695d10e37130b83db9dca05882ea4f 7VBFN8FTJ324XS20 REST.HEAD.BUCKET - "HEAD /landingpage-7435-deplosite.co HTTP/1.1" 200 - - - 12 11 "-" "S3Console/0.4, aws-internal/3 aws-sdk-java/1.11.1030 Linux/5.4.181-109.354.amzn2int.x86_64 OpenJDK_64-Bit_Server_VM/25.302-b08 java/1.8.0_302 vendor/Oracle_Corporation cfg/retry-mode/standard" - 5h/wzdXdjfj097Vz9gRVk9uTj21jES1VEXEF3Kc6NU+OmTSfCwoTzW2Et2mZqcE1DpATCk9mt8Q= SigV4 ECDHE-RSA-AES128-GCM-SHA256 AuthHeader s3.ap-south-1.amazonaws.com TLSv1.2 -

926edd7fc352944e00136403e5cafe7fe3695d10e37130b83db9dca05882ea4f landingpage-7435-deplosite.co [21/Mar/2022:13:56:18 +0000] 223.186.38.235 926edd7fc352944e00136403e5cafe7fe3695d10e37130b83db9dca05882ea4f VR9KPKNZEKQ1N7BJ REST.HEAD.BUCKET - "HEAD /landingpage-7435-deplosite.co HTTP/1.1" 200 - - - 16 15 "-" "S3Console/0.4, aws-internal/3 aws-sdk-java/1.11.1030 Linux/5.4.181-109.354.amzn2int.x86_64 OpenJDK_64-Bit_Server_VM/25.302-b08 java/1.8.0_302 vendor/Oracle_Corporation cfg/retry-mode/standard" - 96WdNPixE7w4rfL6mHyRgYWDWKycQkN9baunPBIRSAjJFYvnhaXTtPo/lq3M6hwclFm6jkhdabU= SigV4 ECDHE-RSA-AES128-GCM-SHA256 AuthHeader s3.ap-south-1.amazonaws.com TLSv1.2 -

926edd7fc352944e00136403e5cafe7fe3695d10e37130b83db9dca05882ea4f landingpage-7435-deplosite.co [21/Mar/2022:13:56:19 +0000] 223.186.38.235 926edd7fc352944e00136403e5cafe7fe3695d10e37130b83db9dca05882ea4f QNQ4HGZRJ9DXRKG0 REST.GET.ACL - "GET /?acl HTTP/1.1" 200 - 480 - 6 - "-" "S3Console/0.4, aws-internal/3 aws-sdk-java/1.11.1030 Linux/5.4.181-109.354.amzn2int.x86_64 OpenJDK_64-Bit_Server_VM/25.302-b08 java/1.8.0_302 vendor/Oracle_Corporation cfg/retry-mode/standard" - R7BNVAEWsyzzZSFi7/k7y9kdlzF+kpkkBwWu0eqcopFA4eSWS+sNi0FZcazwHKTGMMJKoD2HH3o= SigV4 ECDHE-RSA-AES128-GCM-SHA256 AuthHeader landingpage-7435-deplosite.co.s3.ap-south-1.amazonaws.com TLSv1.2 -
926edd7fc352944e00136403e5cafe7fe3695d10e37130b83db9dca05882ea4f landingpage-7435-deplosite.co [21/Mar/2022:13:56:19 +0000] 223.186.38.235 926edd7fc352944e00136403e5cafe7fe3695d10e37130b83db9dca05882ea4f QNQ7WK5MYNE76PR7 REST.GET.POLICY_STATUS - "GET /?policyStatus HTTP/1.1" 200 - 141 - 6 - "-" "S3Console/0.4, aws-internal/3 aws-sdk-java/1.11.1030 Linux/5.4.181-109.354.amzn2int.x86_64 OpenJDK_64-Bit_Server_VM/25.302-b08 java/1.8.0_302 vendor/Oracle_Corporation cfg/retry-mode/standard" - RW4jsUxrvP6uHUdcI9H/Ce6oatpKzHv7avME3R/kdAg0daqrxmifXDhNxQiVbFAfsOB11Bn0luY= SigV4 ECDHE-RSA-AES128-GCM-SHA256 AuthHeader landingpage-7435-deplosite.co.s3.ap-south-1.amazonaws.com TLSv1.2 -
926edd7fc352944e00136403e5cafe7fe3695d10e37130b83db9dca05882ea4f landingpage-7435-deplosite.co [21/Mar/2022:13:56:19 +0000] 223.186.38.235 926edd7fc352944e00136403e5cafe7fe3695d10e37130b83db9dca05882ea4f QNQ8DZENJ1510CH1 REST.GET.PUBLIC_ACCESS_BLOCK - "GET /?publicAccessBlock HTTP/1.1" 404 NoSuchPublicAccessBlockConfiguration 359 - 13 - "-" "S3Console/0.4, aws-internal/3 aws-sdk-java/1.11.1030 Linux/5.4.181-109.354.amzn2int.x86_64 OpenJDK_64-Bit_Server_VM/25.302-b08 java/1.8.0_302 vendor/Oracle_Corporation cfg/retry-mode/standard" - mfYSvl0w7XjHilXKFkGSD9cG6dJrxvovhTPYiGfFH35Tizy/jGIFbT0lv/gIpTliRJ4tWNR/GFs= SigV4 ECDHE-RSA-AES128-GCM-SHA256 AuthHeader landingpage-7435-deplosite.co.s3.ap-south-1.amazonaws.com TLSv1.2 -

926edd7fc352944e00136403e5cafe7fe3695d10e37130b83db9dca05882ea4f landingpage-7435-deplosite.co [21/Mar/2022:13:37:10 +0000] 223.186.38.235 - T7HH5N0N9YA9Q6QC WEBSITE.GET.OBJECT index.html "GET / HTTP/1.1" 304 - - 75281 22 - "http://127.0.0.1:5000/" "Mozilla/5.0 (Windows NT 10.0; Win64; x64) AppleWebKit/537.36 (KHTML, like Gecko) Chrome/99.0.4844.74 Safari/537.36 Edg/99.0.1150.46" - XNe10pI4us6BdwGMMvr+bG8qNKdIUTqx/NpMRmnIbcSpVqOCnWpkwEzecxlbVdSdRfvzhZ2E3YY= - - - landingpage-7435-deplosite.co.s3-website.ap-south-1.amazonaws.com - -
926edd7fc352944e00136403e5cafe7fe3695d10e37130b83db9dca05882ea4f landingpage-7435-deplosite.co [21/Mar/2022:13:37:10 +0000] 223.186.38.235 - T7HMT7X2QNXYZGRT WEBSITE.GET.OBJECT index.html "GET / HTTP/1.1" 304 - - 75281 4 - "http://127.0.0.1:5000/" "Mozilla/5.0 (Windows NT 10.0; Win64; x64) AppleWebKit/537.36 (KHTML, like Gecko) Chrome/99.0.4844.74 Safari/537.36 Edg/99.0.1150.46" - R3/q6gJY89MH70jniZm3Xe4HtIkLg0UsOHdmTJVn3SZvysEtlqTiGyYxIwGsNrQxeHIkbMViB1c= - - - landingpage-7435-deplosite.co.s3-website.ap-south-1.amazonaws.com - -
926edd7fc352944e00136403e5cafe7fe3695d10e37130b83db9dca05882ea4f landingpage-7435-deplosite.co [21/Mar/2022:13:37:11 +0000] 223.186.38.235 - 7Q1EZAEY1RDR9NCE WEBSITE.GET.OBJECT index.html "GET / HTTP/1.1" 304 - - 75281 4 - "http://127.0.0.1:5000/" "Mozilla/5.0 (Windows NT 10.0; Win64; x64) AppleWebKit/537.36 (KHTML, like Gecko) Chrome/99.0.4844.74 Safari/537.36 Edg/99.0.1150.46" - u1rBvFjIE8aQFQkafz0u53/t0wknQrf2od/381e6dEErrgvnKJNTAYkdrngrP8bt2UDn/ngSioM= - - - landingpage-7435-deplosite.co.s3-website.ap-south-1.amazonaws.com - -

926edd7fc352944e00136403e5cafe7fe3695d10e37130b83db9dca05882ea4f landingpage-7435-deplosite.co [21/Mar/2022:13:38:23 +0000] 223.186.38.235 926edd7fc352944e00136403e5cafe7fe3695d10e37130b83db9dca05882ea4f QFKYYT3A5TV01A8W REST.HEAD.BUCKET - "HEAD /landingpage-7435-deplosite.co HTTP/1.1" 200 - - - 8 7 "-" "S3Console/0.4, aws-internal/3 aws-sdk-java/1.11.1030 Linux/5.4.181-109.354.amzn2int.x86_64 OpenJDK_64-Bit_Server_VM/25.302-b08 java/1.8.0_302 vendor/Oracle_Corporation cfg/retry-mode/standard" - fyak22I/fISBtWMxO2g4dc5VzmcX7Ltv0Y09a5yiNTtU6UaZGHvd+oQ4xl9/m/BXnu8B5cDK+fI= SigV4 ECDHE-RSA-AES128-GCM-SHA256 AuthHeader s3.ap-south-1.amazonaws.com TLSv1.2 -

926edd7fc352944e00136403e5cafe7fe3695d10e37130b83db9dca05882ea4f landingpage-7435-deplosite.co [21/Mar/2022:14:06:26 +0000] 223.186.38.235 926edd7fc352944e00136403e5cafe7fe3695d10e37130b83db9dca05882ea4f KAM0RRK7H4T92HE8 REST.HEAD.BUCKET - "HEAD /landingpage-7435-deplosite.co HTTP/1.1" 200 - - - 13 12 "-" "S3Console/0.4, aws-internal/3 aws-sdk-java/1.11.1030 Linux/5.4.181-109.354.amzn2int.x86_64 OpenJDK_64-Bit_Server_VM/25.302-b08 java/1.8.0_302 vendor/Oracle_Corporation cfg/retry-mode/standard" - wF9FXCvkb8aDPLlng63swanDflJnTfrvcr7YIPSWVUz8b/s2t+BWUGyx5dYAIGbSIMRkOSnH2L15g+ssy5AVNQ== SigV4 ECDHE-RSA-AES128-GCM-SHA256 AuthHeader s3.ap-south-1.amazonaws.com TLSv1.2 -

926edd7fc352944e00136403e5cafe7fe3695d10e37130b83db9dca05882ea4f landingpage-7435-deplosite.co [21/Mar/2022:14:44:05 +0000] 43.247.159.8 926edd7fc352944e00136403e5cafe7fe3695d10e37130b83db9dca05882ea4f QVZ2PGCD2FEPD2RY REST.HEAD.BUCKET - "HEAD /landingpage-7435-deplosite.co HTTP/1.1" 200 - - - 19 19 "-" "S3Console/0.4, aws-internal/3 aws-sdk-java/1.11.1030 Linux/5.4.181-109.354.amzn2int.x86_64 OpenJDK_64-Bit_Server_VM/25.302-b08 java/1.8.0_302 vendor/Oracle_Corporation cfg/retry-mode/standard" - jZ83UVw7LCd9llxvXrjrR6/jNZMyXznbTm+ZrQOdc9uC9NoYIf3BFwXx6Bq//jhKB+vHP5wK3rI= SigV4 ECDHE-RSA-AES128-GCM-SHA256 AuthHeader s3.ap-south-1.amazonaws.com TLSv1.2 -

926edd7fc352944e00136403e5cafe7fe3695d10e37130b83db9dca05882ea4f landingpage-7435-deplosite.co [21/Mar/2022:14:44:06 +0000] 43.247.159.8 926edd7fc352944e00136403e5cafe7fe3695d10e37130b83db9dca05882ea4f XGE15W1RW5VQZAAW REST.GET.PUBLIC_ACCESS_BLOCK - "GET /?publicAccessBlock HTTP/1.1" 404 NoSuchPublicAccessBlockConfiguration 359 - 115 - "-" "S3Console/0.4, aws-internal/3 aws-sdk-java/1.11.1030 Linux/5.4.181-109.354.amzn2int.x86_64 OpenJDK_64-Bit_Server_VM/25.302-b08 java/1.8.0_302 vendor/Oracle_Corporation cfg/retry-mode/standard" - RXF3b5Ej6JjUkyAKvcxY2xz888mszmPNZIAKNSvvUHbQ2GlrpKAbFAy9M9anByDXH3DozvG6Z0w= SigV4 ECDHE-RSA-AES128-GCM-SHA256 AuthHeader landingpage-7435-deplosite.co.s3.ap-south-1.amazonaws.com TLSv1.2 -
926edd7fc352944e00136403e5cafe7fe3695d10e37130b83db9dca05882ea4f landingpage-7435-deplosite.co [21/Mar/2022:14:44:06 +0000] 43.247.159.8 926edd7fc352944e00136403e5cafe7fe3695d10e37130b83db9dca05882ea4f XGE716EA6FPE4W38 REST.GET.ACL - "GET /?acl HTTP/1.1" 200 - 480 - 7 - "-" "S3Console/0.4, aws-internal/3 aws-sdk-java/1.11.1030 Linux/5.4.181-109.354.amzn2int.x86_64 OpenJDK_64-Bit_Server_VM/25.302-b08 java/1.8.0_302 vendor/Oracle_Corporation cfg/retry-mode/standard" - FQFqxXSZFFx2oEUQBxoGhxONBPlJ0lrfWZ2JICBP0+RNehOY4T646MMAuE4XO5TH8AhJxZfJaLc= SigV4 ECDHE-RSA-AES128-GCM-SHA256 AuthHeader landingpage-7435-deplosite.co.s3.ap-south-1.amazonaws.com TLSv1.2 -
926edd7fc352944e00136403e5cafe7fe3695d10e37130b83db9dca05882ea4f landingpage-7435-deplosite.co [21/Mar/2022:14:44:06 +0000] 43.247.159.8 926edd7fc352944e00136403e5cafe7fe3695d10e37130b83db9dca05882ea4f XGECJNYDERZNT0RY REST.GET.POLICY_STATUS - "GET /?policyStatus HTTP/1.1" 200 - 141 - 6 - "-" "S3Console/0.4, aws-internal/3 aws-sdk-java/1.11.1030 Linux/5.4.181-109.354.amzn2int.x86_64 OpenJDK_64-Bit_Server_VM/25.302-b08 java/1.8.0_302 vendor/Oracle_Corporation cfg/retry-mode/standard" - W8XpIV3BshMyrFRvJ3e0xDQ7MaW8DfhtA1c7wlrilV1SlT8alU6eH/O9RCXHjA+Iwz+1rvjVVuc= SigV4 ECDHE-RSA-AES128-GCM-SHA256 AuthHeader landingpage-7435-deplosite.co.s3.ap-south-1.amazonaws.com TLSv1.2 -

926edd7fc352944e00136403e5cafe7fe3695d10e37130b83db9dca05882ea4f landingpage-7435-deplosite.co [21/Mar/2022:14:44:20 +0000] 43.247.159.8 926edd7fc352944e00136403e5cafe7fe3695d10e37130b83db9dca05882ea4f PGSNNZ80BWBC4BTW REST.GET.POLICY_STATUS - "GET /?policyStatus HTTP/1.1" 200 - 141 - 5 - "-" "S3Console/0.4, aws-internal/3 aws-sdk-java/1.11.1030 Linux/5.4.181-109.354.amzn2int.x86_64 OpenJDK_64-Bit_Server_VM/25.302-b08 java/1.8.0_302 vendor/Oracle_Corporation cfg/retry-mode/standard" - 1TyGvztpKbff6ZsS77nCj9i2ne+VibxfAIsH/ZzQafRB+Jr3ECxIav9I050Lo+FkpOlkgwyMcYQ= SigV4 ECDHE-RSA-AES128-GCM-SHA256 AuthHeader landingpage-7435-deplosite.co.s3.ap-south-1.amazonaws.com TLSv1.2 -
926edd7fc352944e00136403e5cafe7fe3695d10e37130b83db9dca05882ea4f landingpage-7435-deplosite.co [21/Mar/2022:14:44:20 +0000] 43.247.159.8 926edd7fc352944e00136403e5cafe7fe3695d10e37130b83db9dca05882ea4f PGSPP3NEVMZ1CGCE REST.GET.PUBLIC_ACCESS_BLOCK - "GET /?publicAccessBlock HTTP/1.1" 404 NoSuchPublicAccessBlockConfiguration 359 - 14 - "-" "S3Console/0.4, aws-internal/3 aws-sdk-java/1.11.1030 Linux/5.4.181-109.354.amzn2int.x86_64 OpenJDK_64-Bit_Server_VM/25.302-b08 java/1.8.0_302 vendor/Oracle_Corporation cfg/retry-mode/standard" - fLmdRA7DCGq7pUtOm0iF4E+rDjGZ1cItr7mSLkm/vyMX32n5+W9r26Ui9KL1sDVCOlQRVtpuz4U= SigV4 ECDHE-RSA-AES128-GCM-SHA256 AuthHeader landingpage-7435-deplosite.co.s3.ap-south-1.amazonaws.com TLSv1.2 -
926edd7fc352944e00136403e5cafe7fe3695d10e37130b83db9dca05882ea4f landingpage-7435-deplosite.co [21/Mar/2022:14:44:20 +0000] 43.247.159.8 926edd7fc352944e00136403e5cafe7fe3695d10e37130b83db9dca05882ea4f PGSWFFS14KNRN5YN REST.GET.ACL - "GET /?acl HTTP/1.1" 200 - 480 - 7 - "-" "S3Console/0.4, aws-internal/3 aws-sdk-java/1.11.1030 Linux/5.4.181-109.354.amzn2int.x86_64 OpenJDK_64-Bit_Server_VM/25.302-b08 java/1.8.0_302 vendor/Oracle_Corporation cfg/retry-mode/standard" - 9jWVhuY89RP6GOOsjbIQp0Sf+sTZ8qnzbhUrK6SHTsL3k+Vw9CMINUOddsTRbsAijUQNFu5EG+8= SigV4 ECDHE-RSA-AES128-GCM-SHA256 AuthHeader landingpage-7435-deplosite.co.s3.ap-south-1.amazonaws.com TLSv1.2 -

926edd7fc352944e00136403e5cafe7fe3695d10e37130b83db9dca05882ea4f landingpage-7435-deplosite.co [21/Mar/2022:14:06:27 +0000] 223.186.38.235 926edd7fc352944e00136403e5cafe7fe3695d10e37130b83db9dca05882ea4f 2MP0Y946FM5KAJNB REST.GET.PUBLIC_ACCESS_BLOCK - "GET /?publicAccessBlock HTTP/1.1" 404 NoSuchPublicAccessBlockConfiguration 359 - 14 - "-" "S3Console/0.4, aws-internal/3 aws-sdk-java/1.11.1030 Linux/5.4.181-109.354.amzn2int.x86_64 OpenJDK_64-Bit_Server_VM/25.302-b08 java/1.8.0_302 vendor/Oracle_Corporation cfg/retry-mode/standard" - WR2O9tGWeyyOqeOKPIVXoq//hYzxhw5Ohwky5zHWAlCeXRGaZh7Du+T/OvGPQoaDekY/6Gu4etk= SigV4 ECDHE-RSA-AES128-GCM-SHA256 AuthHeader landingpage-7435-deplosite.co.s3.ap-south-1.amazonaws.com TLSv1.2 -
926edd7fc352944e00136403e5cafe7fe3695d10e37130b83db9dca05882ea4f landingpage-7435-deplosite.co [21/Mar/2022:14:06:27 +0000] 223.186.38.235 926edd7fc352944e00136403e5cafe7fe3695d10e37130b83db9dca05882ea4f 2MP872G37AQX1PN9 REST.GET.ACL - "GET /?acl HTTP/1.1" 200 - 480 - 6 - "-" "S3Console/0.4, aws-internal/3 aws-sdk-java/1.11.1030 Linux/5.4.181-109.354.amzn2int.x86_64 OpenJDK_64-Bit_Server_VM/25.302-b08 java/1.8.0_302 vendor/Oracle_Corporation cfg/retry-mode/standard" - ftqpIXTVKuWqYG7tXHa5agYBtinaQKGfNmrC+0IerrGC13wTA2wZyG9p4JWse1WjsbPZ+7xQ9A0= SigV4 ECDHE-RSA-AES128-GCM-SHA256 AuthHeader landingpage-7435-deplosite.co.s3.ap-south-1.amazonaws.com TLSv1.2 -
926edd7fc352944e00136403e5cafe7fe3695d10e37130b83db9dca05882ea4f landingpage-7435-deplosite.co [21/Mar/2022:14:06:27 +0000] 223.186.38.235 926edd7fc352944e00136403e5cafe7fe3695d10e37130b83db9dca05882ea4f 2MPCD9PCSW9WWKD3 REST.GET.POLICY_STATUS - "GET /?policyStatus HTTP/1.1" 200 - 141 - 8 - "-" "S3Console/0.4, aws-internal/3 aws-sdk-java/1.11.1030 Linux/5.4.181-109.354.amzn2int.x86_64 OpenJDK_64-Bit_Server_VM/25.302-b08 java/1.8.0_302 vendor/Oracle_Corporation cfg/retry-mode/standard" - rXdL+uB6ZbC/f4XFX3RURfQsn9KCk66ODIYXb0gwVEC82ShqzePdfKu6mE2R75+fv1iDFychS6o= SigV4 ECDHE-RSA-AES128-GCM-SHA256 AuthHeader landingpage-7435-deplosite.co.s3.ap-south-1.amazonaws.com TLSv1.2 -

926edd7fc352944e00136403e5cafe7fe3695d10e37130b83db9dca05882ea4f landingpage-7435-deplosite.co [21/Mar/2022:14:09:19 +0000] 223.186.38.235 926edd7fc352944e00136403e5cafe7fe3695d10e37130b83db9dca05882ea4f RC14Q4V82MM022V4 REST.GET.ACL - "GET /?acl HTTP/1.1" 200 - 480 - 4 - "-" "S3Console/0.4, aws-internal/3 aws-sdk-java/1.11.1030 Linux/5.4.181-109.354.amzn2int.x86_64 OpenJDK_64-Bit_Server_VM/25.302-b08 java/1.8.0_302 vendor/Oracle_Corporation cfg/retry-mode/standard" - 3jOGx8gh3FWrXciSd8oc4Y1Z4nr2h9SHjjhDs29RbHem4MmWCzYV5x8NfRxIuSrRqrwwkadpm6w= SigV4 ECDHE-RSA-AES128-GCM-SHA256 AuthHeader landingpage-7435-deplosite.co.s3.ap-south-1.amazonaws.com TLSv1.2 -
926edd7fc352944e00136403e5cafe7fe3695d10e37130b83db9dca05882ea4f landingpage-7435-deplosite.co [21/Mar/2022:14:09:19 +0000] 223.186.38.235 926edd7fc352944e00136403e5cafe7fe3695d10e37130b83db9dca05882ea4f RC14W9YH4FGGKWE5 REST.GET.POLICY_STATUS - "GET /?policyStatus HTTP/1.1" 200 - 141 - 6 - "-" "S3Console/0.4, aws-internal/3 aws-sdk-java/1.11.1030 Linux/5.4.181-109.354.amzn2int.x86_64 OpenJDK_64-Bit_Server_VM/25.302-b08 java/1.8.0_302 vendor/Oracle_Corporation cfg/retry-mode/standard" - ak/FAZ9iwGKOukVdFVa/ByUh9XM+fLTyBzxRSjSVfxi7CftpSAyqZNA2wWvhsBGHtuf4PyGB7YU= SigV4 ECDHE-RSA-AES128-GCM-SHA256 AuthHeader landingpage-7435-deplosite.co.s3.ap-south-1.amazonaws.com TLSv1.2 -
926edd7fc352944e00136403e5cafe7fe3695d10e37130b83db9dca05882ea4f landingpage-7435-deplosite.co [21/Mar/2022:14:09:19 +0000] 223.186.38.235 926edd7fc352944e00136403e5cafe7fe3695d10e37130b83db9dca05882ea4f RC16BNCBBS4VKBR7 REST.GET.PUBLIC_ACCESS_BLOCK - "GET /?publicAccessBlock HTTP/1.1" 404 NoSuchPublicAccessBlockConfiguration 359 - 17 - "-" "S3Console/0.4, aws-internal/3 aws-sdk-java/1.11.1030 Linux/5.4.181-109.354.amzn2int.x86_64 OpenJDK_64-Bit_Server_VM/25.302-b08 java/1.8.0_302 vendor/Oracle_Corporation cfg/retry-mode/standard" - A5iNY4Mw1SHx7YFpEj0N8/tfoO4fiq49WIy8+qXfVQLFP/N+TrKT57xo2BtDTRocF7+SXGilmjs= SigV4 ECDHE-RSA-AES128-GCM-SHA256 AuthHeader landingpage-7435-deplosite.co.s3.ap-south-1.amazonaws.com TLSv1.2 -

926edd7fc352944e00136403e5cafe7fe3695d10e37130b83db9dca05882ea4f landingpage-7435-deplosite.co [21/Mar/2022:14:08:27 +0000] 223.186.38.235 926edd7fc352944e00136403e5cafe7fe3695d10e37130b83db9dca05882ea4f 99N22CGMKQHT0QNS REST.HEAD.BUCKET - "HEAD /landingpage-7435-deplosite.co HTTP/1.1" 200 - - - 13 13 "-" "S3Console/0.4, aws-internal/3 aws-sdk-java/1.11.1030 Linux/5.4.181-109.354.amzn2int.x86_64 OpenJDK_64-Bit_Server_VM/25.302-b08 java/1.8.0_302 vendor/Oracle_Corporation cfg/retry-mode/standard" - pAVqeASQoP+5c97oxNZx0dTiiEA1dOYW46u3WmaZIaK9QSmPRJIE7UzeDtC7MdBLBoe4kx0mQFo= SigV4 ECDHE-RSA-AES128-GCM-SHA256 AuthHeader s3.ap-south-1.amazonaws.com TLSv1.2 -

926edd7fc352944e00136403e5cafe7fe3695d10e37130b83db9dca05882ea4f landingpage-7435-deplosite.co [21/Mar/2022:14:08:28 +0000] 223.186.38.235 926edd7fc352944e00136403e5cafe7fe3695d10e37130b83db9dca05882ea4f ED81CKJBERSY5Z02 REST.GET.PUBLIC_ACCESS_BLOCK - "GET /?publicAccessBlock HTTP/1.1" 404 NoSuchPublicAccessBlockConfiguration 359 - 17 - "-" "S3Console/0.4, aws-internal/3 aws-sdk-java/1.11.1030 Linux/5.4.181-109.354.amzn2int.x86_64 OpenJDK_64-Bit_Server_VM/25.302-b08 java/1.8.0_302 vendor/Oracle_Corporation cfg/retry-mode/standard" - RM8vUHLLbgcHSgYz8t1V/mGfcp5u9W/2BEmzBRiJf1wj2pJHJP6or84BxdBs7svP1WwWVUpOyLY= SigV4 ECDHE-RSA-AES128-GCM-SHA256 AuthHeader landingpage-7435-deplosite.co.s3.ap-south-1.amazonaws.com TLSv1.2 -
926edd7fc352944e00136403e5cafe7fe3695d10e37130b83db9dca05882ea4f landingpage-7435-deplosite.co [21/Mar/2022:14:08:28 +0000] 223.186.38.235 926edd7fc352944e00136403e5cafe7fe3695d10e37130b83db9dca05882ea4f ED87FM9HQQJ0RMZ2 REST.GET.ACL - "GET /?acl HTTP/1.1" 200 - 480 - 5 - "-" "S3Console/0.4, aws-internal/3 aws-sdk-java/1.11.1030 Linux/5.4.181-109.354.amzn2int.x86_64 OpenJDK_64-Bit_Server_VM/25.302-b08 java/1.8.0_302 vendor/Oracle_Corporation cfg/retry-mode/standard" - jorDiQ7PADbX1Yrxyu5t55tP1NuN2JGVO1030llFhf5L40ZupMierkSEdmEFLShWXeGahv/lFes= SigV4 ECDHE-RSA-AES128-GCM-SHA256 AuthHeader landingpage-7435-deplosite.co.s3.ap-south-1.amazonaws.com TLSv1.2 -
926edd7fc352944e00136403e5cafe7fe3695d10e37130b83db9dca05882ea4f landingpage-7435-deplosite.co [21/Mar/2022:14:08:28 +0000] 223.186.38.235 926edd7fc352944e00136403e5cafe7fe3695d10e37130b83db9dca05882ea4f ED8EDBAVGJ3801EM REST.GET.POLICY_STATUS - "GET /?policyStatus HTTP/1.1" 200 - 141 - 11 - "-" "S3Console/0.4, aws-internal/3 aws-sdk-java/1.11.1030 Linux/5.4.181-109.354.amzn2int.x86_64 OpenJDK_64-Bit_Server_VM/25.302-b08 java/1.8.0_302 vendor/Oracle_Corporation cfg/retry-mode/standard" - roCXHXk4uVav5NynnlTS85DkaKMc0dI2efRgRrJqb652GUBddl5A6i9twdVhS642QiSAY2/as5Q= SigV4 ECDHE-RSA-AES128-GCM-SHA256 AuthHeader landingpage-7435-deplosite.co.s3.ap-south-1.amazonaws.com TLSv1.2 -

926edd7fc352944e00136403e5cafe7fe3695d10e37130b83db9dca05882ea4f landingpage-7435-deplosite.co [21/Mar/2022:14:19:54 +0000] 43.247.159.8 926edd7fc352944e00136403e5cafe7fe3695d10e37130b83db9dca05882ea4f H4X1711XZB6FKV66 REST.GET.ACL - "GET /?acl HTTP/1.1" 200 - 480 - 5 - "-" "S3Console/0.4, aws-internal/3 aws-sdk-java/1.11.1030 Linux/5.4.181-109.354.amzn2int.x86_64 OpenJDK_64-Bit_Server_VM/25.302-b08 java/1.8.0_302 vendor/Oracle_Corporation cfg/retry-mode/standard" - j7t9f3qgcgt2+or2XK8DTKXcNMwv4sGuGnRItwoW7OmtpcqCXHxGzsB7+P+FyUSJNpd3jYrz9uE= SigV4 ECDHE-RSA-AES128-GCM-SHA256 AuthHeader landingpage-7435-deplosite.co.s3.ap-south-1.amazonaws.com TLSv1.2 -
926edd7fc352944e00136403e5cafe7fe3695d10e37130b83db9dca05882ea4f landingpage-7435-deplosite.co [21/Mar/2022:14:19:54 +0000] 43.247.159.8 926edd7fc352944e00136403e5cafe7fe3695d10e37130b83db9dca05882ea4f H4XBYJE3KNH2891D REST.GET.POLICY_STATUS - "GET /?policyStatus HTTP/1.1" 200 - 141 - 6 - "-" "S3Console/0.4, aws-internal/3 aws-sdk-java/1.11.1030 Linux/5.4.181-109.354.amzn2int.x86_64 OpenJDK_64-Bit_Server_VM/25.302-b08 java/1.8.0_302 vendor/Oracle_Corporation cfg/retry-mode/standard" - 6pUBqUJOLSB5N+6zYURzebIvC1vmQYJiG7KXyC8rNJ0Muzpod4i3T3QnXhTTvNrNj+KiR9Rkx94= SigV4 ECDHE-RSA-AES128-GCM-SHA256 AuthHeader landingpage-7435-deplosite.co.s3.ap-south-1.amazonaws.com TLSv1.2 -
926edd7fc352944e00136403e5cafe7fe3695d10e37130b83db9dca05882ea4f landingpage-7435-deplosite.co [21/Mar/2022:14:19:54 +0000] 43.247.159.8 926edd7fc352944e00136403e5cafe7fe3695d10e37130b83db9dca05882ea4f H4XE4PAGA9VHJZFZ REST.GET.PUBLIC_ACCESS_BLOCK - "GET /?publicAccessBlock HTTP/1.1" 404 NoSuchPublicAccessBlockConfiguration 359 - 13 - "-" "S3Console/0.4, aws-internal/3 aws-sdk-java/1.11.1030 Linux/5.4.181-109.354.amzn2int.x86_64 OpenJDK_64-Bit_Server_VM/25.302-b08 java/1.8.0_302 vendor/Oracle_Corporation cfg/retry-mode/standard" - tDeXUhz6CB4EiGOoGG4T29Yi4cRBRaykngSkP5PxSLnCQA6/6Fj7Agc+IafSRVRpwaPbwaodMtU= SigV4 ECDHE-RSA-AES128-GCM-SHA256 AuthHeader landingpage-7435-deplosite.co.s3.ap-south-1.amazonaws.com TLSv1.2 -

926edd7fc352944e00136403e5cafe7fe3695d10e37130b83db9dca05882ea4f landingpage-7435-deplosite.co [21/Mar/2022:14:44:20 +0000] 43.247.159.8 926edd7fc352944e00136403e5cafe7fe3695d10e37130b83db9dca05882ea4f PGSY1MP0WG9EDE7G REST.HEAD.BUCKET - "HEAD /landingpage-7435-deplosite.co HTTP/1.1" 200 - - - 14 13 "-" "S3Console/0.4, aws-internal/3 aws-sdk-java/1.11.1030 Linux/5.4.181-109.354.amzn2int.x86_64 OpenJDK_64-Bit_Server_VM/25.302-b08 java/1.8.0_302 vendor/Oracle_Corporation cfg/retry-mode/standard" - DGsetOUxvsyrQGcHorXMSKQQO6zvmwz4PHp4pzYQOxpuIDG6khT/9Z+PxVaLMTi5dMbYF2GZZgc= SigV4 ECDHE-RSA-AES128-GCM-SHA256 AuthHeader s3.ap-south-1.amazonaws.com TLSv1.2 -

926edd7fc352944e00136403e5cafe7fe3695d10e37130b83db9dca05882ea4f landingpage-7435-deplosite.co [21/Mar/2022:14:09:18 +0000] 223.186.38.235 926edd7fc352944e00136403e5cafe7fe3695d10e37130b83db9dca05882ea4f HMEGE0TZMJH1EQ23 REST.HEAD.BUCKET - "HEAD /landingpage-7435-deplosite.co HTTP/1.1" 200 - - - 7 6 "-" "S3Console/0.4, aws-internal/3 aws-sdk-java/1.11.1030 Linux/5.4.181-109.354.amzn2int.x86_64 OpenJDK_64-Bit_Server_VM/25.302-b08 java/1.8.0_302 vendor/Oracle_Corporation cfg/retry-mode/standard" - PldGfURYS5ynrtUaHUeiqlEOg+D0dC9cEKMkYIvquFh2HTfcPjn8iYWMQB7G1ns3+p7LXzyXWGE= SigV4 ECDHE-RSA-AES128-GCM-SHA256 AuthHeader s3.ap-south-1.amazonaws.com TLSv1.2 -

926edd7fc352944e00136403e5cafe7fe3695d10e37130b83db9dca05882ea4f landingpage-7435-deplosite.co [21/Mar/2022:14:19:54 +0000] 43.247.159.8 926edd7fc352944e00136403e5cafe7fe3695d10e37130b83db9dca05882ea4f H4X2DGKFYDK6VV97 REST.HEAD.BUCKET - "HEAD /landingpage-7435-deplosite.co HTTP/1.1" 200 - - - 23 22 "-" "S3Console/0.4, aws-internal/3 aws-sdk-java/1.11.1030 Linux/5.4.181-109.354.amzn2int.x86_64 OpenJDK_64-Bit_Server_VM/25.302-b08 java/1.8.0_302 vendor/Oracle_Corporation cfg/retry-mode/standard" - 7eZ7HW4KvUErISHClCRmh5aCCqn67xE58trlVZj7x0FVIyix1oWTE5r2m49K18n4gK3c3SWRKUM= SigV4 ECDHE-RSA-AES128-GCM-SHA256 AuthHeader s3.ap-south-1.amazonaws.com TLSv1.2 -

926edd7fc352944e00136403e5cafe7fe3695d10e37130b83db9dca05882ea4f landingpage-7435-deplosite.co [22/Mar/2022:06:34:30 +0000] 43.247.159.8 926edd7fc352944e00136403e5cafe7fe3695d10e37130b83db9dca05882ea4f E7PT2ZA58099QZKC REST.GET.PUBLIC_ACCESS_BLOCK - "GET /?publicAccessBlock HTTP/1.1" 404 NoSuchPublicAccessBlockConfiguration 359 - 13 - "-" "S3Console/0.4, aws-internal/3 aws-sdk-java/1.11.1030 Linux/5.4.181-109.354.amzn2int.x86_64 OpenJDK_64-Bit_Server_VM/25.302-b08 java/1.8.0_302 vendor/Oracle_Corporation cfg/retry-mode/standard" - VBe2sLnnPXjXMabvMyBR9FHWrwF72Rtnepj/Z8VwVk/3r4Tz7oj4Z9+9RYWW26e8IK5V9hTKfrk= SigV4 ECDHE-RSA-AES128-GCM-SHA256 AuthHeader landingpage-7435-deplosite.co.s3.ap-south-1.amazonaws.com TLSv1.2 -
926edd7fc352944e00136403e5cafe7fe3695d10e37130b83db9dca05882ea4f landingpage-7435-deplosite.co [22/Mar/2022:06:34:31 +0000] 43.247.159.8 926edd7fc352944e00136403e5cafe7fe3695d10e37130b83db9dca05882ea4f QMP7TGYG6MGTHSDG REST.GET.ACL - "GET /?acl HTTP/1.1" 200 - 480 - 6 - "-" "S3Console/0.4, aws-internal/3 aws-sdk-java/1.11.1030 Linux/5.4.181-109.354.amzn2int.x86_64 OpenJDK_64-Bit_Server_VM/25.302-b08 java/1.8.0_302 vendor/Oracle_Corporation cfg/retry-mode/standard" - VTjOS89jAu/yMutoZq97VRjgxx+Fx3y0B1At4iOedvi45cL2Qy/xfuYDdTTihfRX2jHxsiFKKDI= SigV4 ECDHE-RSA-AES128-GCM-SHA256 AuthHeader landingpage-7435-deplosite.co.s3.ap-south-1.amazonaws.com TLSv1.2 -
926edd7fc352944e00136403e5cafe7fe3695d10e37130b83db9dca05882ea4f landingpage-7435-deplosite.co [22/Mar/2022:06:34:31 +0000] 43.247.159.8 926edd7fc352944e00136403e5cafe7fe3695d10e37130b83db9dca05882ea4f QMPE92T1HMMJ2Y1H REST.GET.POLICY_STATUS - "GET /?policyStatus HTTP/1.1" 200 - 141 - 9 - "-" "S3Console/0.4, aws-internal/3 aws-sdk-java/1.11.1030 Linux/5.4.181-109.354.amzn2int.x86_64 OpenJDK_64-Bit_Server_VM/25.302-b08 java/1.8.0_302 vendor/Oracle_Corporation cfg/retry-mode/standard" - 3Kr9JQVTdn/qQXxrG149eJS3rovUzfp57gUlkEer6hQ/AJhuzyIJVptuMepgH5ICWhZarlKxcRg= SigV4 ECDHE-RSA-AES128-GCM-SHA256 AuthHeader landingpage-7435-deplosite.co.s3.ap-south-1.amazonaws.com TLSv1.2 -

926edd7fc352944e00136403e5cafe7fe3695d10e37130b83db9dca05882ea4f landingpage-7435-deplosite.co [22/Mar/2022:06:34:30 +0000] 43.247.159.8 926edd7fc352944e00136403e5cafe7fe3695d10e37130b83db9dca05882ea4f E7PGVWAXSD3ZWJ4R REST.HEAD.BUCKET - "HEAD /landingpage-7435-deplosite.co HTTP/1.1" 200 - - - 17 16 "-" "S3Console/0.4, aws-internal/3 aws-sdk-java/1.11.1030 Linux/5.4.181-109.354.amzn2int.x86_64 OpenJDK_64-Bit_Server_VM/25.302-b08 java/1.8.0_302 vendor/Oracle_Corporation cfg/retry-mode/standard" - E+D74C9QvUFaPERkmayCskdSDmoXAe0eN+G4VWtRifTNKHfO4l0OWtrJSqoazSYQJl5nzdwWI+Q= SigV4 ECDHE-RSA-AES128-GCM-SHA256 AuthHeader s3.ap-south-1.amazonaws.com TLSv1.2 -

926edd7fc352944e00136403e5cafe7fe3695d10e37130b83db9dca05882ea4f landingpage-7435-deplosite.co [23/Mar/2022:06:14:37 +0000] 43.247.159.8 926edd7fc352944e00136403e5cafe7fe3695d10e37130b83db9dca05882ea4f CC0EBPKGQWAZE0FB REST.HEAD.BUCKET - "HEAD /landingpage-7435-deplosite.co HTTP/1.1" 200 - - - 16 16 "-" "S3Console/0.4, aws-internal/3 aws-sdk-java/1.11.1030 Linux/5.4.181-109.354.amzn2int.x86_64 OpenJDK_64-Bit_Server_VM/25.302-b08 java/1.8.0_302 vendor/Oracle_Corporation cfg/retry-mode/standard" - j8Xey5bVx6OHRpb3ZgNjqsPNIUnCF0bc0qwrkFZ5qyWxIN0VR2cKnMVN/R2Yljc4Ptzbx2LAFwmDcN7Qq/olYg== SigV4 ECDHE-RSA-AES128-GCM-SHA256 AuthHeader s3.ap-south-1.amazonaws.com TLSv1.2 -

926edd7fc352944e00136403e5cafe7fe3695d10e37130b83db9dca05882ea4f landingpage-7435-deplosite.co [23/Mar/2022:06:14:37 +0000] 43.247.159.8 926edd7fc352944e00136403e5cafe7fe3695d10e37130b83db9dca05882ea4f CC02K4HYBVB3ADTM REST.GET.POLICY_STATUS - "GET /?policyStatus HTTP/1.1" 200 - 141 - 6 - "-" "S3Console/0.4, aws-internal/3 aws-sdk-java/1.11.1030 Linux/5.4.181-109.354.amzn2int.x86_64 OpenJDK_64-Bit_Server_VM/25.302-b08 java/1.8.0_302 vendor/Oracle_Corporation cfg/retry-mode/standard" - MbAsJKOuiNI4OT0BNQgBkG4ddaK20tF0NgsV2PU2hVj1CIHHUYyYd5lOE6y/sWNJaTAAzX/vTHg= SigV4 ECDHE-RSA-AES128-GCM-SHA256 AuthHeader landingpage-7435-deplosite.co.s3.ap-south-1.amazonaws.com TLSv1.2 -
926edd7fc352944e00136403e5cafe7fe3695d10e37130b83db9dca05882ea4f landingpage-7435-deplosite.co [23/Mar/2022:06:14:37 +0000] 43.247.159.8 926edd7fc352944e00136403e5cafe7fe3695d10e37130b83db9dca05882ea4f CC09NDQ34GV78717 REST.GET.PUBLIC_ACCESS_BLOCK - "GET /?publicAccessBlock HTTP/1.1" 404 NoSuchPublicAccessBlockConfiguration 359 - 17 - "-" "S3Console/0.4, aws-internal/3 aws-sdk-java/1.11.1030 Linux/5.4.181-109.354.amzn2int.x86_64 OpenJDK_64-Bit_Server_VM/25.302-b08 java/1.8.0_302 vendor/Oracle_Corporation cfg/retry-mode/standard" - ftV8M4VKkAE4nxpPmmgrbKBjbfP8QgJiqR6bwieU5aXwuDg1kARbJ5TFZQc3svFT16yN0cZimS0= SigV4 ECDHE-RSA-AES128-GCM-SHA256 AuthHeader landingpage-7435-deplosite.co.s3.ap-south-1.amazonaws.com TLSv1.2 -
926edd7fc352944e00136403e5cafe7fe3695d10e37130b83db9dca05882ea4f landingpage-7435-deplosite.co [23/Mar/2022:06:14:37 +0000] 43.247.159.8 926edd7fc352944e00136403e5cafe7fe3695d10e37130b83db9dca05882ea4f CC0DMMR3GDT6FV51 REST.GET.ACL - "GET /?acl HTTP/1.1" 200 - 480 - 8 - "-" "S3Console/0.4, aws-internal/3 aws-sdk-java/1.11.1030 Linux/5.4.181-109.354.amzn2int.x86_64 OpenJDK_64-Bit_Server_VM/25.302-b08 java/1.8.0_302 vendor/Oracle_Corporation cfg/retry-mode/standard" - dbwwxZdTSW8sp5kdFpLbNUxR1Bq5H8Df4UAD0fuVzdqlsL75x46hFKEyRE/Vrv6u/I2esKteWI0= SigV4 ECDHE-RSA-AES128-GCM-SHA256 AuthHeader landingpage-7435-deplosite.co.s3.ap-south-1.amazonaws.com TLSv1.2 -

926edd7fc352944e00136403e5cafe7fe3695d10e37130b83db9dca05882ea4f landingpage-7435-deplosite.co [24/Mar/2022:19:38:47 +0000] 43.247.159.8 926edd7fc352944e00136403e5cafe7fe3695d10e37130b83db9dca05882ea4f M9JWM90S4A7RCCP9 REST.GET.TAGGING - "GET /landingpage-7435-deplosite.co?tagging= HTTP/1.1" 404 NoSuchTagSet 309 - 20 - "-" "S3Console/0.4, aws-internal/3 aws-sdk-java/1.11.1030 Linux/5.4.181-109.354.amzn2int.x86_64 OpenJDK_64-Bit_Server_VM/25.302-b08 java/1.8.0_302 vendor/Oracle_Corporation cfg/retry-mode/standard" - 6Sb1WzBvgaV5EO1VCCL0KlW7ippAKLFfM+aa1WUq0mrt7k0pXI6KSU5bwdQ0GK61BDSDE2u36qs= SigV4 ECDHE-RSA-AES128-GCM-SHA256 AuthHeader s3.ap-south-1.amazonaws.com TLSv1.2 -

926edd7fc352944e00136403e5cafe7fe3695d10e37130b83db9dca05882ea4f landingpage-7435-deplosite.co [24/Mar/2022:19:38:43 +0000] 43.247.159.8 926edd7fc352944e00136403e5cafe7fe3695d10e37130b83db9dca05882ea4f 9ST0FXS4C404MVPP REST.GET.VERSIONING - "GET /landingpage-7435-deplosite.co?versioning= HTTP/1.1" 200 - 113 - 17 - "-" "S3Console/0.4, aws-internal/3 aws-sdk-java/1.11.1030 Linux/5.4.181-109.354.amzn2int.x86_64 OpenJDK_64-Bit_Server_VM/25.302-b08 java/1.8.0_302 vendor/Oracle_Corporation cfg/retry-mode/standard" - OHTIoBWNyTMfOu++24kXqLsFfT3PwyxCYzTU9BF3VDvWSHuCpr0n9cwu1w6Jhfu0+O0oz8oI4Ic= SigV4 ECDHE-RSA-AES128-GCM-SHA256 AuthHeader s3.ap-south-1.amazonaws.com TLSv1.2 -

926edd7fc352944e00136403e5cafe7fe3695d10e37130b83db9dca05882ea4f landingpage-7435-deplosite.co [24/Mar/2022:19:38:51 +0000] 43.247.159.8 - EAN8694NTP2V9MA1 WEBSITE.GET.OBJECT hero.png "GET /hero.png HTTP/1.1" 200 - 118359 118359 85 84 "http://landingpage-7435-deplosite.co.s3-website.ap-south-1.amazonaws.com/" "Mozilla/5.0 (Windows NT 10.0; Win64; x64) AppleWebKit/537.36 (KHTML, like Gecko) Chrome/99.0.4844.74 Safari/537.36 Edg/99.0.1150.46" - VL/r9MyorAD/oE4BCl015d449o2WNIWl7bS2u1tU41EBP1ZJ1HxCiF7nwr5D9h8I6FxrwEBHbk8= - - - landingpage-7435-deplosite.co.s3-website.ap-south-1.amazonaws.com - -
926edd7fc352944e00136403e5cafe7fe3695d10e37130b83db9dca05882ea4f landingpage-7435-deplosite.co [24/Mar/2022:19:38:52 +0000] 43.247.159.8 - ZAWA9N0NCTD8X0PA WEBSITE.GET.OBJECT favicon.ico "GET /favicon.ico HTTP/1.1" 404 NoSuchKey 75281 75281 49 48 "http://landingpage-7435-deplosite.co.s3-website.ap-south-1.amazonaws.com/" "Mozilla/5.0 (Windows NT 10.0; Win64; x64) AppleWebKit/537.36 (KHTML, like Gecko) Chrome/99.0.4844.74 Safari/537.36 Edg/99.0.1150.46" - ftaXDRBdmA+Ljl8CtgBBT+SrTqs4k/SnmGv+PKm/jFNexlTc3lIeUaaIpSk8nDP+E/ggbMAaoz0= - - - landingpage-7435-deplosite.co.s3-website.ap-south-1.amazonaws.com - -
926edd7fc352944e00136403e5cafe7fe3695d10e37130b83db9dca05882ea4f landingpage-7435-deplosite.co [24/Mar/2022:19:38:53 +0000] 43.247.159.8 - EFKAX03BDHMWM1JV WEBSITE.GET.OBJECT index.html "GET / HTTP/1.1" 304 - - 75281 5 - "-" "Mozilla/5.0 (Windows NT 10.0; Win64; x64) AppleWebKit/537.36 (KHTML, like Gecko) Chrome/99.0.4844.74 Safari/537.36 Edg/99.0.1150.46" - Z9CUb1Z7ofgAPF24SpnxYlFkoUxoNyIXqP2X+I6miVPrv5gL3IMmQmqt9OKyw2KAgs3VlhAVm1c= - - - landingpage-7435-deplosite.co.s3-website.ap-south-1.amazonaws.com - -
926edd7fc352944e00136403e5cafe7fe3695d10e37130b83db9dca05882ea4f landingpage-7435-deplosite.co [24/Mar/2022:19:38:53 +0000] 43.247.159.8 - EFKF5V3G2P3Q91NE WEBSITE.GET.OBJECT index.html "GET / HTTP/1.1" 304 - - 75281 5 - "-" "Mozilla/5.0 (Windows NT 10.0; Win64; x64) AppleWebKit/537.36 (KHTML, like Gecko) Chrome/99.0.4844.74 Safari/537.36 Edg/99.0.1150.46" - MF6s4gyWq3JYGtZ0s68r5jW6hq/zt1h6VDQwoI6D0TF5O70zWd1yPsIj+OwNbyrHuPlDKjXoe1s= - - - landingpage-7435-deplosite.co.s3-website.ap-south-1.amazonaws.com - -
926edd7fc352944e00136403e5cafe7fe3695d10e37130b83db9dca05882ea4f landingpage-7435-deplosite.co [24/Mar/2022:19:38:54 +0000] 43.247.159.8 - ZH36W9S7CC373PWJ WEBSITE.GET.OBJECT index.html "GET / HTTP/1.1" 304 - - 75281 8 - "-" "Mozilla/5.0 (Windows NT 10.0; Win64; x64) AppleWebKit/537.36 (KHTML, like Gecko) Chrome/99.0.4844.74 Safari/537.36 Edg/99.0.1150.46" - dSb90p6GASeZB8yNXvSyLhLkK9xzQNrfDTFbU7uoV1mf1kf93cVMM1addhVilgyXds2/7HDTaQQ= - - - landingpage-7435-deplosite.co.s3-website.ap-south-1.amazonaws.com - -
926edd7fc352944e00136403e5cafe7fe3695d10e37130b83db9dca05882ea4f landingpage-7435-deplosite.co [24/Mar/2022:19:38:54 +0000] 43.247.159.8 - ZH38C9EJM5PN4NXV WEBSITE.GET.OBJECT index.html "GET / HTTP/1.1" 304 - - 75281 5 - "-" "Mozilla/5.0 (Windows NT 10.0; Win64; x64) AppleWebKit/537.36 (KHTML, like Gecko) Chrome/99.0.4844.74 Safari/537.36 Edg/99.0.1150.46" - WdSycx2dn11ZGy58oC5ocytRNL9geuRnmpLv8IAdRqZJ0NBX0LnBk4msLtiOU9JHq4qMJRqSph8= - - - landingpage-7435-deplosite.co.s3-website.ap-south-1.amazonaws.com - -
926edd7fc352944e00136403e5cafe7fe3695d10e37130b83db9dca05882ea4f landingpage-7435-deplosite.co [24/Mar/2022:19:38:55 +0000] 43.247.159.8 - MM7QTFN8G4GNCVGK WEBSITE.GET.OBJECT index.html "GET / HTTP/1.1" 304 - - 75281 9 - "-" "Mozilla/5.0 (Windows NT 10.0; Win64; x64) AppleWebKit/537.36 (KHTML, like Gecko) Chrome/99.0.4844.74 Safari/537.36 Edg/99.0.1150.46" - 454Tp7UFuoc5M7QN+L+bWRIUPb63HokYhGqomfLHmXfD4+KD6O+1FXoNHT4TTArwDdjAbSjycpA= - - - landingpage-7435-deplosite.co.s3-website.ap-south-1.amazonaws.com - -
926edd7fc352944e00136403e5cafe7fe3695d10e37130b83db9dca05882ea4f landingpage-7435-deplosite.co [24/Mar/2022:19:38:55 +0000] 43.247.159.8 - MM7VYD21G9P55PW3 WEBSITE.GET.OBJECT index.html "GET / HTTP/1.1" 304 - - 75281 6 - "-" "Mozilla/5.0 (Windows NT 10.0; Win64; x64) AppleWebKit/537.36 (KHTML, like Gecko) Chrome/99.0.4844.74 Safari/537.36 Edg/99.0.1150.46" - k/SkM2oGO7OB5/fErLdlwqUKDj9Ex3BSrD1kWzBG6WaQiZ/RaGJahtkNM5tX2Zz1An72os4DM0I= - - - landingpage-7435-deplosite.co.s3-website.ap-south-1.amazonaws.com - -
926edd7fc352944e00136403e5cafe7fe3695d10e37130b83db9dca05882ea4f landingpage-7435-deplosite.co [24/Mar/2022:19:38:56 +0000] 43.247.159.8 - 6M4BYPPQ1Z1FDD6C WEBSITE.GET.OBJECT index.html "GET / HTTP/1.1" 304 - - 75281 7 - "-" "Mozilla/5.0 (Windows NT 10.0; Win64; x64) AppleWebKit/537.36 (KHTML, like Gecko) Chrome/99.0.4844.74 Safari/537.36 Edg/99.0.1150.46" - e+2vF32KfPhhVqRhNDF6ICmMhJwp8DmZuYN2ec4zTKJHhQ4U6aWxDi0N6hpbu0lNPoDeDBq0gbE= - - - landingpage-7435-deplosite.co.s3-website.ap-south-1.amazonaws.com - -

926edd7fc352944e00136403e5cafe7fe3695d10e37130b83db9dca05882ea4f landingpage-7435-deplosite.co [24/Mar/2022:19:38:47 +0000] 43.247.159.8 926edd7fc352944e00136403e5cafe7fe3695d10e37130b83db9dca05882ea4f M9JQGMQA2XWYQFJA REST.GET.WEBSITE - "GET /landingpage-7435-deplosite.co?website= HTTP/1.1" 200 - 242 - 20 17 "-" "S3Console/0.4, aws-internal/3 aws-sdk-java/1.11.1030 Linux/5.4.181-109.354.amzn2int.x86_64 OpenJDK_64-Bit_Server_VM/25.302-b08 java/1.8.0_302 vendor/Oracle_Corporation cfg/retry-mode/standard" - NXa+Y8YoNVu3CK+G8kGizswcoe3fZ3HSjoyIkgRZXmX3TZvjN5KRoUSQ0sjaXhTzZgZTkS/WF6M= SigV4 ECDHE-RSA-AES128-GCM-SHA256 AuthHeader s3.ap-south-1.amazonaws.com TLSv1.2 -

926edd7fc352944e00136403e5cafe7fe3695d10e37130b83db9dca05882ea4f landingpage-7435-deplosite.co [24/Mar/2022:19:38:47 +0000] 43.247.159.8 926edd7fc352944e00136403e5cafe7fe3695d10e37130b83db9dca05882ea4f M9JPC7V1N75Y3CNC REST.GET.OBJECT_LOCK_CONFIGURATION - "GET /landingpage-7435-deplosite.co?object-lock= HTTP/1.1" 404 ObjectLockConfigurationNotFoundError 364 - 14 - "-" "S3Console/0.4, aws-internal/3 aws-sdk-java/1.11.1030 Linux/5.4.181-109.354.amzn2int.x86_64 OpenJDK_64-Bit_Server_VM/25.302-b08 java/1.8.0_302 vendor/Oracle_Corporation cfg/retry-mode/standard" - 8LIT21IIFldiAw3OYzhGqdH+ouTgESj1h7A8BUZoUnEzh9fGuPe76xHMQitFxlyo5zVwASvIAsA= SigV4 ECDHE-RSA-AES128-GCM-SHA256 AuthHeader s3.ap-south-1.amazonaws.com TLSv1.2 -

926edd7fc352944e00136403e5cafe7fe3695d10e37130b83db9dca05882ea4f landingpage-7435-deplosite.co [24/Mar/2022:19:38:47 +0000] 43.247.159.8 926edd7fc352944e00136403e5cafe7fe3695d10e37130b83db9dca05882ea4f M9JNRW2BS847S3YC REST.GET.LOGGING_STATUS - "GET /landingpage-7435-deplosite.co?logging= HTTP/1.1" 200 - 268 - 17 - "-" "S3Console/0.4, aws-internal/3 aws-sdk-java/1.11.1030 Linux/5.4.181-109.354.amzn2int.x86_64 OpenJDK_64-Bit_Server_VM/25.302-b08 java/1.8.0_302 vendor/Oracle_Corporation cfg/retry-mode/standard" - wMiRLjBtSH1qwUzWeiUBgS95mXAlOZU+09KztrgS5vBWWL7vKLeTN8mnStzGq66E5eJf1a21r7s= SigV4 ECDHE-RSA-AES128-GCM-SHA256 AuthHeader s3.ap-south-1.amazonaws.com TLSv1.2 -

926edd7fc352944e00136403e5cafe7fe3695d10e37130b83db9dca05882ea4f landingpage-7435-deplosite.co [24/Mar/2022:19:38:47 +0000] 43.247.159.8 926edd7fc352944e00136403e5cafe7fe3695d10e37130b83db9dca05882ea4f M9JG2RX4VMMQKQ77 REST.GET.INTELLIGENT_TIERING - "GET /landingpage-7435-deplosite.co?intelligent-tiering= HTTP/1.1" 200 - 169 - 40 - "-" "S3Console/0.4, aws-internal/3 aws-sdk-java/1.11.1030 Linux/5.4.181-109.354.amzn2int.x86_64 OpenJDK_64-Bit_Server_VM/25.302-b08 java/1.8.0_302 vendor/Oracle_Corporation cfg/retry-mode/standard" - 2pWYVgMYd4B8GiTgLyxf1TXcS1udnuhOLNfx/3uNQC6m/eNd9FoIMWt5xnt5C4ZDd5kwm1PaZR0= SigV4 ECDHE-RSA-AES128-GCM-SHA256 AuthHeader s3.ap-south-1.amazonaws.com TLSv1.2 -

926edd7fc352944e00136403e5cafe7fe3695d10e37130b83db9dca05882ea4f landingpage-7435-deplosite.co [24/Mar/2022:19:38:43 +0000] 43.247.159.8 926edd7fc352944e00136403e5cafe7fe3695d10e37130b83db9dca05882ea4f 9ST404MWCA2RPXBD REST.GET.BUCKETVERSIONS - "GET /?versions&max-keys=1&encoding-type=url HTTP/1.1" 200 - 758 - 26 25 "-" "S3Console/0.4, aws-internal/3 aws-sdk-java/1.11.1030 Linux/5.4.181-109.354.amzn2int.x86_64 OpenJDK_64-Bit_Server_VM/25.302-b08 java/1.8.0_302 vendor/Oracle_Corporation cfg/retry-mode/standard" - LEeUnMeEZ72mhNuwfudsLcQTfCtNZdF9syjGs656C0m6q+nyMZj5jPbFyCIbKJ7ZU4nwM5xQu9E= SigV4 ECDHE-RSA-AES128-GCM-SHA256 AuthHeader landingpage-7435-deplosite.co.s3.ap-south-1.amazonaws.com TLSv1.2 -
926edd7fc352944e00136403e5cafe7fe3695d10e37130b83db9dca05882ea4f landingpage-7435-deplosite.co [24/Mar/2022:19:38:44 +0000] 43.247.159.8 926edd7fc352944e00136403e5cafe7fe3695d10e37130b83db9dca05882ea4f 1R1G7GPB3X09HNMZ REST.GET.WEBSITE - "GET /?website HTTP/1.1" 200 - 242 - 14 10 "-" "S3Console/0.4, aws-internal/3 aws-sdk-java/1.11.1030 Linux/5.4.181-109.354.amzn2int.x86_64 OpenJDK_64-Bit_Server_VM/25.302-b08 java/1.8.0_302 vendor/Oracle_Corporation cfg/retry-mode/standard" - ia6GKN4Muc561ZvrMswVTp1kDQtem+6JD6no7CUI6AdJjfct4QWGbkFKRAZGGpUyIhtev3pmv90= SigV4 ECDHE-RSA-AES128-GCM-SHA256 AuthHeader landingpage-7435-deplosite.co.s3.ap-south-1.amazonaws.com TLSv1.2 -
926edd7fc352944e00136403e5cafe7fe3695d10e37130b83db9dca05882ea4f landingpage-7435-deplosite.co [24/Mar/2022:19:38:44 +0000] 43.247.159.8 926edd7fc352944e00136403e5cafe7fe3695d10e37130b83db9dca05882ea4f 1R1XSVM30XJ1S2NE REST.GET.BUCKETPOLICY - "GET /?policy HTTP/1.1" 200 - 198 - 14 - "-" "S3Console/0.4, aws-internal/3 aws-sdk-java/1.11.1030 Linux/5.4.181-109.354.amzn2int.x86_64 OpenJDK_64-Bit_Server_VM/25.302-b08 java/1.8.0_302 vendor/Oracle_Corporation cfg/retry-mode/standard" - oI8pGeVEWRncEmGJN65GkkOGtsvbwIYMmSQOyAm6imH/MuYANKSaTp8kEi0BhOLVwHu+CawRsO4= SigV4 ECDHE-RSA-AES128-GCM-SHA256 AuthHeader landingpage-7435-deplosite.co.s3.ap-south-1.amazonaws.com TLSv1.2 -

926edd7fc352944e00136403e5cafe7fe3695d10e37130b83db9dca05882ea4f landingpage-7435-deplosite.co [24/Mar/2022:19:38:47 +0000] 43.247.159.8 926edd7fc352944e00136403e5cafe7fe3695d10e37130b83db9dca05882ea4f M9JMCFJ4S8W20PYQ REST.GET.REQUEST_PAYMENT - "GET /landingpage-7435-deplosite.co?requestPayment= HTTP/1.1" 200 - 172 - 16 - "-" "S3Console/0.4, aws-internal/3 aws-sdk-java/1.11.1030 Linux/5.4.181-109.354.amzn2int.x86_64 OpenJDK_64-Bit_Server_VM/25.302-b08 java/1.8.0_302 vendor/Oracle_Corporation cfg/retry-mode/standard" - y38JfMa4Gp/iEA8NgAV3dGPQJvBfQzzW046j+fs7xgEGwreySBsVj42w51Cf/hCo+MLGcM2+NpC6xY4Qa0G5FQ== SigV4 ECDHE-RSA-AES128-GCM-SHA256 AuthHeader s3.ap-south-1.amazonaws.com TLSv1.2 -

926edd7fc352944e00136403e5cafe7fe3695d10e37130b83db9dca05882ea4f landingpage-7435-deplosite.co [24/Mar/2022:19:37:46 +0000] 43.247.159.8 926edd7fc352944e00136403e5cafe7fe3695d10e37130b83db9dca05882ea4f JM3Y1B6C4GTJABGM REST.HEAD.BUCKET - "HEAD /landingpage-7435-deplosite.co HTTP/1.1" 200 - - - 18 18 "-" "S3Console/0.4, aws-internal/3 aws-sdk-java/1.11.1030 Linux/5.4.181-109.354.amzn2int.x86_64 OpenJDK_64-Bit_Server_VM/25.302-b08 java/1.8.0_302 vendor/Oracle_Corporation cfg/retry-mode/standard" - MeO/gYcTl1lUpNbj1mIY7PkFrP0cDM0EjCxCV+ZnyB/vhK7f2Rx0JpXa+6eZGsXJFsFRomDM+R8= SigV4 ECDHE-RSA-AES128-GCM-SHA256 AuthHeader s3.ap-south-1.amazonaws.com TLSv1.2 -

926edd7fc352944e00136403e5cafe7fe3695d10e37130b83db9dca05882ea4f landingpage-7435-deplosite.co [24/Mar/2022:19:38:47 +0000] 43.247.159.8 926edd7fc352944e00136403e5cafe7fe3695d10e37130b83db9dca05882ea4f M9JVMCN0Q02N0PEZ REST.GET.VERSIONING - "GET /landingpage-7435-deplosite.co?versioning= HTTP/1.1" 200 - 113 - 18 - "-" "S3Console/0.4, aws-internal/3 aws-sdk-java/1.11.1030 Linux/5.4.181-109.354.amzn2int.x86_64 OpenJDK_64-Bit_Server_VM/25.302-b08 java/1.8.0_302 vendor/Oracle_Corporation cfg/retry-mode/standard" - x+9ihFpuDmz0Vir5YSds9lx9Yz/qp/SsTVFiXFqvLBwmEJkvGreVhoC+ikheTvkI96rAatdmF+4= SigV4 ECDHE-RSA-AES128-GCM-SHA256 AuthHeader s3.ap-south-1.amazonaws.com TLSv1.2 -

926edd7fc352944e00136403e5cafe7fe3695d10e37130b83db9dca05882ea4f landingpage-7435-deplosite.co [24/Mar/2022:19:38:43 +0000] 43.247.159.8 926edd7fc352944e00136403e5cafe7fe3695d10e37130b83db9dca05882ea4f 9STCF4C9RGERMDSG REST.GET.OWNERSHIP_CONTROLS - "GET /landingpage-7435-deplosite.co?ownershipControls= HTTP/1.1" 404 OwnershipControlsNotFoundError 319 - 41 40 "-" "S3Console/0.4, aws-internal/3 aws-sdk-java/1.11.1030 Linux/5.4.181-109.354.amzn2int.x86_64 OpenJDK_64-Bit_Server_VM/25.302-b08 java/1.8.0_302 vendor/Oracle_Corporation cfg/retry-mode/standard" - Amr0cTmKaMQjjWDX3v38HoURilk0948f1Zced5wL5DcgRwDDPDBisqCHv4SJ3pKWvIk13ImgraoGQyMWZRo7Zw== SigV4 ECDHE-RSA-AES128-GCM-SHA256 AuthHeader s3.ap-south-1.amazonaws.com TLSv1.2 -

926edd7fc352944e00136403e5cafe7fe3695d10e37130b83db9dca05882ea4f landingpage-7435-deplosite.co [24/Mar/2022:19:38:47 +0000] 43.247.159.8 926edd7fc352944e00136403e5cafe7fe3695d10e37130b83db9dca05882ea4f M9JM2RDKQ4MY9M5B REST.GET.ACCELERATE - "GET /landingpage-7435-deplosite.co?accelerate= HTTP/1.1" 200 - 113 - 17 - "-" "S3Console/0.4, aws-internal/3 aws-sdk-java/1.11.1030 Linux/5.4.181-109.354.amzn2int.x86_64 OpenJDK_64-Bit_Server_VM/25.302-b08 java/1.8.0_302 vendor/Oracle_Corporation cfg/retry-mode/standard" - RYU6ZvVheU1PmH/wFQMa114Zs0ZnDOmEk2To2W8RvfhlBcrUrZlto3RZI0b7UKMVyww37kcQnwo= SigV4 ECDHE-RSA-AES128-GCM-SHA256 AuthHeader s3.ap-south-1.amazonaws.com TLSv1.2 -

926edd7fc352944e00136403e5cafe7fe3695d10e37130b83db9dca05882ea4f landingpage-7435-deplosite.co [24/Mar/2022:19:37:46 +0000] 43.247.159.8 926edd7fc352944e00136403e5cafe7fe3695d10e37130b83db9dca05882ea4f JM3KYSZMX7BMRJHX REST.GET.ACL - "GET /?acl HTTP/1.1" 200 - 480 - 6 - "-" "S3Console/0.4, aws-internal/3 aws-sdk-java/1.11.1030 Linux/5.4.181-109.354.amzn2int.x86_64 OpenJDK_64-Bit_Server_VM/25.302-b08 java/1.8.0_302 vendor/Oracle_Corporation cfg/retry-mode/standard" - 9VX7sssVx5mUrWiayL9FIbmhbKDnWwfHRIaS24GRIjfR9wjxKfjIzJx+SQvat1dpMwGIvg+vHus= SigV4 ECDHE-RSA-AES128-GCM-SHA256 AuthHeader landingpage-7435-deplosite.co.s3.ap-south-1.amazonaws.com TLSv1.2 -
926edd7fc352944e00136403e5cafe7fe3695d10e37130b83db9dca05882ea4f landingpage-7435-deplosite.co [24/Mar/2022:19:37:46 +0000] 43.247.159.8 926edd7fc352944e00136403e5cafe7fe3695d10e37130b83db9dca05882ea4f JM3NWS8SJE18DF27 REST.GET.POLICY_STATUS - "GET /?policyStatus HTTP/1.1" 200 - 141 - 7 - "-" "S3Console/0.4, aws-internal/3 aws-sdk-java/1.11.1030 Linux/5.4.181-109.354.amzn2int.x86_64 OpenJDK_64-Bit_Server_VM/25.302-b08 java/1.8.0_302 vendor/Oracle_Corporation cfg/retry-mode/standard" - tb8AfZ8EcH1bDldgD0YdbHP4Inn2XTOMcXmjjF6pq9bGuQwBvdZjt2dfLf0vEZ/F2BvBgNnU48o= SigV4 ECDHE-RSA-AES128-GCM-SHA256 AuthHeader landingpage-7435-deplosite.co.s3.ap-south-1.amazonaws.com TLSv1.2 -
926edd7fc352944e00136403e5cafe7fe3695d10e37130b83db9dca05882ea4f landingpage-7435-deplosite.co [24/Mar/2022:19:37:46 +0000] 43.247.159.8 926edd7fc352944e00136403e5cafe7fe3695d10e37130b83db9dca05882ea4f JM3TC1NQBAX7WZ31 REST.GET.PUBLIC_ACCESS_BLOCK - "GET /?publicAccessBlock HTTP/1.1" 404 NoSuchPublicAccessBlockConfiguration 359 - 15 - "-" "S3Console/0.4, aws-internal/3 aws-sdk-java/1.11.1030 Linux/5.4.181-109.354.amzn2int.x86_64 OpenJDK_64-Bit_Server_VM/25.302-b08 java/1.8.0_302 vendor/Oracle_Corporation cfg/retry-mode/standard" - 0DsN9mEYbo7JZWS6HWDnOAcV9R/tUikf2xD9n25jWNGYTFkzAAcedw1W4YX3iTq0SlGHBrz/1jE= SigV4 ECDHE-RSA-AES128-GCM-SHA256 AuthHeader landingpage-7435-deplosite.co.s3.ap-south-1.amazonaws.com TLSv1.2 -

926edd7fc352944e00136403e5cafe7fe3695d10e37130b83db9dca05882ea4f landingpage-7435-deplosite.co [24/Mar/2022:19:38:51 +0000] 43.247.159.8 - EANE1ETVR9ZXHD5B WEBSITE.GET.OBJECT index.html "GET / HTTP/1.1" 200 - 75281 75281 84 83 "-" "Mozilla/5.0 (Windows NT 10.0; Win64; x64) AppleWebKit/537.36 (KHTML, like Gecko) Chrome/99.0.4844.74 Safari/537.36 Edg/99.0.1150.46" - 2txByBNWMNLR4sV4HVhD8Shpu7a7wayFHdFsL5xnEa+8pCz413kwjypC/y38snnzX9jSPZ9LlKA= - - - landingpage-7435-deplosite.co.s3-website.ap-south-1.amazonaws.com - -

926edd7fc352944e00136403e5cafe7fe3695d10e37130b83db9dca05882ea4f landingpage-7435-deplosite.co [24/Mar/2022:19:38:43 +0000] 43.247.159.8 926edd7fc352944e00136403e5cafe7fe3695d10e37130b83db9dca05882ea4f 9ST6MDNTC1H5KRVJ REST.GET.BUCKET - "GET /landingpage-7435-deplosite.co?list-type=2&encoding-type=url&max-keys=1000&fetch-owner=true&delimiter=%2F&prefix= HTTP/1.1" 200 - 905 - 27 26 "-" "S3Console/0.4, aws-internal/3 aws-sdk-java/1.11.1030 Linux/5.4.181-109.354.amzn2int.x86_64 OpenJDK_64-Bit_Server_VM/25.302-b08 java/1.8.0_302 vendor/Oracle_Corporation cfg/retry-mode/standard" - rONzOsYns55UoIM/7T5iSiPfNPfhzVVLoxCjR/ORCAYGQTfT5OXJcI3/nXtJDQIjsPrbblc0i80= SigV4 ECDHE-RSA-AES128-GCM-SHA256 AuthHeader s3.ap-south-1.amazonaws.com TLSv1.2 -

926edd7fc352944e00136403e5cafe7fe3695d10e37130b83db9dca05882ea4f landingpage-7435-deplosite.co [24/Mar/2022:19:38:47 +0000] 43.247.159.8 926edd7fc352944e00136403e5cafe7fe3695d10e37130b83db9dca05882ea4f M9JM0D37S9V4VXPQ REST.GET.ENCRYPTION - "GET /landingpage-7435-deplosite.co?encryption= HTTP/1.1" 404 ServerSideEncryptionConfigurationNotFoundError 372 - 14 - "-" "S3Console/0.4, aws-internal/3 aws-sdk-java/1.11.1030 Linux/5.4.181-109.354.amzn2int.x86_64 OpenJDK_64-Bit_Server_VM/25.302-b08 java/1.8.0_302 vendor/Oracle_Corporation cfg/retry-mode/standard" - cZpHeFtsohxkvCwJ7Rw9tMANqKetXAyK9Ni0P8tfh6NvNxHqmFTpOubLPXKgOpZK0eZjeCWQnk0= SigV4 ECDHE-RSA-AES128-GCM-SHA256 AuthHeader s3.ap-south-1.amazonaws.com TLSv1.2 -

926edd7fc352944e00136403e5cafe7fe3695d10e37130b83db9dca05882ea4f landingpage-7435-deplosite.co [24/Mar/2022:19:38:47 +0000] 43.247.159.8 926edd7fc352944e00136403e5cafe7fe3695d10e37130b83db9dca05882ea4f M9JM2VG832CY2JJ9 REST.GET.NOTIFICATION - "GET /landingpage-7435-deplosite.co?notification= HTTP/1.1" 200 - 115 - 15 - "-" "S3Console/0.4, aws-internal/3 aws-sdk-java/1.11.1030 Linux/5.4.181-109.354.amzn2int.x86_64 OpenJDK_64-Bit_Server_VM/25.302-b08 java/1.8.0_302 vendor/Oracle_Corporation cfg/retry-mode/standard" - 9gb7pxBmaQdoBs/yG46OPNLiPJ4+UE8r6EWZV0IQ/joCpFQTPwxgF1Ihc4COW33cHC1hrYmUjug= SigV4 ECDHE-RSA-AES128-GCM-SHA256 AuthHeader s3.ap-south-1.amazonaws.com TLSv1.2 -

926edd7fc352944e00136403e5cafe7fe3695d10e37130b83db9dca05882ea4f landingpage-7435-deplosite.co [24/Mar/2022:19:37:46 +0000] 43.247.159.8 926edd7fc352944e00136403e5cafe7fe3695d10e37130b83db9dca05882ea4f JM3Y1B6C4GTJABGM REST.HEAD.BUCKET - "HEAD /landingpage-7435-deplosite.co HTTP/1.1" 200 - - - 18 18 "-" "S3Console/0.4, aws-internal/3 aws-sdk-java/1.11.1030 Linux/5.4.181-109.354.amzn2int.x86_64 OpenJDK_64-Bit_Server_VM/25.302-b08 java/1.8.0_302 vendor/Oracle_Corporation cfg/retry-mode/standard" - MeO/gYcTl1lUpNbj1mIY7PkFrP0cDM0EjCxCV+ZnyB/vhK7f2Rx0JpXa+6eZGsXJFsFRomDM+R8= SigV4 ECDHE-RSA-AES128-GCM-SHA256 AuthHeader s3.ap-south-1.amazonaws.com TLSv1.2 -

926edd7fc352944e00136403e5cafe7fe3695d10e37130b83db9dca05882ea4f landingpage-7435-deplosite.co [24/Mar/2022:19:38:47 +0000] 43.247.159.8 926edd7fc352944e00136403e5cafe7fe3695d10e37130b83db9dca05882ea4f M9JVMCN0Q02N0PEZ REST.GET.VERSIONING - "GET /landingpage-7435-deplosite.co?versioning= HTTP/1.1" 200 - 113 - 18 - "-" "S3Console/0.4, aws-internal/3 aws-sdk-java/1.11.1030 Linux/5.4.181-109.354.amzn2int.x86_64 OpenJDK_64-Bit_Server_VM/25.302-b08 java/1.8.0_302 vendor/Oracle_Corporation cfg/retry-mode/standard" - x+9ihFpuDmz0Vir5YSds9lx9Yz/qp/SsTVFiXFqvLBwmEJkvGreVhoC+ikheTvkI96rAatdmF+4= SigV4 ECDHE-RSA-AES128-GCM-SHA256 AuthHeader s3.ap-south-1.amazonaws.com TLSv1.2 -

926edd7fc352944e00136403e5cafe7fe3695d10e37130b83db9dca05882ea4f landingpage-7435-deplosite.co [24/Mar/2022:19:38:43 +0000] 43.247.159.8 926edd7fc352944e00136403e5cafe7fe3695d10e37130b83db9dca05882ea4f 9STCF4C9RGERMDSG REST.GET.OWNERSHIP_CONTROLS - "GET /landingpage-7435-deplosite.co?ownershipControls= HTTP/1.1" 404 OwnershipControlsNotFoundError 319 - 41 40 "-" "S3Console/0.4, aws-internal/3 aws-sdk-java/1.11.1030 Linux/5.4.181-109.354.amzn2int.x86_64 OpenJDK_64-Bit_Server_VM/25.302-b08 java/1.8.0_302 vendor/Oracle_Corporation cfg/retry-mode/standard" - Amr0cTmKaMQjjWDX3v38HoURilk0948f1Zced5wL5DcgRwDDPDBisqCHv4SJ3pKWvIk13ImgraoGQyMWZRo7Zw== SigV4 ECDHE-RSA-AES128-GCM-SHA256 AuthHeader s3.ap-south-1.amazonaws.com TLSv1.2 -

926edd7fc352944e00136403e5cafe7fe3695d10e37130b83db9dca05882ea4f landingpage-7435-deplosite.co [24/Mar/2022:19:38:47 +0000] 43.247.159.8 926edd7fc352944e00136403e5cafe7fe3695d10e37130b83db9dca05882ea4f M9JM2RDKQ4MY9M5B REST.GET.ACCELERATE - "GET /landingpage-7435-deplosite.co?accelerate= HTTP/1.1" 200 - 113 - 17 - "-" "S3Console/0.4, aws-internal/3 aws-sdk-java/1.11.1030 Linux/5.4.181-109.354.amzn2int.x86_64 OpenJDK_64-Bit_Server_VM/25.302-b08 java/1.8.0_302 vendor/Oracle_Corporation cfg/retry-mode/standard" - RYU6ZvVheU1PmH/wFQMa114Zs0ZnDOmEk2To2W8RvfhlBcrUrZlto3RZI0b7UKMVyww37kcQnwo= SigV4 ECDHE-RSA-AES128-GCM-SHA256 AuthHeader s3.ap-south-1.amazonaws.com TLSv1.2 -

926edd7fc352944e00136403e5cafe7fe3695d10e37130b83db9dca05882ea4f landingpage-7435-deplosite.co [24/Mar/2022:19:37:46 +0000] 43.247.159.8 926edd7fc352944e00136403e5cafe7fe3695d10e37130b83db9dca05882ea4f JM3KYSZMX7BMRJHX REST.GET.ACL - "GET /?acl HTTP/1.1" 200 - 480 - 6 - "-" "S3Console/0.4, aws-internal/3 aws-sdk-java/1.11.1030 Linux/5.4.181-109.354.amzn2int.x86_64 OpenJDK_64-Bit_Server_VM/25.302-b08 java/1.8.0_302 vendor/Oracle_Corporation cfg/retry-mode/standard" - 9VX7sssVx5mUrWiayL9FIbmhbKDnWwfHRIaS24GRIjfR9wjxKfjIzJx+SQvat1dpMwGIvg+vHus= SigV4 ECDHE-RSA-AES128-GCM-SHA256 AuthHeader landingpage-7435-deplosite.co.s3.ap-south-1.amazonaws.com TLSv1.2 -
926edd7fc352944e00136403e5cafe7fe3695d10e37130b83db9dca05882ea4f landingpage-7435-deplosite.co [24/Mar/2022:19:37:46 +0000] 43.247.159.8 926edd7fc352944e00136403e5cafe7fe3695d10e37130b83db9dca05882ea4f JM3NWS8SJE18DF27 REST.GET.POLICY_STATUS - "GET /?policyStatus HTTP/1.1" 200 - 141 - 7 - "-" "S3Console/0.4, aws-internal/3 aws-sdk-java/1.11.1030 Linux/5.4.181-109.354.amzn2int.x86_64 OpenJDK_64-Bit_Server_VM/25.302-b08 java/1.8.0_302 vendor/Oracle_Corporation cfg/retry-mode/standard" - tb8AfZ8EcH1bDldgD0YdbHP4Inn2XTOMcXmjjF6pq9bGuQwBvdZjt2dfLf0vEZ/F2BvBgNnU48o= SigV4 ECDHE-RSA-AES128-GCM-SHA256 AuthHeader landingpage-7435-deplosite.co.s3.ap-south-1.amazonaws.com TLSv1.2 -
926edd7fc352944e00136403e5cafe7fe3695d10e37130b83db9dca05882ea4f landingpage-7435-deplosite.co [24/Mar/2022:19:37:46 +0000] 43.247.159.8 926edd7fc352944e00136403e5cafe7fe3695d10e37130b83db9dca05882ea4f JM3TC1NQBAX7WZ31 REST.GET.PUBLIC_ACCESS_BLOCK - "GET /?publicAccessBlock HTTP/1.1" 404 NoSuchPublicAccessBlockConfiguration 359 - 15 - "-" "S3Console/0.4, aws-internal/3 aws-sdk-java/1.11.1030 Linux/5.4.181-109.354.amzn2int.x86_64 OpenJDK_64-Bit_Server_VM/25.302-b08 java/1.8.0_302 vendor/Oracle_Corporation cfg/retry-mode/standard" - 0DsN9mEYbo7JZWS6HWDnOAcV9R/tUikf2xD9n25jWNGYTFkzAAcedw1W4YX3iTq0SlGHBrz/1jE= SigV4 ECDHE-RSA-AES128-GCM-SHA256 AuthHeader landingpage-7435-deplosite.co.s3.ap-south-1.amazonaws.com TLSv1.2 -

926edd7fc352944e00136403e5cafe7fe3695d10e37130b83db9dca05882ea4f landingpage-7435-deplosite.co [24/Mar/2022:19:38:51 +0000] 43.247.159.8 - EANE1ETVR9ZXHD5B WEBSITE.GET.OBJECT index.html "GET / HTTP/1.1" 200 - 75281 75281 84 83 "-" "Mozilla/5.0 (Windows NT 10.0; Win64; x64) AppleWebKit/537.36 (KHTML, like Gecko) Chrome/99.0.4844.74 Safari/537.36 Edg/99.0.1150.46" - 2txByBNWMNLR4sV4HVhD8Shpu7a7wayFHdFsL5xnEa+8pCz413kwjypC/y38snnzX9jSPZ9LlKA= - - - landingpage-7435-deplosite.co.s3-website.ap-south-1.amazonaws.com - -

926edd7fc352944e00136403e5cafe7fe3695d10e37130b83db9dca05882ea4f landingpage-7435-deplosite.co [24/Mar/2022:19:38:43 +0000] 43.247.159.8 926edd7fc352944e00136403e5cafe7fe3695d10e37130b83db9dca05882ea4f 9ST6MDNTC1H5KRVJ REST.GET.BUCKET - "GET /landingpage-7435-deplosite.co?list-type=2&encoding-type=url&max-keys=1000&fetch-owner=true&delimiter=%2F&prefix= HTTP/1.1" 200 - 905 - 27 26 "-" "S3Console/0.4, aws-internal/3 aws-sdk-java/1.11.1030 Linux/5.4.181-109.354.amzn2int.x86_64 OpenJDK_64-Bit_Server_VM/25.302-b08 java/1.8.0_302 vendor/Oracle_Corporation cfg/retry-mode/standard" - rONzOsYns55UoIM/7T5iSiPfNPfhzVVLoxCjR/ORCAYGQTfT5OXJcI3/nXtJDQIjsPrbblc0i80= SigV4 ECDHE-RSA-AES128-GCM-SHA256 AuthHeader s3.ap-south-1.amazonaws.com TLSv1.2 -

926edd7fc352944e00136403e5cafe7fe3695d10e37130b83db9dca05882ea4f landingpage-7435-deplosite.co [24/Mar/2022:19:38:47 +0000] 43.247.159.8 926edd7fc352944e00136403e5cafe7fe3695d10e37130b83db9dca05882ea4f M9JM0D37S9V4VXPQ REST.GET.ENCRYPTION - "GET /landingpage-7435-deplosite.co?encryption= HTTP/1.1" 404 ServerSideEncryptionConfigurationNotFoundError 372 - 14 - "-" "S3Console/0.4, aws-internal/3 aws-sdk-java/1.11.1030 Linux/5.4.181-109.354.amzn2int.x86_64 OpenJDK_64-Bit_Server_VM/25.302-b08 java/1.8.0_302 vendor/Oracle_Corporation cfg/retry-mode/standard" - cZpHeFtsohxkvCwJ7Rw9tMANqKetXAyK9Ni0P8tfh6NvNxHqmFTpOubLPXKgOpZK0eZjeCWQnk0= SigV4 ECDHE-RSA-AES128-GCM-SHA256 AuthHeader s3.ap-south-1.amazonaws.com TLSv1.2 -

926edd7fc352944e00136403e5cafe7fe3695d10e37130b83db9dca05882ea4f landingpage-7435-deplosite.co [24/Mar/2022:19:38:47 +0000] 43.247.159.8 926edd7fc352944e00136403e5cafe7fe3695d10e37130b83db9dca05882ea4f M9JM2VG832CY2JJ9 REST.GET.NOTIFICATION - "GET /landingpage-7435-deplosite.co?notification= HTTP/1.1" 200 - 115 - 15 - "-" "S3Console/0.4, aws-internal/3 aws-sdk-java/1.11.1030 Linux/5.4.181-109.354.amzn2int.x86_64 OpenJDK_64-Bit_Server_VM/25.302-b08 java/1.8.0_302 vendor/Oracle_Corporation cfg/retry-mode/standard" - 9gb7pxBmaQdoBs/yG46OPNLiPJ4+UE8r6EWZV0IQ/joCpFQTPwxgF1Ihc4COW33cHC1hrYmUjug= SigV4 ECDHE-RSA-AES128-GCM-SHA256 AuthHeader s3.ap-south-1.amazonaws.com TLSv1.2 -

