926edd7fc352944e00136403e5cafe7fe3695d10e37130b83db9dca05882ea4f profile-23886-deplosite.co [21/Mar/2022:14:20:05 +0000] 43.247.159.8 926edd7fc352944e00136403e5cafe7fe3695d10e37130b83db9dca05882ea4f 33W153SZP102ZTFH REST.GET.REQUEST_PAYMENT - "GET /profile-23886-deplosite.co?requestPayment= HTTP/1.1" 200 - 172 - 19 - "-" "S3Console/0.4, aws-internal/3 aws-sdk-java/1.11.1030 Linux/5.4.181-109.354.amzn2int.x86_64 OpenJDK_64-Bit_Server_VM/25.302-b08 java/1.8.0_302 vendor/Oracle_Corporation cfg/retry-mode/standard" - 4fAmv6gBuBN4PfbM5/K6HMWCh6kwFQ11mggHSAmFUwukrwRNRZD7hk6OLeNnmpQwzjSngtha5zU= SigV4 ECDHE-RSA-AES128-GCM-SHA256 AuthHeader s3.ap-south-1.amazonaws.com TLSv1.2 -

926edd7fc352944e00136403e5cafe7fe3695d10e37130b83db9dca05882ea4f profile-23886-deplosite.co [21/Mar/2022:14:16:44 +0000] 223.186.38.235 arn:aws:iam::144670637354:user/pulkit WPKNKYBXWYQ8NP8D REST.PUT.OBJECT index.html "PUT /profile-23886-deplosite.co/index.html HTTP/1.1" 200 - - 11143 142 15 "-" "Boto3/1.21.18 Python/3.10.2 Windows/10 Botocore/1.24.18" - L8VB2Fuid2yslqgQ3YEXxtH8+9M3XZhOwGjw/mzaLkaFAIDQKr8kY3R2PViunPET3IneiSwFnAA= SigV4 ECDHE-RSA-AES128-GCM-SHA256 AuthHeader s3.ap-south-1.amazonaws.com TLSv1.2 -

926edd7fc352944e00136403e5cafe7fe3695d10e37130b83db9dca05882ea4f profile-23886-deplosite.co [21/Mar/2022:14:20:01 +0000] 43.247.159.8 926edd7fc352944e00136403e5cafe7fe3695d10e37130b83db9dca05882ea4f VD78C7SSX6RFVWSH REST.GET.BUCKET - "GET /profile-23886-deplosite.co?list-type=2&encoding-type=url&max-keys=1000&fetch-owner=true&delimiter=%2F&prefix= HTTP/1.1" 200 - 608 - 16 15 "-" "S3Console/0.4, aws-internal/3 aws-sdk-java/1.11.1030 Linux/5.4.181-109.354.amzn2int.x86_64 OpenJDK_64-Bit_Server_VM/25.302-b08 java/1.8.0_302 vendor/Oracle_Corporation cfg/retry-mode/standard" - mdHo/jKnvEnkmNmpWqrMcmjJeh2afyAd/X/Cs4lEevqv+65dUps4va8CkMP3zu81QM4I3ZBuHy4= SigV4 ECDHE-RSA-AES128-GCM-SHA256 AuthHeader s3.ap-south-1.amazonaws.com TLSv1.2 -

926edd7fc352944e00136403e5cafe7fe3695d10e37130b83db9dca05882ea4f profile-23886-deplosite.co [21/Mar/2022:14:20:01 +0000] 43.247.159.8 926edd7fc352944e00136403e5cafe7fe3695d10e37130b83db9dca05882ea4f VD705EXDK43DM7XV REST.GET.BUCKETPOLICY - "GET /?policy HTTP/1.1" 200 - 195 - 37 - "-" "S3Console/0.4, aws-internal/3 aws-sdk-java/1.11.1030 Linux/5.4.181-109.354.amzn2int.x86_64 OpenJDK_64-Bit_Server_VM/25.302-b08 java/1.8.0_302 vendor/Oracle_Corporation cfg/retry-mode/standard" - TpdbEEN7rD5kbV2hCsaDSj48R8PLhs2eLyqhnAlefUdU+OFfYuZjQ2RKE1LRTbYXTvNSvFfKJA8= SigV4 ECDHE-RSA-AES128-GCM-SHA256 AuthHeader profile-23886-deplosite.co.s3.ap-south-1.amazonaws.com TLSv1.2 -
926edd7fc352944e00136403e5cafe7fe3695d10e37130b83db9dca05882ea4f profile-23886-deplosite.co [21/Mar/2022:14:20:01 +0000] 43.247.159.8 926edd7fc352944e00136403e5cafe7fe3695d10e37130b83db9dca05882ea4f VD77E91GW4CT38Q1 REST.GET.WEBSITE - "GET /?website HTTP/1.1" 200 - 242 - 7 5 "-" "S3Console/0.4, aws-internal/3 aws-sdk-java/1.11.1030 Linux/5.4.181-109.354.amzn2int.x86_64 OpenJDK_64-Bit_Server_VM/25.302-b08 java/1.8.0_302 vendor/Oracle_Corporation cfg/retry-mode/standard" - 3Ujp4RxCCyZvAhaiLfg3Lf4ciIQdntXUgGpqNVdAW2iod+qaKaTVLQl5Exns7t+tL9T1brdNjDg= SigV4 ECDHE-RSA-AES128-GCM-SHA256 AuthHeader profile-23886-deplosite.co.s3.ap-south-1.amazonaws.com TLSv1.2 -
926edd7fc352944e00136403e5cafe7fe3695d10e37130b83db9dca05882ea4f profile-23886-deplosite.co [21/Mar/2022:14:20:01 +0000] 43.247.159.8 926edd7fc352944e00136403e5cafe7fe3695d10e37130b83db9dca05882ea4f VD7F23MFC04JQZBY REST.GET.BUCKETVERSIONS - "GET /?versions&max-keys=1&encoding-type=url HTTP/1.1" 200 - 671 - 65 64 "-" "S3Console/0.4, aws-internal/3 aws-sdk-java/1.11.1030 Linux/5.4.181-109.354.amzn2int.x86_64 OpenJDK_64-Bit_Server_VM/25.302-b08 java/1.8.0_302 vendor/Oracle_Corporation cfg/retry-mode/standard" - PbMImHmLr76JHl9uawVUMvix7me/yQ4lhCbdc6rhLP2/i4HfzfJjrZtIgvcS20tAxvtWpzwWuFc= SigV4 ECDHE-RSA-AES128-GCM-SHA256 AuthHeader profile-23886-deplosite.co.s3.ap-south-1.amazonaws.com TLSv1.2 -

926edd7fc352944e00136403e5cafe7fe3695d10e37130b83db9dca05882ea4f profile-23886-deplosite.co [21/Mar/2022:14:39:20 +0000] 54.177.82.29 - B6YQVK019BYHJD9V WEBSITE.GET.OBJECT index.html "GET / HTTP/1.1" 200 - 11143 11143 63 62 "-" "Mozilla/5.0 (X11; Linux x86_64) AppleWebKit/537.36 (KHTML, like Gecko) Chrome/91.0.4469.0 Safari/537.36" - PdiJIyQEVI4v5JJ6oCcuHE/ev53CDTS8WjGm97a7FeSzB8y17l7Aqium6KWn3pgti6o1OqzA/AY= - - - profile-23886-deplosite.co.s3-website.ap-south-1.amazonaws.com - -

926edd7fc352944e00136403e5cafe7fe3695d10e37130b83db9dca05882ea4f profile-23886-deplosite.co [21/Mar/2022:14:20:05 +0000] 43.247.159.8 926edd7fc352944e00136403e5cafe7fe3695d10e37130b83db9dca05882ea4f 33W0YZ2EA3CG755P REST.GET.VERSIONING - "GET /profile-23886-deplosite.co?versioning= HTTP/1.1" 200 - 113 - 16 - "-" "S3Console/0.4, aws-internal/3 aws-sdk-java/1.11.1030 Linux/5.4.181-109.354.amzn2int.x86_64 OpenJDK_64-Bit_Server_VM/25.302-b08 java/1.8.0_302 vendor/Oracle_Corporation cfg/retry-mode/standard" - 33rVucFwtXK7d5b31mrZbbzHxjIB3fwGbhjHhdO2qLDEXI5GD/ebzTjCFsWZgjfEiUjuVyfdJRA= SigV4 ECDHE-RSA-AES128-GCM-SHA256 AuthHeader s3.ap-south-1.amazonaws.com TLSv1.2 -

926edd7fc352944e00136403e5cafe7fe3695d10e37130b83db9dca05882ea4f profile-23886-deplosite.co [21/Mar/2022:14:44:20 +0000] 43.247.159.8 926edd7fc352944e00136403e5cafe7fe3695d10e37130b83db9dca05882ea4f PGSJCS1NKHCWEY5Q REST.HEAD.BUCKET - "HEAD /profile-23886-deplosite.co HTTP/1.1" 200 - - - 15 14 "-" "S3Console/0.4, aws-internal/3 aws-sdk-java/1.11.1030 Linux/5.4.181-109.354.amzn2int.x86_64 OpenJDK_64-Bit_Server_VM/25.302-b08 java/1.8.0_302 vendor/Oracle_Corporation cfg/retry-mode/standard" - ZlOuAofuUTGSLoQDr3D+r+RRAfTlyeImbK/Im2YuJt7xiBnYGfxnxtjUj8a1ETGk6eImnev4FsM= SigV4 ECDHE-RSA-AES128-GCM-SHA256 AuthHeader s3.ap-south-1.amazonaws.com TLSv1.2 -

926edd7fc352944e00136403e5cafe7fe3695d10e37130b83db9dca05882ea4f profile-23886-deplosite.co [21/Mar/2022:14:19:54 +0000] 43.247.159.8 926edd7fc352944e00136403e5cafe7fe3695d10e37130b83db9dca05882ea4f H4X8DHDCQ3VRXJGM REST.HEAD.BUCKET - "HEAD /profile-23886-deplosite.co HTTP/1.1" 200 - - - 14 14 "-" "S3Console/0.4, aws-internal/3 aws-sdk-java/1.11.1030 Linux/5.4.181-109.354.amzn2int.x86_64 OpenJDK_64-Bit_Server_VM/25.302-b08 java/1.8.0_302 vendor/Oracle_Corporation cfg/retry-mode/standard" - qe4siYdeftiV31goxyNZNxVChmkXyZa/5RAsotQZ77SAxuadpdRJEwh+h0IGzOYxQqKEC7/X+y3qL0B13KYndw== SigV4 ECDHE-RSA-AES128-GCM-SHA256 AuthHeader s3.ap-south-1.amazonaws.com TLSv1.2 -

926edd7fc352944e00136403e5cafe7fe3695d10e37130b83db9dca05882ea4f profile-23886-deplosite.co [21/Mar/2022:14:20:05 +0000] 43.247.159.8 926edd7fc352944e00136403e5cafe7fe3695d10e37130b83db9dca05882ea4f 33W5ZX6J8ZWHT39Y REST.GET.OBJECT_LOCK_CONFIGURATION - "GET /profile-23886-deplosite.co?object-lock= HTTP/1.1" 404 ObjectLockConfigurationNotFoundError 361 - 16 - "-" "S3Console/0.4, aws-internal/3 aws-sdk-java/1.11.1030 Linux/5.4.181-109.354.amzn2int.x86_64 OpenJDK_64-Bit_Server_VM/25.302-b08 java/1.8.0_302 vendor/Oracle_Corporation cfg/retry-mode/standard" - n26GVYiB5fFxj2gz8briLVAqQ7X1VKylvbLEYmKzn0jORAHT73QYbzFTLN2KioIVyOG+Lih/GNY= SigV4 ECDHE-RSA-AES128-GCM-SHA256 AuthHeader s3.ap-south-1.amazonaws.com TLSv1.2 -

926edd7fc352944e00136403e5cafe7fe3695d10e37130b83db9dca05882ea4f profile-23886-deplosite.co [21/Mar/2022:14:20:05 +0000] 43.247.159.8 926edd7fc352944e00136403e5cafe7fe3695d10e37130b83db9dca05882ea4f 33W8X0BSAJ1C1NDC REST.GET.INTELLIGENT_TIERING - "GET /profile-23886-deplosite.co?intelligent-tiering= HTTP/1.1" 200 - 169 - 44 - "-" "S3Console/0.4, aws-internal/3 aws-sdk-java/1.11.1030 Linux/5.4.181-109.354.amzn2int.x86_64 OpenJDK_64-Bit_Server_VM/25.302-b08 java/1.8.0_302 vendor/Oracle_Corporation cfg/retry-mode/standard" - Ij0KbwH/cgKc3GRv4/4+Gp07JvtaYGJT2eJywR1hgtnOPSd+C8f0XdgvPvHE25qdofzjCBB4aHI= SigV4 ECDHE-RSA-AES128-GCM-SHA256 AuthHeader s3.ap-south-1.amazonaws.com TLSv1.2 -

926edd7fc352944e00136403e5cafe7fe3695d10e37130b83db9dca05882ea4f profile-23886-deplosite.co [21/Mar/2022:14:44:05 +0000] 43.247.159.8 926edd7fc352944e00136403e5cafe7fe3695d10e37130b83db9dca05882ea4f QVZ19G2SRSCMZC8B REST.HEAD.BUCKET - "HEAD /profile-23886-deplosite.co HTTP/1.1" 200 - - - 13 13 "-" "S3Console/0.4, aws-internal/3 aws-sdk-java/1.11.1030 Linux/5.4.181-109.354.amzn2int.x86_64 OpenJDK_64-Bit_Server_VM/25.302-b08 java/1.8.0_302 vendor/Oracle_Corporation cfg/retry-mode/standard" - 64BxaoxEDVZtpN6YAHN86qQWx7iLUpHRJHGWB4GXfYTOy4wkFw9H8xgVhmX2OmCltSO9rtJmQKE= SigV4 ECDHE-RSA-AES128-GCM-SHA256 AuthHeader s3.ap-south-1.amazonaws.com TLSv1.2 -

926edd7fc352944e00136403e5cafe7fe3695d10e37130b83db9dca05882ea4f profile-23886-deplosite.co [21/Mar/2022:14:20:09 +0000] 43.247.159.8 - PRK9TFWVHVTXTRTZ WEBSITE.GET.OBJECT index.html "GET / HTTP/1.1" 200 - 11143 11143 31 30 "-" "Mozilla/5.0 (Windows NT 10.0; Win64; x64) AppleWebKit/537.36 (KHTML, like Gecko) Chrome/99.0.4844.74 Safari/537.36 Edg/99.0.1150.46" - GcSKh7u0guY1uAXl9EMsXAnozCNcISFT+wMp+FQG+sCSDCI+LOCuIrnVo9wGUT5Lju234fdAsEA= - - - profile-23886-deplosite.co.s3-website.ap-south-1.amazonaws.com - -
926edd7fc352944e00136403e5cafe7fe3695d10e37130b83db9dca05882ea4f profile-23886-deplosite.co [21/Mar/2022:14:20:10 +0000] 43.247.159.8 - QF0W20RZCTKQ6R4S WEBSITE.GET.OBJECT favicon.ico "GET /favicon.ico HTTP/1.1" 404 NoSuchKey 11143 11143 22 21 "http://profile-23886-deplosite.co.s3-website.ap-south-1.amazonaws.com/" "Mozilla/5.0 (Windows NT 10.0; Win64; x64) AppleWebKit/537.36 (KHTML, like Gecko) Chrome/99.0.4844.74 Safari/537.36 Edg/99.0.1150.46" - qq7RcOSPUyE9YNiL9xabr7eo7ENQfZr2MhYPr6wHiacICZ7AejM+R4kteIoP/FG0fkGPzKsGGXg= - - - profile-23886-deplosite.co.s3-website.ap-south-1.amazonaws.com - -

926edd7fc352944e00136403e5cafe7fe3695d10e37130b83db9dca05882ea4f profile-23886-deplosite.co [21/Mar/2022:14:20:05 +0000] 43.247.159.8 926edd7fc352944e00136403e5cafe7fe3695d10e37130b83db9dca05882ea4f 33WCV52N5GD849YP REST.GET.NOTIFICATION - "GET /profile-23886-deplosite.co?notification= HTTP/1.1" 200 - 115 - 10 - "-" "S3Console/0.4, aws-internal/3 aws-sdk-java/1.11.1030 Linux/5.4.181-109.354.amzn2int.x86_64 OpenJDK_64-Bit_Server_VM/25.302-b08 java/1.8.0_302 vendor/Oracle_Corporation cfg/retry-mode/standard" - v/XzyURA0ROXK/kL7iCfq8EgDCA1/gpseqUDB/1CzfTEtcXSBuVgWckKe930DwAbIzBCzwBwNZ4= SigV4 ECDHE-RSA-AES128-GCM-SHA256 AuthHeader s3.ap-south-1.amazonaws.com TLSv1.2 -

926edd7fc352944e00136403e5cafe7fe3695d10e37130b83db9dca05882ea4f profile-23886-deplosite.co [21/Mar/2022:14:39:29 +0000] 43.247.159.8 - MFAXTKNMZ3Z8AG6X WEBSITE.GET.OBJECT index.html "GET / HTTP/1.1" 304 - - 11143 20 - "http://127.0.0.1:5000/" "Mozilla/5.0 (Windows NT 10.0; Win64; x64) AppleWebKit/537.36 (KHTML, like Gecko) Chrome/99.0.4844.74 Safari/537.36 Edg/99.0.1150.46" - euMD/onFd1f2CKfgsYOa9ym4afm91BhCNs9DaQ2i6ipQuhg+bL/LBv/oTCq7lGNCoWJ6sIjUpiQ= - - - profile-23886-deplosite.co.s3-website.ap-south-1.amazonaws.com - -

926edd7fc352944e00136403e5cafe7fe3695d10e37130b83db9dca05882ea4f profile-23886-deplosite.co [21/Mar/2022:14:19:54 +0000] 43.247.159.8 926edd7fc352944e00136403e5cafe7fe3695d10e37130b83db9dca05882ea4f H4X0GCDB405105PE REST.GET.POLICY_STATUS - "GET /?policyStatus HTTP/1.1" 200 - 141 - 9 - "-" "S3Console/0.4, aws-internal/3 aws-sdk-java/1.11.1030 Linux/5.4.181-109.354.amzn2int.x86_64 OpenJDK_64-Bit_Server_VM/25.302-b08 java/1.8.0_302 vendor/Oracle_Corporation cfg/retry-mode/standard" - lAFUbxm45DVaomBFSOSZIpxYO7afY0HA53F0b+ScQUvvn8YDBDlC1IlybmVSZUOMdQRrf+iTZY4= SigV4 ECDHE-RSA-AES128-GCM-SHA256 AuthHeader profile-23886-deplosite.co.s3.ap-south-1.amazonaws.com TLSv1.2 -
926edd7fc352944e00136403e5cafe7fe3695d10e37130b83db9dca05882ea4f profile-23886-deplosite.co [21/Mar/2022:14:19:54 +0000] 43.247.159.8 926edd7fc352944e00136403e5cafe7fe3695d10e37130b83db9dca05882ea4f H4X17KPKRJSDMPN5 REST.GET.ACL - "GET /?acl HTTP/1.1" 200 - 480 - 5 - "-" "S3Console/0.4, aws-internal/3 aws-sdk-java/1.11.1030 Linux/5.4.181-109.354.amzn2int.x86_64 OpenJDK_64-Bit_Server_VM/25.302-b08 java/1.8.0_302 vendor/Oracle_Corporation cfg/retry-mode/standard" - Fm768XfNcxCpzOlzxwDFyHUG3UIWTUKbRip7UQIlto5/DQaMR/YuvXZkTO7NSB31dPWFesabgUY= SigV4 ECDHE-RSA-AES128-GCM-SHA256 AuthHeader profile-23886-deplosite.co.s3.ap-south-1.amazonaws.com TLSv1.2 -
926edd7fc352944e00136403e5cafe7fe3695d10e37130b83db9dca05882ea4f profile-23886-deplosite.co [21/Mar/2022:14:19:54 +0000] 43.247.159.8 926edd7fc352944e00136403e5cafe7fe3695d10e37130b83db9dca05882ea4f H4X5PJAD7AA8VXMN REST.GET.PUBLIC_ACCESS_BLOCK - "GET /?publicAccessBlock HTTP/1.1" 404 NoSuchPublicAccessBlockConfiguration 356 - 15 - "-" "S3Console/0.4, aws-internal/3 aws-sdk-java/1.11.1030 Linux/5.4.181-109.354.amzn2int.x86_64 OpenJDK_64-Bit_Server_VM/25.302-b08 java/1.8.0_302 vendor/Oracle_Corporation cfg/retry-mode/standard" - BuKNAFxaKiukqcKMwBx90OU+Yb9xzioYycYd1TBsQNxkBdUs+IDHY9oxReEhn7P8mCXzmKjLu9w= SigV4 ECDHE-RSA-AES128-GCM-SHA256 AuthHeader profile-23886-deplosite.co.s3.ap-south-1.amazonaws.com TLSv1.2 -

926edd7fc352944e00136403e5cafe7fe3695d10e37130b83db9dca05882ea4f profile-23886-deplosite.co [21/Mar/2022:14:20:01 +0000] 43.247.159.8 926edd7fc352944e00136403e5cafe7fe3695d10e37130b83db9dca05882ea4f VD7EJD4YJARRB0WX REST.GET.VERSIONING - "GET /profile-23886-deplosite.co?versioning= HTTP/1.1" 200 - 113 - 19 - "-" "S3Console/0.4, aws-internal/3 aws-sdk-java/1.11.1030 Linux/5.4.181-109.354.amzn2int.x86_64 OpenJDK_64-Bit_Server_VM/25.302-b08 java/1.8.0_302 vendor/Oracle_Corporation cfg/retry-mode/standard" - /jU/Wo8jU9znULP7KXNhDHC2h3uGlpWaAErjYzSGYh87UGBw+PN0+NvQwFmHPROvwO6n77Go8RI= SigV4 ECDHE-RSA-AES128-GCM-SHA256 AuthHeader s3.ap-south-1.amazonaws.com TLSv1.2 -

926edd7fc352944e00136403e5cafe7fe3695d10e37130b83db9dca05882ea4f profile-23886-deplosite.co [21/Mar/2022:14:20:05 +0000] 43.247.159.8 926edd7fc352944e00136403e5cafe7fe3695d10e37130b83db9dca05882ea4f 33W3NPW1NB3J9VY8 REST.GET.ENCRYPTION - "GET /profile-23886-deplosite.co?encryption= HTTP/1.1" 404 ServerSideEncryptionConfigurationNotFoundError 369 - 14 - "-" "S3Console/0.4, aws-internal/3 aws-sdk-java/1.11.1030 Linux/5.4.181-109.354.amzn2int.x86_64 OpenJDK_64-Bit_Server_VM/25.302-b08 java/1.8.0_302 vendor/Oracle_Corporation cfg/retry-mode/standard" - qXYQ2vB3EY7Z8wLVuyEAkZ+8NFSSok617BVemws/weLqX5n/GkmO7eWK3XLmFzke6Rfu54DCEt0= SigV4 ECDHE-RSA-AES128-GCM-SHA256 AuthHeader s3.ap-south-1.amazonaws.com TLSv1.2 -

926edd7fc352944e00136403e5cafe7fe3695d10e37130b83db9dca05882ea4f profile-23886-deplosite.co [21/Mar/2022:14:16:42 +0000] 223.186.38.235 arn:aws:iam::144670637354:user/pulkit 38FMKC9YP8SN3BZ8 REST.PUT.LOGGING_STATUS - "PUT /profile-23886-deplosite.co?logging HTTP/1.1" 200 - - - 419 - "-" "Boto3/1.21.18 Python/3.10.2 Windows/10 Botocore/1.24.18 Resource" - PpK/RNXRVYS2bpw22ab/F7mgQlbt6+WSRcXKodSXlao37jjRIXU473e5zG+Yj9Xrla0O+mPYIfI= SigV4 ECDHE-RSA-AES128-GCM-SHA256 AuthHeader s3.ap-south-1.amazonaws.com TLSv1.2 -

926edd7fc352944e00136403e5cafe7fe3695d10e37130b83db9dca05882ea4f profile-23886-deplosite.co [21/Mar/2022:14:44:20 +0000] 43.247.159.8 926edd7fc352944e00136403e5cafe7fe3695d10e37130b83db9dca05882ea4f PGSTP78GYCHRTRWZ REST.GET.PUBLIC_ACCESS_BLOCK - "GET /?publicAccessBlock HTTP/1.1" 404 NoSuchPublicAccessBlockConfiguration 356 - 13 - "-" "S3Console/0.4, aws-internal/3 aws-sdk-java/1.11.1030 Linux/5.4.181-109.354.amzn2int.x86_64 OpenJDK_64-Bit_Server_VM/25.302-b08 java/1.8.0_302 vendor/Oracle_Corporation cfg/retry-mode/standard" - UpL+oH+/sJ0IA9EOimZP/1J2JOtsw1FGPe25hL1709AQ7aLIL0Bx6MUzcV+N0wYoobgNOX37Pac= SigV4 ECDHE-RSA-AES128-GCM-SHA256 AuthHeader profile-23886-deplosite.co.s3.ap-south-1.amazonaws.com TLSv1.2 -
926edd7fc352944e00136403e5cafe7fe3695d10e37130b83db9dca05882ea4f profile-23886-deplosite.co [21/Mar/2022:14:44:20 +0000] 43.247.159.8 926edd7fc352944e00136403e5cafe7fe3695d10e37130b83db9dca05882ea4f PGSWFJZ143PN519H REST.GET.ACL - "GET /?acl HTTP/1.1" 200 - 480 - 6 - "-" "S3Console/0.4, aws-internal/3 aws-sdk-java/1.11.1030 Linux/5.4.181-109.354.amzn2int.x86_64 OpenJDK_64-Bit_Server_VM/25.302-b08 java/1.8.0_302 vendor/Oracle_Corporation cfg/retry-mode/standard" - yMsc6YkgltwNlDZyipdHisyPHLWI2VaUe8xqrA5zlaIGaETt/JR/Mqc5897nxOenQLOPIoceUKg= SigV4 ECDHE-RSA-AES128-GCM-SHA256 AuthHeader profile-23886-deplosite.co.s3.ap-south-1.amazonaws.com TLSv1.2 -
926edd7fc352944e00136403e5cafe7fe3695d10e37130b83db9dca05882ea4f profile-23886-deplosite.co [21/Mar/2022:14:44:20 +0000] 43.247.159.8 926edd7fc352944e00136403e5cafe7fe3695d10e37130b83db9dca05882ea4f PGSWNY4C75R3WWBK REST.GET.POLICY_STATUS - "GET /?policyStatus HTTP/1.1" 200 - 141 - 12 - "-" "S3Console/0.4, aws-internal/3 aws-sdk-java/1.11.1030 Linux/5.4.181-109.354.amzn2int.x86_64 OpenJDK_64-Bit_Server_VM/25.302-b08 java/1.8.0_302 vendor/Oracle_Corporation cfg/retry-mode/standard" - 7f/he3uBOyWz/tZ9ixmp3ueNjpv4t+679Awbi0m5CMh33SvhOphgSCG63lLh+3xfO06MUZmlIIQ= SigV4 ECDHE-RSA-AES128-GCM-SHA256 AuthHeader profile-23886-deplosite.co.s3.ap-south-1.amazonaws.com TLSv1.2 -

926edd7fc352944e00136403e5cafe7fe3695d10e37130b83db9dca05882ea4f profile-23886-deplosite.co [21/Mar/2022:14:20:01 +0000] 43.247.159.8 926edd7fc352944e00136403e5cafe7fe3695d10e37130b83db9dca05882ea4f VD70F13ZHZ5V0KE0 REST.GET.OWNERSHIP_CONTROLS - "GET /profile-23886-deplosite.co?ownershipControls= HTTP/1.1" 404 OwnershipControlsNotFoundError 304 - 78 77 "-" "S3Console/0.4, aws-internal/3 aws-sdk-java/1.11.1030 Linux/5.4.181-109.354.amzn2int.x86_64 OpenJDK_64-Bit_Server_VM/25.302-b08 java/1.8.0_302 vendor/Oracle_Corporation cfg/retry-mode/standard" - tD4SFGbM7qjKGozYDSiD9ckZ7sU+f2BwR6NMz0Yegr3507DDNRNs7YXiBrRHmpH7wslgzr6Uy5A= SigV4 ECDHE-RSA-AES128-GCM-SHA256 AuthHeader s3.ap-south-1.amazonaws.com TLSv1.2 -

926edd7fc352944e00136403e5cafe7fe3695d10e37130b83db9dca05882ea4f profile-23886-deplosite.co [21/Mar/2022:14:20:05 +0000] 43.247.159.8 926edd7fc352944e00136403e5cafe7fe3695d10e37130b83db9dca05882ea4f 33W3QCJK14Z0VF01 REST.GET.TAGGING - "GET /profile-23886-deplosite.co?tagging= HTTP/1.1" 404 NoSuchTagSet 306 - 30 - "-" "S3Console/0.4, aws-internal/3 aws-sdk-java/1.11.1030 Linux/5.4.181-109.354.amzn2int.x86_64 OpenJDK_64-Bit_Server_VM/25.302-b08 java/1.8.0_302 vendor/Oracle_Corporation cfg/retry-mode/standard" - e6JIG1LOsCuS/r8M9CF7v6nRMkOxYqtwmhEKkCGHHV8mYEJXpZ8JnY7GEi1qesajZsbl7hDvbzE= SigV4 ECDHE-RSA-AES128-GCM-SHA256 AuthHeader s3.ap-south-1.amazonaws.com TLSv1.2 -

926edd7fc352944e00136403e5cafe7fe3695d10e37130b83db9dca05882ea4f profile-23886-deplosite.co [21/Mar/2022:14:20:05 +0000] 43.247.159.8 926edd7fc352944e00136403e5cafe7fe3695d10e37130b83db9dca05882ea4f 33WF1V1X42Y5N7H7 REST.GET.LOGGING_STATUS - "GET /profile-23886-deplosite.co?logging= HTTP/1.1" 200 - 265 - 16 - "-" "S3Console/0.4, aws-internal/3 aws-sdk-java/1.11.1030 Linux/5.4.181-109.354.amzn2int.x86_64 OpenJDK_64-Bit_Server_VM/25.302-b08 java/1.8.0_302 vendor/Oracle_Corporation cfg/retry-mode/standard" - 8T3wf3deABoq8KxR3aOpXANgXedRAzuFkDKyRPxTO9vWS8NU7g8SXuk1GQpiMDLh2tYRFQHo5yM= SigV4 ECDHE-RSA-AES128-GCM-SHA256 AuthHeader s3.ap-south-1.amazonaws.com TLSv1.2 -

926edd7fc352944e00136403e5cafe7fe3695d10e37130b83db9dca05882ea4f profile-23886-deplosite.co [21/Mar/2022:14:44:06 +0000] 43.247.159.8 926edd7fc352944e00136403e5cafe7fe3695d10e37130b83db9dca05882ea4f XGE80WQP1J231F95 REST.GET.POLICY_STATUS - "GET /?policyStatus HTTP/1.1" 200 - 141 - 8 - "-" "S3Console/0.4, aws-internal/3 aws-sdk-java/1.11.1030 Linux/5.4.181-109.354.amzn2int.x86_64 OpenJDK_64-Bit_Server_VM/25.302-b08 java/1.8.0_302 vendor/Oracle_Corporation cfg/retry-mode/standard" - u6emj1S1hJjRDR7fFcSmfqK55ExzTDDCnkNpp9WJJjlzr4NjaJA0SuksTlmyHXiHJmwHB93vO9w= SigV4 ECDHE-RSA-AES128-GCM-SHA256 AuthHeader profile-23886-deplosite.co.s3.ap-south-1.amazonaws.com TLSv1.2 -
926edd7fc352944e00136403e5cafe7fe3695d10e37130b83db9dca05882ea4f profile-23886-deplosite.co [21/Mar/2022:14:44:06 +0000] 43.247.159.8 926edd7fc352944e00136403e5cafe7fe3695d10e37130b83db9dca05882ea4f XGEC9TY081W2224A REST.GET.PUBLIC_ACCESS_BLOCK - "GET /?publicAccessBlock HTTP/1.1" 404 NoSuchPublicAccessBlockConfiguration 356 - 17 - "-" "S3Console/0.4, aws-internal/3 aws-sdk-java/1.11.1030 Linux/5.4.181-109.354.amzn2int.x86_64 OpenJDK_64-Bit_Server_VM/25.302-b08 java/1.8.0_302 vendor/Oracle_Corporation cfg/retry-mode/standard" - SBkxg/kUkOgvATMiMOTfSoAxazluaoIo9rXFUoK45gO9jqiCV+z6j9dWe6Yobdfwqw5KMKWKLGo= SigV4 ECDHE-RSA-AES128-GCM-SHA256 AuthHeader profile-23886-deplosite.co.s3.ap-south-1.amazonaws.com TLSv1.2 -
926edd7fc352944e00136403e5cafe7fe3695d10e37130b83db9dca05882ea4f profile-23886-deplosite.co [21/Mar/2022:14:44:06 +0000] 43.247.159.8 926edd7fc352944e00136403e5cafe7fe3695d10e37130b83db9dca05882ea4f XGEFFM7QGGWH2KMZ REST.GET.ACL - "GET /?acl HTTP/1.1" 200 - 480 - 5 - "-" "S3Console/0.4, aws-internal/3 aws-sdk-java/1.11.1030 Linux/5.4.181-109.354.amzn2int.x86_64 OpenJDK_64-Bit_Server_VM/25.302-b08 java/1.8.0_302 vendor/Oracle_Corporation cfg/retry-mode/standard" - wIHC7Gkv5opc3he9UTAUCEd0NOzC/z0tb9vJsoQzxEF5PD20wIj7uSCgKG4gU1wLNauoVTjyWi8= SigV4 ECDHE-RSA-AES128-GCM-SHA256 AuthHeader profile-23886-deplosite.co.s3.ap-south-1.amazonaws.com TLSv1.2 -

926edd7fc352944e00136403e5cafe7fe3695d10e37130b83db9dca05882ea4f profile-23886-deplosite.co [21/Mar/2022:14:20:05 +0000] 43.247.159.8 926edd7fc352944e00136403e5cafe7fe3695d10e37130b83db9dca05882ea4f 33W5CA8JJQYF3FFE REST.GET.ACCELERATE - "GET /profile-23886-deplosite.co?accelerate= HTTP/1.1" 200 - 113 - 17 - "-" "S3Console/0.4, aws-internal/3 aws-sdk-java/1.11.1030 Linux/5.4.181-109.354.amzn2int.x86_64 OpenJDK_64-Bit_Server_VM/25.302-b08 java/1.8.0_302 vendor/Oracle_Corporation cfg/retry-mode/standard" - HBkmqu71nsAjfiCYcJFCtzm77gwU2I9QbhariJpe25y23TorVPS5Pkxq4SSsgjrQtTSkPx4NP/w= SigV4 ECDHE-RSA-AES128-GCM-SHA256 AuthHeader s3.ap-south-1.amazonaws.com TLSv1.2 -
926edd7fc352944e00136403e5cafe7fe3695d10e37130b83db9dca05882ea4f profile-23886-deplosite.co [21/Mar/2022:14:20:05 +0000] 43.247.159.8 926edd7fc352944e00136403e5cafe7fe3695d10e37130b83db9dca05882ea4f 33W7HGRD77TKYB6Y REST.GET.WEBSITE - "GET /profile-23886-deplosite.co?website= HTTP/1.1" 200 - 242 - 12 9 "-" "S3Console/0.4, aws-internal/3 aws-sdk-java/1.11.1030 Linux/5.4.181-109.354.amzn2int.x86_64 OpenJDK_64-Bit_Server_VM/25.302-b08 java/1.8.0_302 vendor/Oracle_Corporation cfg/retry-mode/standard" - DOZOcv/gAiy/F9bQ62OZR5w12BqAcRTcA0PyNSDmnG2g0XWaEcOacwEe9DPkH0NG6rdmeRkDyPY= SigV4 ECDHE-RSA-AES128-GCM-SHA256 AuthHeader s3.ap-south-1.amazonaws.com TLSv1.2 -

926edd7fc352944e00136403e5cafe7fe3695d10e37130b83db9dca05882ea4f profile-23886-deplosite.co [22/Mar/2022:06:34:30 +0000] 43.247.159.8 926edd7fc352944e00136403e5cafe7fe3695d10e37130b83db9dca05882ea4f E7PKRKXFJ09RWFM8 REST.GET.PUBLIC_ACCESS_BLOCK - "GET /?publicAccessBlock HTTP/1.1" 404 NoSuchPublicAccessBlockConfiguration 356 - 14 - "-" "S3Console/0.4, aws-internal/3 aws-sdk-java/1.11.1030 Linux/5.4.181-109.354.amzn2int.x86_64 OpenJDK_64-Bit_Server_VM/25.302-b08 java/1.8.0_302 vendor/Oracle_Corporation cfg/retry-mode/standard" - zv6WmFVV13XYg3Am5j9+m+FZlOIQFN1ewhlvsX3BOXo6aIpzu5qtwM7m1viTxXg1nwGxNNgoPkY= SigV4 ECDHE-RSA-AES128-GCM-SHA256 AuthHeader profile-23886-deplosite.co.s3.ap-south-1.amazonaws.com TLSv1.2 -
926edd7fc352944e00136403e5cafe7fe3695d10e37130b83db9dca05882ea4f profile-23886-deplosite.co [22/Mar/2022:06:34:31 +0000] 43.247.159.8 926edd7fc352944e00136403e5cafe7fe3695d10e37130b83db9dca05882ea4f QMP9B3YBPHXC3GZA REST.GET.ACL - "GET /?acl HTTP/1.1" 200 - 480 - 4 - "-" "S3Console/0.4, aws-internal/3 aws-sdk-java/1.11.1030 Linux/5.4.181-109.354.amzn2int.x86_64 OpenJDK_64-Bit_Server_VM/25.302-b08 java/1.8.0_302 vendor/Oracle_Corporation cfg/retry-mode/standard" - UnwaMGD8/k8ytj/WAZlL4tzwma0zKpv0LOyE+YOe9xeMIsAcuJgRwnfOS0bwZfznOG8vYg9lu6Q= SigV4 ECDHE-RSA-AES128-GCM-SHA256 AuthHeader profile-23886-deplosite.co.s3.ap-south-1.amazonaws.com TLSv1.2 -
926edd7fc352944e00136403e5cafe7fe3695d10e37130b83db9dca05882ea4f profile-23886-deplosite.co [22/Mar/2022:06:34:31 +0000] 43.247.159.8 926edd7fc352944e00136403e5cafe7fe3695d10e37130b83db9dca05882ea4f QMPBJ46Z5682CJAA REST.GET.POLICY_STATUS - "GET /?policyStatus HTTP/1.1" 200 - 141 - 4 - "-" "S3Console/0.4, aws-internal/3 aws-sdk-java/1.11.1030 Linux/5.4.181-109.354.amzn2int.x86_64 OpenJDK_64-Bit_Server_VM/25.302-b08 java/1.8.0_302 vendor/Oracle_Corporation cfg/retry-mode/standard" - Vph4opRrd/V376qiEfWBpXQ2JD47T2JjY7gjkTmPR+UtEmUoJ5d6/9tXd67pX/bTV9UC2Wglt0s= SigV4 ECDHE-RSA-AES128-GCM-SHA256 AuthHeader profile-23886-deplosite.co.s3.ap-south-1.amazonaws.com TLSv1.2 -

926edd7fc352944e00136403e5cafe7fe3695d10e37130b83db9dca05882ea4f profile-23886-deplosite.co [22/Mar/2022:06:34:30 +0000] 43.247.159.8 926edd7fc352944e00136403e5cafe7fe3695d10e37130b83db9dca05882ea4f E7PHTXJX2YK91TJB REST.HEAD.BUCKET - "HEAD /profile-23886-deplosite.co HTTP/1.1" 200 - - - 19 17 "-" "S3Console/0.4, aws-internal/3 aws-sdk-java/1.11.1030 Linux/5.4.181-109.354.amzn2int.x86_64 OpenJDK_64-Bit_Server_VM/25.302-b08 java/1.8.0_302 vendor/Oracle_Corporation cfg/retry-mode/standard" - Lv6vUW3dIuMyxjHUJcj06S0WfPWvD01tB4Disk4Q6DAMtbmbO6nbBUQZ8exyQ4f8qCsLl8dyWoA= SigV4 ECDHE-RSA-AES128-GCM-SHA256 AuthHeader s3.ap-south-1.amazonaws.com TLSv1.2 -

926edd7fc352944e00136403e5cafe7fe3695d10e37130b83db9dca05882ea4f profile-23886-deplosite.co [23/Mar/2022:06:14:37 +0000] 43.247.159.8 926edd7fc352944e00136403e5cafe7fe3695d10e37130b83db9dca05882ea4f CC02Y1P6PZYZFPVC REST.GET.POLICY_STATUS - "GET /?policyStatus HTTP/1.1" 200 - 141 - 5 - "-" "S3Console/0.4, aws-internal/3 aws-sdk-java/1.11.1030 Linux/5.4.181-109.354.amzn2int.x86_64 OpenJDK_64-Bit_Server_VM/25.302-b08 java/1.8.0_302 vendor/Oracle_Corporation cfg/retry-mode/standard" - Kvjl/vzqwp4mAG/MoTjgg4KH3zWs3yVtOs92bWeoTFfjTkYZ/0zADbrZfzoEKkz/yERCY36qtFM= SigV4 ECDHE-RSA-AES128-GCM-SHA256 AuthHeader profile-23886-deplosite.co.s3.ap-south-1.amazonaws.com TLSv1.2 -
926edd7fc352944e00136403e5cafe7fe3695d10e37130b83db9dca05882ea4f profile-23886-deplosite.co [23/Mar/2022:06:14:37 +0000] 43.247.159.8 926edd7fc352944e00136403e5cafe7fe3695d10e37130b83db9dca05882ea4f CC055FKZMAG9AAYA REST.GET.PUBLIC_ACCESS_BLOCK - "GET /?publicAccessBlock HTTP/1.1" 404 NoSuchPublicAccessBlockConfiguration 356 - 12 - "-" "S3Console/0.4, aws-internal/3 aws-sdk-java/1.11.1030 Linux/5.4.181-109.354.amzn2int.x86_64 OpenJDK_64-Bit_Server_VM/25.302-b08 java/1.8.0_302 vendor/Oracle_Corporation cfg/retry-mode/standard" - YdOSBzzwC6GkQKhLTeaITO2q/6Xja0hPA//bx4cXsR5WfZg6Zi/Bz/O4xxRstza085hNYnSogGE= SigV4 ECDHE-RSA-AES128-GCM-SHA256 AuthHeader profile-23886-deplosite.co.s3.ap-south-1.amazonaws.com TLSv1.2 -
926edd7fc352944e00136403e5cafe7fe3695d10e37130b83db9dca05882ea4f profile-23886-deplosite.co [23/Mar/2022:06:14:37 +0000] 43.247.159.8 926edd7fc352944e00136403e5cafe7fe3695d10e37130b83db9dca05882ea4f CC0FMC3YCKGSCX1N REST.GET.ACL - "GET /?acl HTTP/1.1" 200 - 480 - 8 - "-" "S3Console/0.4, aws-internal/3 aws-sdk-java/1.11.1030 Linux/5.4.181-109.354.amzn2int.x86_64 OpenJDK_64-Bit_Server_VM/25.302-b08 java/1.8.0_302 vendor/Oracle_Corporation cfg/retry-mode/standard" - pWHepwD6yUjIcxdIENa+KB+8SztdxJ4LQIojVmERBxJmcd6EI8JDPofCXuFJUE1MMh0D3/fQxbc= SigV4 ECDHE-RSA-AES128-GCM-SHA256 AuthHeader profile-23886-deplosite.co.s3.ap-south-1.amazonaws.com TLSv1.2 -

926edd7fc352944e00136403e5cafe7fe3695d10e37130b83db9dca05882ea4f profile-23886-deplosite.co [23/Mar/2022:06:14:37 +0000] 43.247.159.8 926edd7fc352944e00136403e5cafe7fe3695d10e37130b83db9dca05882ea4f CC07PDNBAT1CB125 REST.HEAD.BUCKET - "HEAD /profile-23886-deplosite.co HTTP/1.1" 200 - - - 16 15 "-" "S3Console/0.4, aws-internal/3 aws-sdk-java/1.11.1030 Linux/5.4.181-109.354.amzn2int.x86_64 OpenJDK_64-Bit_Server_VM/25.302-b08 java/1.8.0_302 vendor/Oracle_Corporation cfg/retry-mode/standard" - mEzSX0EtHP/sD0rvOHqqQ6EwmLpXzkn3+Vhh586w7hvUb0S/tCcZ0oIXrn7LlgVGZTUtWPpGqsFsHEy9/JzS7g== SigV4 ECDHE-RSA-AES128-GCM-SHA256 AuthHeader s3.ap-south-1.amazonaws.com TLSv1.2 -

926edd7fc352944e00136403e5cafe7fe3695d10e37130b83db9dca05882ea4f profile-23886-deplosite.co [24/Mar/2022:19:37:46 +0000] 43.247.159.8 926edd7fc352944e00136403e5cafe7fe3695d10e37130b83db9dca05882ea4f JM3GNHFPCHZBFSHP REST.GET.PUBLIC_ACCESS_BLOCK - "GET /?publicAccessBlock HTTP/1.1" 404 NoSuchPublicAccessBlockConfiguration 356 - 14 - "-" "S3Console/0.4, aws-internal/3 aws-sdk-java/1.11.1030 Linux/5.4.181-109.354.amzn2int.x86_64 OpenJDK_64-Bit_Server_VM/25.302-b08 java/1.8.0_302 vendor/Oracle_Corporation cfg/retry-mode/standard" - vRmXli9hKsdD18Wx7Apeo/ahF9+1sscm0kSouEttKlqHxDCUd6q1IyW3i4IzUaKPC35LmYrJorY= SigV4 ECDHE-RSA-AES128-GCM-SHA256 AuthHeader profile-23886-deplosite.co.s3.ap-south-1.amazonaws.com TLSv1.2 -
926edd7fc352944e00136403e5cafe7fe3695d10e37130b83db9dca05882ea4f profile-23886-deplosite.co [24/Mar/2022:19:37:46 +0000] 43.247.159.8 926edd7fc352944e00136403e5cafe7fe3695d10e37130b83db9dca05882ea4f JM3MB381AC3MT3BN REST.GET.POLICY_STATUS - "GET /?policyStatus HTTP/1.1" 200 - 141 - 11 - "-" "S3Console/0.4, aws-internal/3 aws-sdk-java/1.11.1030 Linux/5.4.181-109.354.amzn2int.x86_64 OpenJDK_64-Bit_Server_VM/25.302-b08 java/1.8.0_302 vendor/Oracle_Corporation cfg/retry-mode/standard" - 6Qo5xYyHvDIz7xsodUaxqpHXOaEIbfIdtBTg8i+LLmKx9wPFHRu0T4ynY+vO1Dpap+aCBXe3Q8E= SigV4 ECDHE-RSA-AES128-GCM-SHA256 AuthHeader profile-23886-deplosite.co.s3.ap-south-1.amazonaws.com TLSv1.2 -
926edd7fc352944e00136403e5cafe7fe3695d10e37130b83db9dca05882ea4f profile-23886-deplosite.co [24/Mar/2022:19:37:46 +0000] 43.247.159.8 926edd7fc352944e00136403e5cafe7fe3695d10e37130b83db9dca05882ea4f JM3TK8V16V6AQEWT REST.GET.ACL - "GET /?acl HTTP/1.1" 200 - 480 - 7 - "-" "S3Console/0.4, aws-internal/3 aws-sdk-java/1.11.1030 Linux/5.4.181-109.354.amzn2int.x86_64 OpenJDK_64-Bit_Server_VM/25.302-b08 java/1.8.0_302 vendor/Oracle_Corporation cfg/retry-mode/standard" - DQVE/g6ukh6+/7l/kgO05qyNnElFahAsMV1enOX1b+e/x6m7P3U7Qfcdy1SuS5Bam0FW1it9Gg8= SigV4 ECDHE-RSA-AES128-GCM-SHA256 AuthHeader profile-23886-deplosite.co.s3.ap-south-1.amazonaws.com TLSv1.2 -

926edd7fc352944e00136403e5cafe7fe3695d10e37130b83db9dca05882ea4f profile-23886-deplosite.co [24/Mar/2022:19:37:46 +0000] 43.247.159.8 926edd7fc352944e00136403e5cafe7fe3695d10e37130b83db9dca05882ea4f JM3VN6TVKEY430HV REST.HEAD.BUCKET - "HEAD /profile-23886-deplosite.co HTTP/1.1" 200 - - - 23 22 "-" "S3Console/0.4, aws-internal/3 aws-sdk-java/1.11.1030 Linux/5.4.181-109.354.amzn2int.x86_64 OpenJDK_64-Bit_Server_VM/25.302-b08 java/1.8.0_302 vendor/Oracle_Corporation cfg/retry-mode/standard" - 9YuK1FtBk7wsN1YIWNTkPzAEkbWGqD3wLUaq8EuMvqp+gSUL9SX5EF6fJVoCAVHl7NaPOqquStw= SigV4 ECDHE-RSA-AES128-GCM-SHA256 AuthHeader s3.ap-south-1.amazonaws.com TLSv1.2 -

926edd7fc352944e00136403e5cafe7fe3695d10e37130b83db9dca05882ea4f profile-23886-deplosite.co [24/Mar/2022:19:37:46 +0000] 43.247.159.8 926edd7fc352944e00136403e5cafe7fe3695d10e37130b83db9dca05882ea4f JM3VN6TVKEY430HV REST.HEAD.BUCKET - "HEAD /profile-23886-deplosite.co HTTP/1.1" 200 - - - 23 22 "-" "S3Console/0.4, aws-internal/3 aws-sdk-java/1.11.1030 Linux/5.4.181-109.354.amzn2int.x86_64 OpenJDK_64-Bit_Server_VM/25.302-b08 java/1.8.0_302 vendor/Oracle_Corporation cfg/retry-mode/standard" - 9YuK1FtBk7wsN1YIWNTkPzAEkbWGqD3wLUaq8EuMvqp+gSUL9SX5EF6fJVoCAVHl7NaPOqquStw= SigV4 ECDHE-RSA-AES128-GCM-SHA256 AuthHeader s3.ap-south-1.amazonaws.com TLSv1.2 -

926edd7fc352944e00136403e5cafe7fe3695d10e37130b83db9dca05882ea4f profile-23886-deplosite.co [24/Mar/2022:20:10:29 +0000] 43.247.159.8 926edd7fc352944e00136403e5cafe7fe3695d10e37130b83db9dca05882ea4f MD955TT3Z29B3K9A REST.GET.PUBLIC_ACCESS_BLOCK - "GET /?publicAccessBlock HTTP/1.1" 404 NoSuchPublicAccessBlockConfiguration 356 - 19 - "-" "S3Console/0.4, aws-internal/3 aws-sdk-java/1.11.1030 Linux/5.4.181-109.354.amzn2int.x86_64 OpenJDK_64-Bit_Server_VM/25.302-b08 java/1.8.0_302 vendor/Oracle_Corporation cfg/retry-mode/standard" - acEejq5wTmjv4ZBC3v0Vo/BKqpDovyF2XiF/mJhn8j1M9+RhCr2kM8hXhMHuubrpL93JoO1DFTg= SigV4 ECDHE-RSA-AES128-GCM-SHA256 AuthHeader profile-23886-deplosite.co.s3.ap-south-1.amazonaws.com TLSv1.2 -
926edd7fc352944e00136403e5cafe7fe3695d10e37130b83db9dca05882ea4f profile-23886-deplosite.co [24/Mar/2022:20:10:29 +0000] 43.247.159.8 926edd7fc352944e00136403e5cafe7fe3695d10e37130b83db9dca05882ea4f MD9C32FXDRY76KW5 REST.GET.POLICY_STATUS - "GET /?policyStatus HTTP/1.1" 200 - 141 - 4 - "-" "S3Console/0.4, aws-internal/3 aws-sdk-java/1.11.1030 Linux/5.4.181-109.354.amzn2int.x86_64 OpenJDK_64-Bit_Server_VM/25.302-b08 java/1.8.0_302 vendor/Oracle_Corporation cfg/retry-mode/standard" - DUYpOiC3T+TYbz6k4XvG7YhPtipIyJyBj63ZBnEcm3jG/NBpnZMqVMcCSoLkGfwwGE8POUCTadg= SigV4 ECDHE-RSA-AES128-GCM-SHA256 AuthHeader profile-23886-deplosite.co.s3.ap-south-1.amazonaws.com TLSv1.2 -
926edd7fc352944e00136403e5cafe7fe3695d10e37130b83db9dca05882ea4f profile-23886-deplosite.co [24/Mar/2022:20:10:29 +0000] 43.247.159.8 926edd7fc352944e00136403e5cafe7fe3695d10e37130b83db9dca05882ea4f MD9DH8N13Z1MQKFK REST.GET.ACL - "GET /?acl HTTP/1.1" 200 - 480 - 6 - "-" "S3Console/0.4, aws-internal/3 aws-sdk-java/1.11.1030 Linux/5.4.181-109.354.amzn2int.x86_64 OpenJDK_64-Bit_Server_VM/25.302-b08 java/1.8.0_302 vendor/Oracle_Corporation cfg/retry-mode/standard" - LmYWDWp1mvlHbs/V1qGi366q/tLDI4kZ1YvXj+InA+LcAEcRbHANuCy1mJdTOA60R0+BPZDKE8g= SigV4 ECDHE-RSA-AES128-GCM-SHA256 AuthHeader profile-23886-deplosite.co.s3.ap-south-1.amazonaws.com TLSv1.2 -

926edd7fc352944e00136403e5cafe7fe3695d10e37130b83db9dca05882ea4f profile-23886-deplosite.co [24/Mar/2022:20:59:33 +0000] 43.247.159.8 926edd7fc352944e00136403e5cafe7fe3695d10e37130b83db9dca05882ea4f ST943S395KN4DFY0 REST.GET.PUBLIC_ACCESS_BLOCK - "GET /?publicAccessBlock HTTP/1.1" 404 NoSuchPublicAccessBlockConfiguration 356 - 13 - "-" "S3Console/0.4, aws-internal/3 aws-sdk-java/1.11.1030 Linux/5.4.181-109.354.amzn2int.x86_64 OpenJDK_64-Bit_Server_VM/25.302-b08 java/1.8.0_302 vendor/Oracle_Corporation cfg/retry-mode/standard" - 30vDHgGGXBbYCzgRUaZY1ZMh/K403DopbuvdJOP3kvdb+gUryPPlLQ9tIG7mi3IAv4UDX/PT2Lo= SigV4 ECDHE-RSA-AES128-GCM-SHA256 AuthHeader profile-23886-deplosite.co.s3.ap-south-1.amazonaws.com TLSv1.2 -
926edd7fc352944e00136403e5cafe7fe3695d10e37130b83db9dca05882ea4f profile-23886-deplosite.co [24/Mar/2022:20:59:33 +0000] 43.247.159.8 926edd7fc352944e00136403e5cafe7fe3695d10e37130b83db9dca05882ea4f ST94FFD135VXHD5N REST.GET.ACL - "GET /?acl HTTP/1.1" 200 - 480 - 5 - "-" "S3Console/0.4, aws-internal/3 aws-sdk-java/1.11.1030 Linux/5.4.181-109.354.amzn2int.x86_64 OpenJDK_64-Bit_Server_VM/25.302-b08 java/1.8.0_302 vendor/Oracle_Corporation cfg/retry-mode/standard" - nyayn0Vx839MgPjBHu/PzlyrDQeGht0IR9bofmxOpASp8ZDvY5IFbulNP5DvAE0KalSq8bI9xFk= SigV4 ECDHE-RSA-AES128-GCM-SHA256 AuthHeader profile-23886-deplosite.co.s3.ap-south-1.amazonaws.com TLSv1.2 -
926edd7fc352944e00136403e5cafe7fe3695d10e37130b83db9dca05882ea4f profile-23886-deplosite.co [24/Mar/2022:20:59:33 +0000] 43.247.159.8 926edd7fc352944e00136403e5cafe7fe3695d10e37130b83db9dca05882ea4f ST9DP59KWB43SQVH REST.GET.POLICY_STATUS - "GET /?policyStatus HTTP/1.1" 200 - 141 - 9 - "-" "S3Console/0.4, aws-internal/3 aws-sdk-java/1.11.1030 Linux/5.4.181-109.354.amzn2int.x86_64 OpenJDK_64-Bit_Server_VM/25.302-b08 java/1.8.0_302 vendor/Oracle_Corporation cfg/retry-mode/standard" - c1i1Z7jA1HHrlirRQfHQm5yUYvLWuiqvqJLNGd75Wdaaq7z6qGekWZm7vhXd573MO5sGIdOc5hE= SigV4 ECDHE-RSA-AES128-GCM-SHA256 AuthHeader profile-23886-deplosite.co.s3.ap-south-1.amazonaws.com TLSv1.2 -

926edd7fc352944e00136403e5cafe7fe3695d10e37130b83db9dca05882ea4f profile-23886-deplosite.co [24/Mar/2022:20:10:29 +0000] 43.247.159.8 926edd7fc352944e00136403e5cafe7fe3695d10e37130b83db9dca05882ea4f MD91S6JJRV9PCQTX REST.HEAD.BUCKET - "HEAD /profile-23886-deplosite.co HTTP/1.1" 200 - - - 30 29 "-" "S3Console/0.4, aws-internal/3 aws-sdk-java/1.11.1030 Linux/5.4.181-109.354.amzn2int.x86_64 OpenJDK_64-Bit_Server_VM/25.302-b08 java/1.8.0_302 vendor/Oracle_Corporation cfg/retry-mode/standard" - ThJJuARSOweBeoSQRasU2K4ugqyREhxOzeHNNOB553zsNA/RDq0BgCbV4ZWM1kRXsZiaCDkwcQw= SigV4 ECDHE-RSA-AES128-GCM-SHA256 AuthHeader s3.ap-south-1.amazonaws.com TLSv1.2 -

926edd7fc352944e00136403e5cafe7fe3695d10e37130b83db9dca05882ea4f profile-23886-deplosite.co [24/Mar/2022:20:59:34 +0000] 43.247.159.8 926edd7fc352944e00136403e5cafe7fe3695d10e37130b83db9dca05882ea4f HPJCZN7FD06TH2MK REST.GET.ACL - "GET /?acl HTTP/1.1" 200 - 480 - 11 - "-" "S3Console/0.4, aws-internal/3 aws-sdk-java/1.11.1030 Linux/5.4.181-109.354.amzn2int.x86_64 OpenJDK_64-Bit_Server_VM/25.302-b08 java/1.8.0_302 vendor/Oracle_Corporation cfg/retry-mode/standard" - ChFUEWj0l9Jh5QH6ODZWa40oXTl23NPblpjzTWMeR/hfCJWGvVbsX1jVdB1LVfxgj6FC3bFa3qo= SigV4 ECDHE-RSA-AES128-GCM-SHA256 AuthHeader profile-23886-deplosite.co.s3.ap-south-1.amazonaws.com TLSv1.2 -
926edd7fc352944e00136403e5cafe7fe3695d10e37130b83db9dca05882ea4f profile-23886-deplosite.co [24/Mar/2022:20:59:34 +0000] 43.247.159.8 926edd7fc352944e00136403e5cafe7fe3695d10e37130b83db9dca05882ea4f HPJE4FS357SR12N4 REST.GET.POLICY_STATUS - "GET /?policyStatus HTTP/1.1" 200 - 141 - 11 - "-" "S3Console/0.4, aws-internal/3 aws-sdk-java/1.11.1030 Linux/5.4.181-109.354.amzn2int.x86_64 OpenJDK_64-Bit_Server_VM/25.302-b08 java/1.8.0_302 vendor/Oracle_Corporation cfg/retry-mode/standard" - 5uiLKxQWgZFd0ebtyn7TCrylrurgQ8c7bSq8IFl/5j+DmZzrs1vJwADSmc3zbCw73P7GBAKKr3k= SigV4 ECDHE-RSA-AES128-GCM-SHA256 AuthHeader profile-23886-deplosite.co.s3.ap-south-1.amazonaws.com TLSv1.2 -
926edd7fc352944e00136403e5cafe7fe3695d10e37130b83db9dca05882ea4f profile-23886-deplosite.co [24/Mar/2022:20:59:34 +0000] 43.247.159.8 926edd7fc352944e00136403e5cafe7fe3695d10e37130b83db9dca05882ea4f HPJF6XGG1NWT6GGX REST.GET.PUBLIC_ACCESS_BLOCK - "GET /?publicAccessBlock HTTP/1.1" 404 NoSuchPublicAccessBlockConfiguration 356 - 14 - "-" "S3Console/0.4, aws-internal/3 aws-sdk-java/1.11.1030 Linux/5.4.181-109.354.amzn2int.x86_64 OpenJDK_64-Bit_Server_VM/25.302-b08 java/1.8.0_302 vendor/Oracle_Corporation cfg/retry-mode/standard" - enoi+KZfu3TJcm/dr8EdpSKgXxrBsKY6LyFYC1egjNfZR6UVGreIMn11v6q8VcpEm5bmt31mCms= SigV4 ECDHE-RSA-AES128-GCM-SHA256 AuthHeader profile-23886-deplosite.co.s3.ap-south-1.amazonaws.com TLSv1.2 -

926edd7fc352944e00136403e5cafe7fe3695d10e37130b83db9dca05882ea4f profile-23886-deplosite.co [24/Mar/2022:20:59:33 +0000] 43.247.159.8 926edd7fc352944e00136403e5cafe7fe3695d10e37130b83db9dca05882ea4f ST9A61BPVQEDMW1X REST.HEAD.BUCKET - "HEAD /profile-23886-deplosite.co HTTP/1.1" 200 - - - 17 16 "-" "S3Console/0.4, aws-internal/3 aws-sdk-java/1.11.1030 Linux/5.4.181-109.354.amzn2int.x86_64 OpenJDK_64-Bit_Server_VM/25.302-b08 java/1.8.0_302 vendor/Oracle_Corporation cfg/retry-mode/standard" - SjusqGbzjoc/VEX2JiVKqLH3SmVkdNQAFhER4+tiGXfiQ/WYucsJLeSijxQBoUU6SDHa4QdnTd0= SigV4 ECDHE-RSA-AES128-GCM-SHA256 AuthHeader s3.ap-south-1.amazonaws.com TLSv1.2 -

926edd7fc352944e00136403e5cafe7fe3695d10e37130b83db9dca05882ea4f profile-23886-deplosite.co [25/Mar/2022:12:01:42 +0000] 43.247.159.8 926edd7fc352944e00136403e5cafe7fe3695d10e37130b83db9dca05882ea4f P03W54W8H0NTTJH9 REST.HEAD.BUCKET - "HEAD /profile-23886-deplosite.co HTTP/1.1" 200 - - - 16 16 "-" "S3Console/0.4, aws-internal/3 aws-sdk-java/1.11.1030 Linux/5.4.181-109.354.amzn2int.x86_64 OpenJDK_64-Bit_Server_VM/25.302-b08 java/1.8.0_302 vendor/Oracle_Corporation cfg/retry-mode/standard" - tBX2mbikvrchy3OVmfDEQhZ1+IX541OpY7efPiO7P6sOCGzKc339LDv0/4BPXF/k3OBo6OrqNqk= SigV4 ECDHE-RSA-AES128-GCM-SHA256 AuthHeader s3.ap-south-1.amazonaws.com TLSv1.2 -

926edd7fc352944e00136403e5cafe7fe3695d10e37130b83db9dca05882ea4f profile-23886-deplosite.co [25/Mar/2022:12:01:42 +0000] 43.247.159.8 926edd7fc352944e00136403e5cafe7fe3695d10e37130b83db9dca05882ea4f P03STKSPKA0C5907 REST.GET.ACL - "GET /?acl HTTP/1.1" 200 - 480 - 4 - "-" "S3Console/0.4, aws-internal/3 aws-sdk-java/1.11.1030 Linux/5.4.181-109.354.amzn2int.x86_64 OpenJDK_64-Bit_Server_VM/25.302-b08 java/1.8.0_302 vendor/Oracle_Corporation cfg/retry-mode/standard" - D/V6s7Ed44kEe7QvdLMntvbaAi9wLu7psoKNokO4KX9VNGFOcqkWxf69ADhQAfOBK4bHWHTPXek= SigV4 ECDHE-RSA-AES128-GCM-SHA256 AuthHeader profile-23886-deplosite.co.s3.ap-south-1.amazonaws.com TLSv1.2 -
926edd7fc352944e00136403e5cafe7fe3695d10e37130b83db9dca05882ea4f profile-23886-deplosite.co [25/Mar/2022:12:01:42 +0000] 43.247.159.8 926edd7fc352944e00136403e5cafe7fe3695d10e37130b83db9dca05882ea4f P03W5JQF8PJP2TVQ REST.GET.PUBLIC_ACCESS_BLOCK - "GET /?publicAccessBlock HTTP/1.1" 404 NoSuchPublicAccessBlockConfiguration 356 - 14 - "-" "S3Console/0.4, aws-internal/3 aws-sdk-java/1.11.1030 Linux/5.4.181-109.354.amzn2int.x86_64 OpenJDK_64-Bit_Server_VM/25.302-b08 java/1.8.0_302 vendor/Oracle_Corporation cfg/retry-mode/standard" - qlsxqzOgpXC04mf4Ou+hQP60ciBUcmNKbkLTwB7WhOzk4V1L3RRa0r6IAduTwcSI+ah5MsaZOOU= SigV4 ECDHE-RSA-AES128-GCM-SHA256 AuthHeader profile-23886-deplosite.co.s3.ap-south-1.amazonaws.com TLSv1.2 -
926edd7fc352944e00136403e5cafe7fe3695d10e37130b83db9dca05882ea4f profile-23886-deplosite.co [25/Mar/2022:12:01:42 +0000] 43.247.159.8 926edd7fc352944e00136403e5cafe7fe3695d10e37130b83db9dca05882ea4f P03WK9PZDENVFVN5 REST.GET.POLICY_STATUS - "GET /?policyStatus HTTP/1.1" 200 - 141 - 6 - "-" "S3Console/0.4, aws-internal/3 aws-sdk-java/1.11.1030 Linux/5.4.181-109.354.amzn2int.x86_64 OpenJDK_64-Bit_Server_VM/25.302-b08 java/1.8.0_302 vendor/Oracle_Corporation cfg/retry-mode/standard" - QetGGrZpXNzZ+iSPTc4YMNsb/3CoEFbd7HnkSg18f+orS8fiOgQPtBJV1wuSnzmwzRbRfB5Xb8g= SigV4 ECDHE-RSA-AES128-GCM-SHA256 AuthHeader profile-23886-deplosite.co.s3.ap-south-1.amazonaws.com TLSv1.2 -

